idx,rA,rB,n,d
265,0.005802325716551379,0.0016967625744948906,14,-0.004105563142056488
266,-0.012390784860407858,-0.0033233936030841044,16,0.009067391257323754
267,0.008061644123342204,0.002591593438239187,17,-0.0054700506851030175
268,0.014849155925324627,0.001112987330678136,22,-0.013736168594646492
269,-0.003599849881256425,0.002286693067159029,25,0.005886542948415454
270,-0.006962686425116671,-0.0026476977112096702,29,0.004314988713907001
271,0.012795263798833422,0.003098305844490042,30,-0.009696957954343381
272,0.004029341291321015,0.0021381316458340613,32,-0.0018912096454869534
273,-0.0035806595833475473,0.00014699049611966233,32,0.0037276500794672096
274,-0.002800269101002421,-0.004362279976014751,34,-0.00156201087501233
275,0.010837346416123371,0.006700040311202464,39,-0.004137306104920907
276,-0.0006631207098762523,-0.003056065248503295,43,-0.0023929445386270424
277,0.000644460633906229,-0.0028523215018934145,43,-0.0034967821357996436
278,-0.02098127885190208,-0.011980178876733515,43,0.009001099975168564
279,-0.006021713621522879,-0.005361388358785068,49,0.0006603252627378105
280,0.008290445257882546,0.0044866412586444995,53,-0.003803803999238046
281,1.3049098956706797e-05,0.0004605250899769436,55,0.00044747599102023676
282,-0.0019563129265274463,-0.0005099887812602571,55,0.0014463241452671893
283,0.006031029812515438,0.0008555257134969762,57,-0.005175504099018462
284,-0.007505486887565738,-0.002269714799733509,61,0.005235772087832229
285,-0.002294774675184368,-0.002529763828329758,64,-0.00023498915314539015
286,-0.001257879764481195,-0.0008417466498150656,68,0.0004161331146661295
287,-0.0020956744521856124,-0.0017766244291682134,70,0.00031905002301739894
288,0.002878569944448035,0.0032129568499781815,75,0.0003343869055301464
289,0.0034646180972865044,0.004042234745992441,77,0.0005776166487059366
290,-0.00030395470361967907,-0.00040905650252059657,78,-0.0001051017989009175
291,0.000655550118186713,5.736596785143301e-05,78,-0.00059818415033528
292,-0.0009105134847692012,0.0005281993373533801,79,0.0014387128221225814
293,-0.001973410101574695,-0.0021447839147985858,80,-0.00017137381322389084
294,-0.0008441200416392697,-0.0003663848185654519,79,0.0004777352230738178
295,-0.00140192525533362,-3.995066023136704e-05,79,0.001361974595102253
296,-0.010980865433503111,-0.0064417604604865685,79,0.004539104973016543
297,-0.00013923266992347573,-0.00013165214341918268,79,7.58052650429305e-06
298,-0.007092970006333317,-0.004257477950690767,80,0.00283549205564255
299,0.006024659780018718,0.00294204785116752,78,-0.003082611928851198
300,0.0007766308805163318,0.0018417574914078969,79,0.0010651266108915652
301,0.0044938484823047,0.003031037925727142,77,-0.0014628105565775576
302,0.0008962585903741735,8.289781343238879e-05,77,-0.0008133607769417847
303,0.0014615879638162647,0.001540640197066855,76,7.905223325059031e-05
304,0.0019595872244498923,0.0003192305595147571,77,-0.001640356664935135
305,0.0002264348918291918,0.00048127168831688365,75,0.00025483679648769187
306,0.006919711112480212,0.0051147977118058295,73,-0.0018049134006743826
307,-0.004606752640701767,-0.0056247909974537595,73,-0.0010180383567519923
308,0.004456787784970871,0.0028250437829366428,68,-0.001631744002034228
309,-8.243178003551327e-05,-0.00043273887923342327,66,-0.00035030709919791
310,-0.005840241304495525,-0.0021178877507031834,62,0.0037223535537923413
311,0.002181426446239284,0.0017147536214977119,61,-0.00046667282474157214
312,0.005494875798069295,0.003717499394827879,59,-0.0017773764032414162
313,-0.00019743893243281916,6.548355363197819e-05,59,0.00026292248606479737
314,0.003084887871924653,-0.0001896743164896887,58,-0.0032745621884143414
315,-6.14992812457295e-05,0.0007936544333420311,53,0.0008551537145877606
316,0.0017226251030426653,0.002158454832041878,49,0.00043582972899921255
317,-0.004078955146637439,-0.003282455432574762,49,0.0007964997140626766
318,0.0005516449705855986,0.0021533141663594656,50,0.0016016691957738672
319,-0.003998720125656331,-0.002722310611224183,45,0.0012764095144321475
320,0.004889881750735451,0.0011344665166443497,42,-0.0037554152340911013
321,-0.0039060818761405256,-0.0010762127656988242,42,0.0028298691104417014
322,-0.006938416248500316,-0.00423289905945978,43,0.002705517189040536
323,-0.006938615332597862,-0.004754387306882533,42,0.002184228025715329
324,0.0070585341250287295,0.003640783307388658,41,-0.0034177508176400717
325,0.009213655427295806,0.0040531554898028425,38,-0.005160499937492963
326,-0.0041531001050096475,-0.0036956324198818237,38,0.00045746768512782386
327,-0.0020337267851362113,0.0004519300608777921,40,0.0024856568460140034
328,-0.009953682344430913,-0.003433501826457842,44,0.006520180517973071
329,0.003946517364431242,0.0004929236080087781,43,-0.003453593756422464
330,-0.001746588500655517,-0.000823358419738842,43,0.0009232300809166749
331,-0.0032783550301577783,-0.002525058418630278,46,0.0007532966115275002
332,-0.0039778305361315314,-0.0025044483346140026,55,0.0014733822015175289
333,-0.010795422331783926,-0.004305260001844298,61,0.0064901623299396275
334,0.003308292981905808,0.0008856479040046529,65,-0.0024226450779011553
335,-0.0007998286763043586,-0.0007593863191335533,65,4.044235717080532e-05
336,0.007742612987712987,0.004761472545129855,67,-0.0029811404425831318
337,-0.0017734441291449767,-0.0006825019472460426,71,0.001090942181898934
338,0.008033830585477615,0.004342806270893145,75,-0.00369102431458447
339,0.002075156307637816,0.000177535846546021,76,-0.0018976204610917952
340,-0.0003287938646403678,0.0004914494703414227,76,0.0008202433349817906
341,-0.0008137140561856087,-0.0005224272330527549,81,0.00029128682313285374
342,0.0020183555818367254,0.0021146250379707543,83,9.626945613402894e-05
343,-0.0040315443450434215,-0.002403145068898475,84,0.0016283992761449467
344,0.006608696782423061,0.001887556176180102,87,-0.004721140606242959
345,-0.00025603937749719513,-0.00017275252587820695,84,8.328685161898818e-05
346,0.0057041085129665,0.0022891458144100106,84,-0.0034149626985564897
347,-0.0001949321873499565,-0.00016507622529405666,84,2.9855962055899834e-05
348,0.0007425383514215036,-0.0006822161999504389,86,-0.0014247545513719425
349,0.0025477973207814896,0.0031632261536868435,85,0.000615428832905354
350,0.0019138125895115281,0.0006792542216385373,85,-0.001234558367872991
351,-0.013074887472653831,-0.007981212330787966,85,0.005093675141865865
352,0.009743012872265708,0.006315517877960186,85,-0.003427494994305522
353,8.30792152227351e-05,0.0015005530662949129,86,0.0014174738510721778
354,0.007914459461293445,0.0057458861062284735,85,-0.0021685733550649714
355,-0.0020949179049912794,-0.0016195281738309204,85,0.0004753897311603589
356,0.002221553790732623,0.0008892780928735251,85,-0.0013322756978590977
357,-0.0016138976928502407,-0.0003739760527453591,85,0.0012399216401048816
358,0.0015830534391886731,0.0015184170292135359,84,-6.463640997513725e-05
359,-0.004215775701092565,-0.0025128521537480355,83,0.0017029235473445294
360,-0.0036168226919983102,-0.0011097530991142092,82,0.002507069592884101
361,0.005702685712786133,0.004487525419669938,81,-0.0012151602931161952
362,0.0005705189011300457,-0.0005949019640676264,81,-0.001165420865197672
363,0.0013652252387367457,0.0011383236608806903,81,-0.00022690157785605538
364,0.004313224178136382,0.0016988516364133592,79,-0.0026143725417230234
365,-0.000841914550108727,0.0008417574193366048,79,0.0016836719694453318
366,0.00802983168268824,0.0048525914053585695,75,-0.003177240277329671
367,0.00013532108801591095,0.0011451965971700862,75,0.0010098755091541753
368,-0.0021149968135362775,-0.0014720917442022743,66,0.0006429050693340032
369,-0.0007537470631216536,-0.0012703007213078403,65,-0.0005165536581861868
370,0.0074759748592099304,0.003775492691244442,66,-0.0037004821679654885
371,-0.0016572785016220858,-0.0022539881871708935,64,-0.0005967096855488078
372,0.001156196982153918,0.0002964510278234185,54,-0.0008597459543304995
373,-0.004643601304909746,-0.003374395922971878,47,0.0012692053819378679
374,0.015433958763252263,0.009156304391628465,43,-0.006277654371623798
375,0.005823886935861147,0.0024421252055180946,44,-0.003381761730343052
376,-0.006357882513715914,-0.0036497278421112377,43,0.0027081546716046763
377,-0.0010314956260802437,-0.00043933705430146197,39,0.0005921585717787818
378,0.0036775986715575073,0.0015942380292193832,33,-0.002083360642338124
379,0.0022331135770322454,0.0031982236752302867,30,0.0009651100981980412
380,-0.0032728275919376992,-0.004251124309810729,29,-0.0009782967178730301
381,0.004677507925750155,-0.001833636818695239,25,-0.006511144744445394
382,0.010431793236468971,0.0054871074512960255,23,-0.004944685785172946
383,-0.0034135413971907347,-0.0033581756121449746,22,5.53657850457601e-05
384,-0.0006406845191551781,0.003880193360958394,18,0.004520877880113572
385,0.002316669102843579,0.004894885268206867,18,0.002578216165363288
386,0.002395954641527274,0.0015375174654838823,19,-0.0008584371760433918
387,-0.0052616245801106725,-0.0024316451342638193,19,0.002829979445846853
388,0.007496550882388159,0.001045647139198987,18,-0.0064509037431891725
389,0.0007572950638639457,0.0001641862800674041,22,-0.0005931087837965415
390,-0.0032446225341987633,-0.0024301028592644707,28,0.0008145196749342926
391,0.003855069164605124,-0.0008275939532665428,36,-0.0046826631178716665
392,-0.0003344299548640989,0.0009711694967710904,40,0.0013055994516351893
393,0.006154121810188137,0.002512035021181891,40,-0.0036420867890062463
394,-0.004512949778363042,-0.0030677192121186434,42,0.0014452305662443986
395,0.007777652355664666,0.0005976012458492842,51,-0.007180051109815381
396,0.0027846904995159237,0.0007126675008688318,68,-0.002072022998647092
397,0.00342963205781353,-0.0009256116810452891,76,-0.00435524373885882
398,0.00036847203276650273,0.0004082982740156853,79,3.9826241249182545e-05
399,-0.006410276993484303,-0.003728107062426582,85,0.002682169931057721
400,-0.00522286040734167,-0.0020096825020729184,89,0.0032131779052687517
401,-0.001961250445831966,0.00024690465097206276,91,0.0022081550968040286
402,0.0014263921271209545,0.002504692203430184,93,0.0010783000763092295
403,-0.00636244387016592,-0.0024362092149122078,93,0.003926234655253712
404,0.0012591290013137099,-0.00024871871224131675,94,-0.0015078477135550266
405,0.0057101505794824115,0.0016714756246234478,95,-0.0040386749548589635
406,-0.0013991199064923082,-0.0004838141055326238,97,0.0009153058009596844
407,0.0028709648172199247,0.000424064104729044,94,-0.0024469007124908806
408,-0.003493761300702953,-0.0015540972659487647,95,0.0019396640347541885
409,0.002985371440242702,0.0015943566691329692,95,-0.0013910147711097326
410,-0.004819466750239426,-0.0027078556420572744,95,0.0021116111081821514
411,-0.0023996091496784923,-0.0016386435474886711,96,0.0007609656021898212
412,0.008220062430676934,0.0036048685964677695,96,-0.004615193834209164
413,-0.0022954614950833085,-0.0013811019987227887,96,0.0009143594963605197
414,0.004464866800432004,0.002216910758702736,98,-0.0022479560417292682
415,0.0003062019394886119,-1.6356945262200396e-05,98,-0.0003225588847508123
416,-0.004642781297261627,-0.0012025683259696495,97,0.0034402129712919776
417,0.0015970099393586383,0.0014321562359781506,96,-0.0001648537033804877
418,0.004921920693028181,0.00531577639894613,96,0.00039385570591794934
419,0.0051316161008405185,0.004292556057163866,96,-0.0008390600436766526
420,-0.00013381013427782884,-0.0006518664953430396,96,-0.0005180563610652107
421,-0.007257229842937364,-0.005301170994104442,95,0.0019560588488329216
422,0.0017125756841563863,0.0013430505642424639,95,-0.00036952511991392243
423,0.00352719197820497,0.002752673160442891,95,-0.0007745188177620791
424,-0.0038466359148850346,-0.0010943799636706358,96,0.002752255951214399
425,0.00022593376239316124,0.000575591166934541,98,0.0003496574045413798
426,0.007110542939536249,0.0024013283462377194,98,-0.00470921459329853
427,-0.0035689543982134774,-0.0017042541841073807,97,0.0018647002141060967
428,-0.0019120088574063737,-0.0010883617944537603,96,0.0008236470629526134
429,-0.0017793537609337017,-0.001998259937089178,92,-0.00021890617615547632
430,0.007119697011859615,0.0040446125878012265,86,-0.0030750844240583887
431,-0.006275534892024243,-0.00048437977130653937,79,0.005791155120717703
432,-0.004356660364657001,-0.002724746628760161,76,0.00163191373589684
433,-0.0037059103501849667,-0.0007184437819641894,75,0.002987466568220777
434,-0.0017314982776747486,-0.0006264886164010308,75,0.0011050096612737178
435,0.008142264486123946,0.0019421435937409441,66,-0.0062001208923830025
436,0.006189418714419046,0.0032043697878515087,50,-0.0029850489265675372
437,0.00147218362973326,4.3904973196578255e-05,42,-0.0014282786565366818
438,0.0017445938302238135,0.00214288488412964,39,0.00039829105390582647
439,0.004699086019384154,0.0006801724512627479,34,-0.004018913568121406
440,0.006698249805768977,0.003043818266174327,31,-0.0036544315395946494
441,0.012190466077709641,0.008403271543115595,29,-0.003787194534594047
442,0.006474698200732158,0.003185917595178116,26,-0.0032887806055540425
443,-0.009608808032205434,-0.00832115667816744,25,0.0012876513540379941
444,0.0017303588666496195,0.00026382639099538976,25,-0.0014665324756542298
445,0.0027023008397282266,0.0035930543716338682,25,0.0008907535319056417
446,-0.0015683171909873551,0.000281637389229127,24,0.001849954580216482
447,-0.008712480139302424,-0.0036114251220518627,23,0.0051010550172505605
448,-0.0009730421888061321,0.0005628405136285122,22,0.0015358827024346444
449,0.0007737283734728011,0.0030344616978598042,23,0.0022607333243870034
450,0.001787748868411785,0.0016509553165162873,22,-0.0001367935518954977
451,-0.0018761245429259105,-7.708034008569908e-05,22,0.0017990442028402113
452,0.005888359147787128,0.002694168790396156,23,-0.0031941903573909722
453,0.002844873862612176,-0.001271984762659168,27,-0.004116858625271344
454,0.015031375429388686,0.003859707077890273,30,-0.011171668351498413
455,0.0015271112982834594,0.0012066635088694596,34,-0.00032044778941399984
456,0.0025058381178931833,0.0024580563189005706,38,-4.7781798992612735e-05
457,-0.0013376684053934451,0.0005362269846966234,39,0.0018738953900900685
458,-0.0021717545443848433,-0.003683767721194452,44,-0.0015120131768096086
459,-0.0047598011697356285,-0.0022298136906676903,53,0.002529987479067938
460,-0.0028565853691357884,-0.0005523712445162482,57,0.00230421412461954
461,0.01669769845392591,0.010640412828989353,62,-0.006057285624936558
462,-0.0032574809660671257,-0.0012199438542842538,64,0.002037537111782872
463,0.008545918124906054,0.005615798130719422,67,-0.0029301199941866316
464,0.00032864593109800666,-3.9045935373641094e-05,72,-0.00036769186647164775
465,-0.0010778051830547634,-0.002227731272019424,77,-0.0011499260889646606
466,0.006165736616132997,0.005348411476233885,82,-0.0008173251398991121
467,-0.008237725396036748,-0.006034146582474348,82,0.0022035788135624
468,0.004251086474707237,0.002386808097318152,85,-0.0018642783773890853
469,0.0020033291974027316,0.001605102817225797,89,-0.00039822638017693464
470,-0.00028249744452305356,-0.0015738930143597164,92,-0.0012913955698366628
471,0.00014342499555601313,0.000573584964832832,91,0.0004301599692768189
472,-0.0013883813704734572,0.00052994608236394,90,0.0019183274528373972
473,-0.0027409322220639265,-0.0019250453265454604,91,0.0008158868955184661
474,0.00902286769553766,0.007752937734690586,90,-0.001269929960847075
475,0.0028107414045197283,0.0006697139274227975,95,-0.0021410274770969307
476,0.0048508958369348695,0.0035426911125664234,97,-0.0013082047243684462
477,0.0031756257403333745,0.0020844206127998153,97,-0.0010912051275335593
478,-0.004440264751764914,-0.003151197538046401,99,0.0012890672137185135
479,-0.0011360687319697028,-0.0008735423917094193,98,0.0002625263402602835
480,-0.00842294495192006,-0.006895057679893795,97,0.0015278872720262647
481,0.009225980147390418,0.007314565611737134,96,-0.0019114145356532832
482,0.0110797348266087,0.009122030777844839,96,-0.001957704048763862
483,0.009919914938646758,0.006879100832126172,97,-0.003040814106520586
484,-0.004353839519055307,-0.0014937824998121178,96,0.0028600570192431896
485,0.0012544163882303265,0.0022886926228163837,95,0.0010342762345860572
486,0.002403361196637022,0.0013131396098106593,94,-0.0010902215868263626
487,-0.0004927495895968683,-0.002452985463559448,95,-0.0019602358739625797
488,0.0015485476115102055,0.0014689824223322254,96,-7.956518917798011e-05
489,0.004510103478054374,0.0039745880310255045,95,-0.00053551544702887
490,-0.0003084449456629779,0.0004024226107594897,95,0.0007108675564224676
491,-0.007461638281229251,-0.004241756981437073,94,0.003219881299792178
492,-0.0022309098820357796,-0.0032026094251379053,94,-0.0009716995431021257
493,-0.003862954084367512,-0.002377570628807252,92,0.0014853834555602604
494,0.0032633681665406073,0.0015198758779099702,87,-0.001743492288630637
495,-0.010260445635443547,-0.005932851059143171,85,0.004327594576300376
496,0.003560005756786952,0.00274259070491234,81,-0.000817415051874612
497,0.004265511166796583,0.0034988260465855167,80,-0.0007666851202110664
498,0.0027633848480263616,0.0016725682604289197,76,-0.001090816587597442
499,0.0025559143188452296,0.0017027748666545994,67,-0.0008531394521906301
500,-0.002826484818866678,-0.003193015743971135,63,-0.00036653092510445734
501,0.0038881578877179596,0.0015890432992283325,58,-0.0022991145884896274
502,0.004762227991729563,0.0028503315776369715,56,-0.0019118964140925915
503,-0.0012485742263989039,-0.00017183045719202535,54,0.0010767437692068785
504,-0.002142668482729602,0.0003962549571584322,48,0.002538923439888034
505,0.004913907672396769,0.0038260354214809935,41,-0.0010878722509157753
506,0.0036910687643752155,0.0023174054800998373,36,-0.0013736632842753782
507,0.0066768165771593085,0.002914603982833251,37,-0.0037622125943260576
508,0.005217586490846735,0.001221901653342376,34,-0.0039956848375043595
509,0.005037857759602462,0.0005279316668201093,31,-0.004509926092782353
510,-0.0037042671249166454,-0.0015764636767517048,30,0.0021278034481649406
511,-0.0007862536576510629,0.001297386754289435,30,0.0020836404119404977
512,-0.0006328543106723372,-0.0013995943118626693,30,-0.000766740001190332
513,-0.008969715566290054,-0.0038633369671235026,29,0.005106378599166551
514,0.0027730203641478774,0.0016506731758611306,28,-0.0011223471882867468
515,0.01712463706210823,0.006600981073096392,23,-0.010523655989011838
516,-0.0019968907869588512,-0.0016471519672402641,24,0.0003497388197185871
517,-0.0008226970221025769,-0.0038917150842343157,28,-0.0030690180621317387
518,0.01725119280225999,0.005698120538278737,26,-0.011553072263981253
519,-0.0015758869461742263,-0.0008681382162391148,31,0.0007077487299351115
520,0.01446279687479845,0.007457004151305881,37,-0.00700579272349257
521,-0.0069918102599472245,-0.0021607686037842127,47,0.004831041656163012
522,0.00041715400475917513,-0.00197237476257642,48,-0.002389528767335595
523,0.010621937037306038,0.0057122104763558754,49,-0.004909726560950163
524,-0.0064700792159124295,-0.003358108635428866,52,0.0031119705804835635
525,-0.004445756114385391,-0.005183459599234844,56,-0.0007377034848494524
526,0.003036183473439426,0.001428010042806906,68,-0.0016081734306325202
527,0.005438331525219263,0.006436998229837099,71,0.000998666704617836
528,-0.002680384797759126,-0.004013492093888,70,-0.001333107296128874
529,-0.0019677292497598258,0.00017232487522429786,73,0.0021400541249841235
530,-0.0032006755022306803,-0.004046531757104549,74,-0.0008458562548738688
531,-0.00020945136595550707,0.000758167619237266,81,0.000967618985192773
532,-0.007862111848875948,-0.005106584511998227,81,0.0027555273368777217
533,0.003765912762331723,0.0006052240326033566,79,-0.0031606887297283663
534,0.004091928015765721,0.0012312328302317994,81,-0.0028606951855339215
535,0.0009308088008123314,0.0005932489830543563,80,-0.000337559817757975
536,-0.001541684972613145,-0.0015075235913662877,83,3.416138124685722e-05
537,-0.00494322761833346,-0.0018225388456897555,84,0.003120688772643704
538,0.005052458829189916,0.001928131195403071,83,-0.0031243276337868447
539,0.0005029452930204577,0.00017943135938642676,87,-0.00032351393363403097
540,0.0005811999009898075,0.0008372299797109746,89,0.00025603007872116704
541,0.0062591052290900066,0.0037327805989053227,90,-0.002526324630184684
542,-0.003076835370228431,-0.002393391111511362,90,0.0006834442587170687
543,0.00966513711933807,0.007415273626980063,90,-0.0022498634923580063
544,-0.0007554504603668597,0.0005864378883370951,93,0.0013418883487039549
545,0.0009959283140900353,6.090570650424167e-05,96,-0.0009350226075857936
546,-0.006122987193624162,-0.0025723866919947686,96,0.003550600501629393
547,-0.011051679458661942,-0.007169838668497966,95,0.003881840790163976
548,-0.004492551432812663,-0.002479873446869785,97,0.002012677985942878
549,0.004934000845003655,0.0026810541295151083,97,-0.0022529467154885465
550,0.0007394101909956816,0.0007653635135174489,96,2.5953322521767215e-05
551,0.001143369487209736,0.0013739512845560228,96,0.00023058179734628675
552,0.002178755561947537,0.002278497032757089,97,9.974147080955191e-05
553,0.0073508426508790085,0.004112314925004158,97,-0.0032385277258748504
554,-0.006451432177530382,-0.006889832828562406,97,-0.00043840065103202455
555,0.007268200565732022,0.0031915107209258727,98,-0.004076689844806149
556,0.00448304456244038,0.0014581848051703366,94,-0.0030248597572700435
557,-0.004671879351442689,-0.002637814003880306,90,0.002034065347562383
558,0.003571590831937449,0.002101612110779467,92,-0.0014699787211579821
559,0.004537512807509369,0.002609881095239219,88,-0.00192763171227015
560,0.009085909153177479,0.0048367799944562745,83,-0.0042491291587212045
561,0.002751883725134502,0.0016054976781075664,74,-0.0011463860470269356
562,-0.0003908848028634181,0.0013604923076108,73,0.001751377110474218
563,0.011213233659472613,0.005111477608190066,71,-0.0061017560512825475
564,-0.003237359743879125,-0.002686330029369185,68,0.0005510297145099401
565,0.006637656120669215,0.0023970059985745813,64,-0.004240650122094633
566,-0.005343359500342108,-0.0005675766470418145,52,0.004775782853300293
567,-0.004489746389163871,-0.0033769755091627163,48,0.0011127708800011543
568,-0.001959034276905874,-0.0021969174452700587,48,-0.00023788316836418494
569,0.008217320233931041,0.0038319293310153366,45,-0.004385390902915705
570,-0.00021608245664393605,-0.00014730726086244585,44,6.87751957814902e-05
571,-0.0013089605451976102,-0.0008578662281651445,36,0.0004510943170324657
572,-0.003082270053883745,-0.001071273264301003,35,0.002010996789582742
573,-0.0010685591613576056,-0.00038036936881417547,35,0.0006881897925434302
574,0.0035208098122424133,0.0006287405928810605,33,-0.0028920692193613526
575,-0.0028802328776415726,0.0018080102159594184,31,0.0046882430936009915
576,0.010230668693840159,0.0015980260625406853,28,-0.008632642631299474
577,0.004769747660807117,0.001534551236291777,31,-0.0032351964245153396
578,0.0008452900164915782,-0.0007227145724787566,36,-0.0015680045889703348
579,0.009355556974197321,-0.001189165997402793,34,-0.010544722971600114
580,0.00012047008787052782,0.004077300843007459,35,0.003956830755136931
581,0.004187000568586354,-0.0011385244434218495,35,-0.005325525012008204
582,-0.0019008705475347999,-0.0009142779315466753,40,0.0009865926159881246
583,-0.00936847194415339,-0.0036374581864683595,49,0.005731013757685031
584,-8.509318225409308e-05,-0.00023694989317244854,61,-0.00015185671091835545
585,0.003043626803648879,0.0004742698259240435,65,-0.0025693569777248356
586,-0.0031750375426572285,-0.00037004016307665144,64,0.002804997379580577
587,0.0024929097827410996,0.0010317899871989205,69,-0.001461119795542179
588,0.007066267517795054,0.0010108821960744731,73,-0.006055385321720581
589,-0.00010797637984239077,-0.0010147412706368458,80,-0.000906764890794455
590,9.226505106224246e-05,0.0004532552383192209,83,0.0003609901872569785
591,-0.0030361184257305836,-0.001681311399781819,84,0.0013548070259487646
592,-0.005821830924127654,-0.002385647635687213,87,0.003436183288440441
593,-0.0058950307974783836,-0.0026610727934705094,88,0.003233958004007874
594,-0.005053840623488309,-0.003001795240947826,88,0.002052045382540483
595,-0.006038913137313418,-0.0015297159056980795,87,0.004509197231615339
596,0.0032601355442907964,0.002017519274230434,87,-0.0012426162700603623
597,0.00245270261251089,-0.0008064764487937722,89,-0.003259179061304662
598,-0.004572840650404298,-0.0030610291729534357,87,0.0015118114774508623
599,-0.0022634543314372247,0.0009278920413287182,86,0.003191346372765943
600,-0.0017196630630711418,-0.0004788932415507524,85,0.0012407698215203893
601,0.004773921000791311,0.0015199342962248217,84,-0.0032539867045664893
602,-0.013759086765588471,-0.008326046075471558,84,0.005433040690116913
603,0.004041874296233206,0.0024707886227550097,85,-0.0015710856734781967
604,0.0016264391990046465,-6.095022114004693e-05,85,-0.0016873894201446934
605,-0.008068390258341883,-0.005827730598626676,85,0.002240659659715207
606,0.0031160869377756697,0.0031870413778744733,85,7.095444009880356e-05
607,0.013902452352457113,0.008424673541625065,86,-0.005477778810832048
608,0.0006834152766790144,0.0017139782699296805,87,0.0010305629932506662
609,-0.013244686753725891,-0.007628731735603796,88,0.005615955018122095
610,-0.003190610779563819,-0.0015143315083917044,87,0.0016762792711721144
611,0.005001679411788187,0.0029074821138646624,87,-0.0020941972979235247
612,-0.007959400767853456,-0.003014688974011982,87,0.004944711793841474
613,-0.002573191128926204,-0.0011626474318173383,88,0.0014105436971088659
614,-0.015661251615607608,-0.008995573745509494,88,0.006665677870098113
615,-0.008968588184453155,-0.004014890654744473,88,0.004953697529708682
616,-0.002630985514514002,-0.0025678181326129115,88,6.316738190109044e-05
617,0.015356688630486599,0.006288873406276389,85,-0.00906781522421021
618,0.00012811779471602337,-0.00013003114362806212,80,-0.0002581489383440855
619,-0.008694942952623345,-0.005042250505648878,78,0.0036526924469744678
620,-0.0045869605724393366,-0.0032600220472141636,76,0.001326938525225173
621,0.012344180298896761,0.00696079827004242,77,-0.005383382028854342
622,0.002157979323766049,0.0005295788433184965,72,-0.0016284004804475527
623,0.004872733741295824,0.0033263089548263795,62,-0.0015464247864694445
624,-0.0008445788213134117,-0.0009808213721814497,48,-0.000136242550868038
625,-0.0032124050611324656,4.251099350405241e-05,41,0.003254916054636518
626,-0.0037837315306309027,-0.002698652675857268,41,0.0010850788547736349
627,0.01255678846964641,0.006906756082381578,36,-0.0056500323872648315
628,0.014418001579784116,0.002252838334514349,31,-0.012165163245269768
629,0.0016837473745708344,0.0019388026657784858,23,0.00025505529120765143
630,0.006445020337585013,0.003047117282653599,19,-0.003397903054931414
631,0.0056410987185743465,-0.0011064433699215503,18,-0.006747542088495897
632,-0.006585977702459389,-0.0018955116991385375,15,0.004690466003320851
633,-0.0027626329235482644,0.002327568163921783,14,0.005090201087470048
634,-0.0013586288861007286,-0.004193538486926844,15,-0.002834909600826115
635,-0.002070601243924582,-0.002629693411538692,15,-0.0005590921676141098
636,0.003545039523190622,0.0030902258799348826,15,-0.00045481364325573957
637,-0.005051093794058785,-0.0048487042345982745,14,0.00020238955946051077
638,-0.0010288588653318911,-0.004722331033487935,14,-0.0036934721681560444
639,0.0020913637977920895,0.0006838296221248912,15,-0.0014075341756671985
640,0.010448089213135746,0.00350612923601569,16,-0.006941959977120056
641,-0.0037053750144538534,-0.00482124313928336,25,-0.0011158681248295069
642,-0.0020334538210221536,-0.002309909769436247,30,-0.00027645594841409346
643,0.005012937628101665,0.0005683463667924576,31,-0.004444591261309207
644,0.004091293178046573,-0.0004878709734092855,33,-0.004579164151455858
645,0.00037902607358473935,-5.783277404216697e-05,38,-0.0004368588476269063
646,-0.012530692915733489,-0.00501950676193281,50,0.007511186153800678
647,0.006316761235749543,0.0028410650612798356,59,-0.0034756961744697073
648,0.0026458229872263397,0.0007547788316003968,70,-0.0018910441556259428
649,-0.009717408200024702,-0.00453808472956959,71,0.005179323470455112
650,0.005446961474482992,0.0019061433498117326,76,-0.0035408181246712597
651,0.004675771436220158,0.002070327807638457,85,-0.002605443628581701
652,-0.0026331090575221826,-9.389673949051185e-05,95,0.0025392123180316708
653,-0.003212647505207014,-0.0016353371447267696,95,0.0015773103604802446
654,-0.005840949548954419,-0.0024830076787254996,96,0.0033579418702289194
655,-0.004280622716053641,-0.002025031905165664,99,0.0022555908108879775
656,0.004332346469310683,0.0021113350781112998,103,-0.0022210113911993834
657,-0.00612021651712331,-0.004782264945995248,104,0.001337951571128062
658,0.006577665778309278,0.0033185626495220474,105,-0.0032591031287872306
659,0.010910821315297593,0.005854235901357856,105,-0.005056585413939737
660,0.00709311257895839,0.003258750090131478,105,-0.003834362488826912
661,0.0016072202155348184,0.0013718297268024713,103,-0.00023539048873234716
662,-0.005943061601045443,-0.0024422895602658787,104,0.0035007720407795643
663,-0.0036757574801454837,-0.0023350412343347412,104,0.0013407162458107425
664,0.003136068903781666,0.0011880077561933534,103,-0.0019480611475883125
665,-0.01121166017929357,-0.0070570620410651905,103,0.004154598138228379
666,-0.0024464958320413485,-0.0004486253946711261,103,0.001997870437370222
667,-0.003904303647906669,-0.00420870025263661,103,-0.0003043966047299408
668,0.006340728263971502,0.003311118955969007,102,-0.003029609308002495
669,0.009240022526128272,0.0062770861404068835,102,-0.002962936385721388
670,0.003394207538550732,0.0022873086406863742,102,-0.0011068988978643578
671,-0.00010179658098500957,8.687248972471544e-05,103,0.000188669070709725
672,-0.003953694068638476,-0.0038206774852022093,105,0.00013301658343626644
673,0.00519282210830695,0.0034268027299188537,105,-0.0017660193783880962
674,-0.011083100492464908,-0.00808713888000928,104,0.002995961612455628
675,-0.0016894496270970134,-0.0013627592064524659,105,0.00032669042064454755
676,-0.000272615152560212,0.000522710711632677,106,0.000795325864192889
677,-0.001957338831549663,-0.00032030091469411096,107,0.0016370379168555522
678,0.012744579322115077,0.00652616757197563,107,-0.006218411750139446
679,0.004704748318507751,0.002006821451709473,106,-0.0026979268667982783
680,-0.004034568736388169,-0.0011910219822352968,105,0.002843546754152872
681,0.002274738614797111,-0.0006039926205821654,96,-0.0028787312353792762
682,-0.0008345394452518958,-0.0013742486247808315,92,-0.0005397091795289356
683,-0.00442833932273097,-0.0017072799364295029,90,0.0027210593863014674
684,0.009545217999721554,0.004352152463447647,88,-0.0051930655362739065
685,-0.006139948072118859,-0.0035938471902823496,86,0.002546100881836509
686,-0.009576301211971287,-0.006265517010624519,74,0.003310784201346768
687,0.005302321964003716,0.0024017397635776247,64,-0.002900582200426091
688,-0.006403116349240104,-0.00175132587546513,52,0.004651790473774974
689,-0.004524982150880135,-0.003856147650177415,50,0.0006688345007027203
690,0.00031550930727188844,-0.0013104471980936734,45,-0.001625956505365562
691,-0.01571912913085271,-0.00741126658656755,36,0.008307862544285158
692,0.0011625311310255726,0.0002994276637554048,27,-0.0008631034672701678
693,-0.0052075088001682325,-0.0032016288015846053,26,0.002005879998583627
694,0.012452389063440022,0.0080181620414684,26,-0.004434227021971621
695,0.007600936970788573,0.003636015700982607,24,-0.0039649212698059655
696,-0.004540081174993266,-0.0014403650835610293,20,0.0030997160914322365
697,0.013740195861850935,0.0038591252401990956,18,-0.00988107062165184
698,-0.000505291644283224,0.0007442539383743605,17,0.0012495455826575844
699,-0.0017972123932010818,-0.000817377753969604,17,0.0009798346392314778
700,0.015153953981320786,0.007778583217426777,16,-0.00737537076389401
701,0.005547669419428285,0.0009517216275310465,19,-0.004595947791897239
702,0.010317529234047634,0.0009774140040380518,20,-0.009340115230009582
703,-0.003756134836080227,0.0025360887231191676,20,0.006292223559199395
704,-0.004741696520558664,7.797552718573731e-05,22,0.004819672047744401
705,0.0036367638863005784,0.0004623929546719573,23,-0.003174370931628621
706,-0.008814871231447767,-0.003930152029181151,27,0.004884719202266617
707,0.013175669739973256,0.0037367188023961486,29,-0.009438950937577108
708,-0.009484869596811633,-0.007368181301408586,30,0.002116688295403047
709,0.0037165424713086806,0.002563146442709875,34,-0.0011533960285988057
710,0.0066695979450633125,0.003099591838929686,41,-0.0035700061061336263
711,-0.0063532558564075355,-0.0036172426808062253,50,0.00273601317560131
712,0.010870455902007225,0.004319735523642921,51,-0.006550720378364305
713,-0.005291687802268685,-0.0016500590607433853,52,0.0036416287415253
714,-0.00945630448629992,-0.0032966172102996127,53,0.0061596872760003064
715,-0.0039029085840449353,-0.001144904511670393,55,0.0027580040723745422
716,0.0028557190589742006,-0.000911132345754844,61,-0.0037668514047290444
717,0.0029112972126000944,0.0030404018278563203,62,0.00012910461525622585
718,0.0019272232406765176,0.0004586148743431862,62,-0.0014686083663333314
719,0.006336280075439686,0.002418665913558482,65,-0.0039176141618812044
720,-0.002427379958659755,-0.0025782622215510397,66,-0.00015088226289128488
721,0.007776761038374132,0.0035331518401974927,71,-0.004243609198176639
722,0.003526853674496419,0.0008955115712266222,71,-0.002631342103269797
723,0.005990847197078851,0.0027221082269839733,71,-0.003268738970094878
724,0.010527552476686923,0.006590404334768938,74,-0.003937148141917986
725,-0.0028111359600333963,-7.151748433104145e-05,71,0.0027396184757023548
726,-0.007872334302069435,-0.0032368663832316757,71,0.00463546791883776
727,0.00225418856410802,0.0012910213564178376,73,-0.0009631672076901826
728,0.0031435686474758293,0.0029731212740678825,73,-0.0001704473734079467
729,-2.317614576804641e-05,-0.0006645799851183982,74,-0.0006414038393503518
730,0.0028396411324552446,0.0008459407649848982,75,-0.0019937003674703464
731,-0.010170773726817631,-0.004959826786806463,75,0.005210946940011168
732,-0.002257375012157827,-0.0006950925167184391,74,0.001562282495439388
733,0.001406649691062107,-0.00017967297937187198,74,-0.001586322670433979
734,0.003427857041324082,0.0015597279079129192,74,-0.0018681291334111628
735,-0.0022913266759751515,-0.0024985763113915885,74,-0.00020724963541643698
736,0.011136131983672947,0.008056183619580753,74,-0.0030799483640921946
737,-0.0006548349829895776,-0.0017985293581275928,74,-0.001143694375138015
738,-0.002028920193620379,-0.00034634418482772637,75,0.0016825760087926525
739,-0.0036152253437628534,-0.003784454652931473,75,-0.00016922930916861943
740,0.0004592447514027172,0.0012584380676879784,75,0.0007991933162852612
741,-0.0007309989570008687,-0.002633774761711625,72,-0.0019027758047107561
742,-0.007981389611994613,-0.0045670101693415,70,0.0034143794426531133
743,-0.0020533784929871995,-0.00017676174949790173,70,0.0018766167434892977
744,-0.00046890772067763564,-0.0003901545737861269,68,7.875314689150876e-05
745,0.005802017056681425,0.0045804539418416316,68,-0.0012215631148397932
746,-0.010179660072657208,-0.006440039945522377,64,0.0037396201271348312
747,-0.00011275263653716797,-0.0018065040571397042,62,-0.0016937514206025362
748,0.0029322340818236153,0.0012198827481096708,61,-0.0017123513337139445
749,-0.0003802677423806773,-0.00014844959766969028,58,0.000231818144710987
750,0.003649523577567202,0.0015909219418432162,52,-0.002058601635723986
751,2.6190959907748535e-05,-0.0005935013043278925,42,-0.000619692264235641
752,0.0108932306897784,0.00658155541565037,38,-0.004311675274128029
753,-0.002295152385598748,-0.00024773677787896234,37,0.002047415607719786
754,-0.004414832392396876,-0.004133389159387013,36,0.0002814432330098633
755,0.0061757942099102126,0.0030591076793229466,33,-0.003116686530587266
756,-0.0034257971785464593,-0.003923989477922569,26,-0.0004981922993761096
757,-0.002746091790699379,-0.0010604202028356947,25,0.001685671587863684
758,-0.0008755507983489342,-0.0014446928279347481,25,-0.000569142029585814
759,0.0010837076663638284,0.0020172794878701855,24,0.0009335718215063571
760,0.007191085020657291,0.0032355560342801856,24,-0.003955528986377105
761,0.011189555212527565,0.005652604729629467,19,-0.005536950482898098
762,-0.00011168627880672743,-0.0022843091708010465,20,-0.002172622891994319
763,0.004781949581538247,0.003613809663190076,20,-0.0011681399183481708
764,-0.004288080263809502,0.001903361734862953,18,0.006191441998672454
765,-0.005690678251787694,-0.004912616557900633,18,0.0007780616938870616
766,0.0036880040620200665,0.00033926066427514864,19,-0.003348743397744918
767,-0.0028409810742683274,-0.0018285952296500456,17,0.0010123858446182818
768,0.007595137288458502,0.00370954231576401,17,-0.003885594972694492
769,-3.935059751548816e-05,-0.0018887889882729773,17,-0.0018494383907574892
770,0.001958657950292525,0.0019219465242162836,20,-3.67114260762416e-05
771,0.0037442421729558186,0.003498199580921346,25,-0.00024604259203447236
772,0.009392714571573582,0.005095863752143611,28,-0.0042968508194299706
773,0.006172094017341499,0.00591304642867358,29,-0.0002590475886679192
774,-0.006798607745834743,-0.004790274079122029,29,0.002008333666712714
775,0.0012162515016217977,0.0005641279582120698,32,-0.0006521235434097279
776,-0.0027720284396790104,2.4059099635702173e-05,39,0.0027960875393147127
777,-0.006587123309030291,-0.004110653011029779,41,0.002476470298000512
778,0.004688753414260192,0.0038110263081302873,41,-0.0008777271061299044
779,0.0012818457940593927,-0.00012049557789621397,44,-0.0014023413719556066
780,0.003192138972169833,0.003964494624187535,49,0.0007723556520177017
781,-0.007482829442006498,-0.005606901851259579,52,0.0018759275907469187
782,0.002938748909299863,0.0008858402991305947,54,-0.0020529086101692684
783,-0.0008623257893358571,0.0010044306016186793,54,0.0018667563909545363
784,0.0034536496059678506,0.0026939843122671444,55,-0.0007596652937007062
785,3.329478196846536e-05,-4.497286896196019e-05,56,-7.826765093042556e-05
786,0.0023895819966927023,0.001868238945446734,62,-0.0005213430512459683
787,0.00661822079732864,0.003137868430848718,64,-0.003480352366479922
788,0.001494762582104631,0.0007444809749593314,67,-0.0007502816071452995
789,-9.101771988876454e-05,0.0002531374415680646,69,0.00034415516145682915
790,0.0002445514809928553,-0.0012833939860627233,69,-0.0015279454670555786
791,-0.005252683185228208,-0.0033681986663309594,72,0.0018844845188972486
792,0.0014034894159215302,0.0007701858560877613,72,-0.000633303559833769
793,-0.005956466610984867,-0.0013632299042193642,72,0.0045932367067655034
794,-0.0022163567690757146,-0.00013577414195686506,73,0.0020805826271188496
795,-0.008043426211960155,-0.0035944550821137033,75,0.0044489711298464525
796,-0.007264246025489084,-0.005447472864438457,75,0.0018167731610506275
797,0.009008606189449918,0.005801774359885025,73,-0.0032068318295648927
798,0.000551150416634592,0.002593452077722448,74,0.0020423016610878557
799,0.0024714632388031094,0.0018871108240978583,72,-0.000584352414705251
800,0.002651830681462385,0.0018329676791822877,72,-0.0008188630022800975
801,0.0019435103421533292,0.0021129771262502726,73,0.00016946678409694347
802,-0.005938382598696084,-0.003783013901754758,71,0.002155368696941326
803,-0.0002862727896125446,9.988920523516335e-06,72,0.00029626171013606093
804,0.0057124833268834534,0.002612766807687166,71,-0.0030997165191962873
805,0.0012409797714831436,0.001291686386357483,73,5.070661487433935e-05
806,0.0012682431046865561,0.0012465301332669513,73,-2.1712971419604815e-05
807,0.002389056077116523,0.0020517660654409066,73,-0.0003372900116756163
808,0.0003026383931965226,-0.0009921043216128546,74,-0.0012947427148093773
809,0.0021305624464321793,-0.0007168358688743623,73,-0.0028473983153065414
810,0.0006213537197176438,-0.00018955422652048513,69,-0.0008109079462381289
811,0.003634327434222965,0.004883652810270145,65,0.0012493253760471799
812,-0.0038704399262541322,-0.001744823134901421,62,0.002125616791352711
813,-0.0029069201778234087,-0.002461475303005618,61,0.0004454448748177908
814,0.0003735592922616752,-0.0004274970012478563,60,-0.0008010562935095314
815,-0.00037436957173297384,0.0006692937241188515,56,0.0010436632958518255
816,0.0012547981731578285,0.0007259678968987681,49,-0.0005288302762590603
817,-0.0006946913781175184,-0.0034095042839202886,48,-0.00271481290580277
818,-0.004783040109534708,-0.0008068256035933482,47,0.0039762145059413605
819,0.0028852395796487218,0.0010217790461406597,45,-0.001863460533508062
820,0.0012919582762391125,-0.0005697042167050078,41,-0.0018616624929441202
821,-0.0013838205085274947,-0.00033664604983593417,40,0.0010471744586915605
822,-0.0034380026351977524,-0.0024108217525471752,38,0.0010271808826505771
823,0.008450150961267828,0.002581513122296568,38,-0.00586863783897126
824,-0.00250831526046626,0.0011098327848397202,38,0.00361814804530598
825,0.007915226408414293,0.004881470309683321,36,-0.0030337560987309716
826,-0.003935150980757214,0.0008972389464289725,30,0.004832389927186187
827,-0.006992511790654345,-0.0052965814461696315,29,0.0016959303444847133
828,-0.011743663006870563,-0.009619489259708017,27,0.0021241737471625454
829,0.002631103438021202,0.001205297497443437,31,-0.0014258059405777648
830,0.0055725180232083435,0.00359348803962032,33,-0.0019790299835880233
831,-0.004292862937877465,-0.003332629493053657,32,0.0009602334448238076
832,0.0010783197139903368,-0.0011780548313258198,39,-0.0022563745453161566
833,0.0029743585263508356,-0.0002730995681838177,46,-0.0032474580945346535
834,-0.0042906166490198645,-0.000709409279726179,61,0.0035812073692936854
835,-0.009185591320836997,-0.0019807330891520518,65,0.007204858231684945
836,0.005246963888156247,0.0009089741408170418,65,-0.004337989747339205
837,0.006627474218438702,0.0022542029319019144,68,-0.004373271286536788
838,-0.0013853550895095337,-0.0006948478242872163,79,0.0006905072652223173
839,-0.0022124510785157796,-0.000988233740018696,89,0.0012242173384970835
840,0.00015033990165292906,-0.0009307490724608117,93,-0.0010810889741137406
841,-0.0001766650178415729,0.0009654173299797503,93,0.0011420823478213232
842,0.004913931531056643,0.0025513348870654868,93,-0.002362596643991156
843,-0.010357430395340013,-0.004935644401274028,97,0.005421785994065985
844,0.0048099764313428,0.0018096378926554758,100,-0.003000338538687324
845,-0.0053949863049695505,-0.0013970311643533991,98,0.003997955140616152
846,-0.010131858788334929,-0.0030892692643616345,98,0.007042589523973295
847,0.0017613188017253237,-0.0003070355439937534,98,-0.002068354345719077
848,-0.0035051583198765384,-0.0002496742318483638,98,0.0032554840880281745
849,0.0004309028754530231,0.0007768286228994514,100,0.00034592574744642834
850,0.011353583563768923,0.00419506674812905,101,-0.007158516815639873
851,0.005945451234656257,0.0019295126279600372,100,-0.0040159386066962195
852,-0.0032947428539557245,0.0004834002976859209,100,0.0037781431516416453
853,-0.007595827877396267,-0.0037805771155340496,100,0.0038152507618622175
854,0.005091602399941334,0.0030529469621111975,102,-0.0020386554378301366
855,0.001731083061177188,0.0013789967359125947,103,-0.0003520863252645932
856,-0.0019195330836716293,-0.00035262981696749656,103,0.0015669032667041327
857,0.005237964085824841,0.0028369757270997244,103,-0.002400988358725116
858,0.0037302269947895655,0.0016647482314413554,105,-0.00206547876334821
859,0.004007469531062241,0.0028408112713585324,104,-0.0011666582597037083
860,-0.0042213200146426055,-0.0013777314306537393,103,0.002843588583988866
861,0.0005053285462846706,0.0009380537228588864,101,0.00043272517657421577
862,-0.0013013437600992782,-0.0017250432787639628,101,-0.0004236995186646846
863,-0.0008371690581737048,-0.0011141148836088359,102,-0.00027694582543513107
864,-8.644049321620234e-05,0.0010126442867229345,102,0.0010990847799391369
865,-0.0026949533824992883,-0.0012704882705880638,102,0.0014244651119112244
866,0.022609012720323122,-0.0024434689313067993,102,-0.02505248165162992
867,-0.0009736687071982863,0.0029061948713154906,101,0.0038798635785137767
868,0.007917728984577314,0.0026708963266572072,100,-0.005246832657920107
869,-0.0004742160392693822,-3.8602204221100894e-05,94,0.0004356138350482813
870,-0.000509011181063646,0.0010133745567685135,92,0.0015223857378321595
871,0.0013781483860960354,0.0008209473164788039,90,-0.0005572010696172315
872,0.0026853371090941494,-0.0004774383462532489,85,-0.0031627754553473983
873,0.00028049720662897884,0.0007792761949455747,79,0.000498778988316596
874,-0.004834867417980575,-0.0017780829139827793,63,0.0030567845039977956
875,0.011355078256426886,0.004555157332174253,57,-0.006799920924252633
876,-0.0024478453000940383,-0.0009059157360071868,57,0.0015419295640868515
877,0.0066983598900523045,0.0023409619531309933,56,-0.004357397936921311
878,-0.005102840537008841,0.00034204989676061746,45,0.005444890433769459
879,0.002304939240365435,-0.0001854997640398933,37,-0.002490439004405328
880,-0.0022025846924058935,-0.0003229178164043979,32,0.0018796668760014956
881,0.0034045704297487357,0.0030783944381272605,31,-0.0003261759916214752
882,-0.0008801376629448633,-0.00013274205936451082,31,0.0007473956035803525
883,0.0019894119545324795,0.0020837267762973547,26,9.431482176487519e-05
884,-0.0017303306131487932,-0.0012443343562179392,24,0.000485996256930854
885,0.006026023640117297,0.004492809206035298,25,-0.0015332144340819993
886,0.0039986576740735314,0.0036315066497860696,24,-0.0003671510242874618
887,-0.007899551096923321,-0.00554078448135321,24,0.0023587666155701114
888,-0.004345378299252146,-0.0022502884821072396,23,0.0020950898171449065
889,-0.0016299033457428404,-0.0025092443447624546,21,-0.0008793409990196142
890,0.0029363215662215002,0.005138182594918406,20,0.002201861028696906
891,0.00267216116888777,0.0016217941823608052,23,-0.0010503669865269646
892,-0.008780294462928809,-0.006124277345018138,29,0.002656017117910671
893,0.0033716189335526274,0.003014070502754415,32,-0.0003575484307982123
894,-0.011007010882639345,-0.00870171099011115,32,0.002305299892528194
895,-0.008313362377767081,-0.005579820472466965,38,0.002733541905300116
896,-0.003326054983589658,-0.0007333940744863123,49,0.0025926609091033457
897,0.0032865862724593196,0.0019318311998976839,59,-0.0013547550725616358
898,-0.003102057928433008,0.0017491596145302601,63,0.004851217542963268
899,0.0010864748103142547,0.0009856406178463549,65,-0.00010083419246789986
900,-0.0008407034700126688,0.0014883760183227515,76,0.0023290794883354202
901,-0.0002872995906193062,-0.0010497344678169723,84,-0.000762434877197666
902,-0.008320391864962607,-0.0015695953502699806,92,0.006750796514692626
903,-0.0019027615155834455,-0.0005212814580277132,97,0.0013814800575557323
904,-0.007230076327307249,-0.001190165499276467,97,0.006039910828030782
905,-0.013742736359267869,-0.00847452265136611,100,0.005268213707901759
906,0.0035712541730342456,0.0015775772024066482,109,-0.001993676970627597
907,0.021957366737703418,0.005797066655225732,118,-0.016160300082477687
908,-0.003119961154199495,-0.0018627370920194228,123,0.001257224062180072
909,-0.007844899690355607,-0.003235070646415847,122,0.004609829043939759
910,-0.00392413644157181,-0.0025351909440187565,123,0.0013889454975530538
911,0.006539594185268103,2.419106722002716e-05,123,-0.006515403118048076
912,0.003611068978918422,0.0026392299134246487,121,-0.0009718390654937731
913,0.0048402134815239,0.003186115576890435,120,-0.0016540979046334651
914,0.004413788479996026,0.0024220764117435178,120,-0.001991712068252508
915,0.003499363655455148,0.0025780272781867767,121,-0.0009213363772683715
916,-0.007016030962099686,-0.005403557637781252,121,0.0016124733243184338
917,0.00403962631757787,0.0006922580660464207,121,-0.0033473682515314496
918,-0.0053715791403362795,-0.003236931539758853,122,0.0021346476005774267
919,-0.006508819279413959,-0.003005184890320753,120,0.003503634389093206
920,0.007789176060533298,0.006461780190061325,120,-0.0013273958704719735
921,-0.0017048701507249224,0.0011186878748941484,123,0.0028235580256190706
922,0.0017856723870346217,0.002644066578816717,123,0.0008583941917820951
923,0.004169377796298847,0.0016562179555972736,124,-0.0025131598407015735
924,-0.0020230940386454692,-0.0005183845846394069,123,0.0015047094540060623
925,0.002589504554207894,0.0018707112754153966,122,-0.0007187932787924972
926,-0.005991797557488301,-0.002400057977757847,123,0.0035917395797304542
927,0.0007592343580711079,0.0013249643349266841,124,0.0005657299768555762
928,0.00872042263194934,0.0029603040142834425,124,-0.005760118617665897
929,-0.0020954015229551082,0.0013717610974329588,125,0.003467162620388067
930,-0.008731055347468972,-0.0022359979414024443,125,0.006495057406066528
931,-0.00019135824790026166,0.0009912653973171198,122,0.0011826236452173815
932,-0.0055841801386190765,-0.0031873811294436394,116,0.002396799009175437
933,0.007539849989639036,0.002489533587714542,113,-0.0050503164019244946
934,0.0021191342529848656,0.001083423851599202,113,-0.0010357104013856637
935,-0.0009263044209391876,0.0003829456465990713,106,0.001309250067538259
936,0.006350327600574652,0.00509989388559995,97,-0.0012504337149747023
937,-0.0014774492657151851,0.0012688339182477712,86,0.0027462831839629564
938,-0.002228741997817682,-0.0019034997204883288,80,0.00032524227732935317
939,0.0022424289820157438,-0.002264538915360027,78,-0.004506967897375771
940,0.0015034968814303564,0.0018158236732433997,68,0.0003123267918130432
941,-0.004825593485046248,-0.004178608010082693,61,0.0006469854749635556
942,0.008868440968885494,0.006192572653759978,53,-0.0026758683151255165
943,0.006239645448033975,0.000629315800931644,47,-0.005610329647102331
944,0.0036688432568191638,0.001185084724988058,46,-0.002483758531831106
945,-0.006487236408957211,-0.001469974618696801,44,0.00501726179026041
946,0.006643174467582512,0.0027521014189558707,36,-0.003891073048626641
947,-0.007761027587573026,-0.006210138766646712,27,0.0015508888209263142
948,0.004203774854491512,0.0008561463360408336,22,-0.0033476285184506783
949,0.0015789150574025534,-0.0006650878233075612,23,-0.0022440028807101144
950,0.003984732309428172,-0.001734089439896874,23,-0.005718821749325045
951,-0.003821699517467595,-0.000729542683930879,23,0.0030921568335367158
952,0.0008964557889431464,-0.0003289625161983042,23,-0.0012254183051414506
953,0.002952638477911935,0.004357057581937699,23,0.0014044191040257638
954,0.0006706949677282736,-0.0001966847890242418,25,-0.0008673797567525154
955,0.005745728458645059,0.003469135632761616,26,-0.002276592825883443
956,0.004014442132336038,-0.002309848411218539,31,-0.006324290543554577
957,0.006759182346689224,-6.236572959007087e-05,31,-0.006821548076279295
958,0.0035451738479252764,0.004361764026804692,31,0.0008165901788794155
959,-0.0054535761369931815,-0.004565719523896536,37,0.0008878566130966457
960,-0.007238906195523065,-0.005024185518951862,43,0.0022147206765712035
961,0.005532599071131823,0.002973282447221913,51,-0.0025593166239099097
962,-0.001436241758647875,0.000556152723486612,65,0.001992394482134487
963,-0.004712031925868586,-0.002437040233848554,65,0.002274991692020032
964,0.004133443237378224,0.0015966418549834657,72,-0.0025368013823947586
965,-0.009353058273077738,-0.006717166611233723,83,0.002635891661844016
966,0.004344901294927211,0.00014849790201683667,92,-0.004196403392910375
967,0.0019318047326575705,0.0017869887169668043,105,-0.00014481601569076626
968,-0.0004588899208722198,0.00036705594818405864,107,0.0008259458690562785
969,-0.0048775196217127476,-0.0005219835775371135,117,0.004355536044175634
970,0.012384441725697169,0.0070165995276957,122,-0.005367842198001469
971,0.0010921701370736564,-0.0024639560819889666,137,-0.003556126219062623
972,-0.001819793604329649,-0.003317905386063794,144,-0.0014981117817341452
973,0.000163721886028648,0.0006918468574090132,144,0.0005281249713803653
974,-0.0022916800162436236,-0.001422146692334418,144,0.0008695333239092055
975,-0.0012451189765166934,0.00013392601308430936,144,0.0013790449896010028
976,-0.0028578027776254675,-0.0022058639040352865,144,0.000651938873590181
977,-0.009470944846385203,-0.005999507020400976,147,0.003471437825984227
978,-0.006094536038628104,-0.0019317298154401534,147,0.0041628062231879506
979,0.0047756835494455535,0.0009018707430974872,148,-0.0038738128063480664
980,0.0032945505981613506,0.002799170841807833,148,-0.0004953797563535174
981,0.0014388444147111342,0.0009985133317257427,147,-0.00044033108298539153
982,0.001345885016622704,0.0013393217505460757,147,-6.563266076628407e-06
983,0.0005948456317368603,0.0031123473056957084,148,0.002517501673958848
984,-0.0005892613536896924,-0.0015054757427899288,148,-0.0009162143891002363
985,-0.003134520041032771,-0.0012369536390245655,151,0.0018975664020082054
986,0.0023503387193245444,0.0015883212809374644,150,-0.0007620174383870799
987,-0.001501282386492541,-0.0003085938563822096,150,0.0011926885301103314
988,-0.002473957908775522,-0.002922552810610372,151,-0.00044859490183484993
989,0.010245745428750919,0.005834268309448909,150,-0.00441147711930201
990,0.0007618882915058663,0.0005176111249126413,152,-0.000244277166593225
991,0.0010093779409514048,-0.0009442300642594003,155,-0.0019536080052108052
992,-0.0049416937404612015,-0.002969151801056048,155,0.0019725419394051535
993,-0.0026228791323195328,-0.0010921342440880278,155,0.001530744888231505
994,-0.005378600916299087,-0.0036784437707326396,154,0.0017001571455664472
995,-0.0059350763726051204,-0.004223619393755538,152,0.0017114569788495822
996,-0.005481725734325255,-0.0024443396530135805,147,0.0030373860813116744
997,0.009132582282269297,0.005267868854989944,145,-0.003864713427279353
998,0.0044853236091136044,0.002033088162307804,143,-0.0024522354468058003
999,0.005770308085930157,0.0031767223185236114,139,-0.0025935857674065457
1000,0.008104772832745796,0.00567208536852374,134,-0.002432687464222056
1001,0.00014667059006873829,-0.0004942405730698525,123,-0.0006409111631385908
1002,-0.0017753837857515636,-0.002218670639370999,109,-0.00044328685361943554
1003,-0.011658789922452102,-0.005805926606594133,108,0.005852863315857969
1004,0.003878132836292443,0.004272947556167394,101,0.00039481471987495116
1005,0.0011886276422184822,0.0002285703990107573,90,-0.0009600572432077248
1006,-0.006395905604953398,-0.0025983084924223383,80,0.0037975971125310593
1007,-0.015792567406231143,-0.011645744526452213,66,0.00414682287977893
1008,-0.013132547343730023,-0.007774588744577412,65,0.0053579585991526115
1009,0.010122880452933051,0.005203626900666398,54,-0.004919253552266654
1010,-0.011611463691474266,-0.008968399176840612,50,0.002643064514633654
1011,-0.0012927662600363482,-0.0012164979365116599,36,7.626832352468837e-05
1012,-5.4843825868936914e-05,-0.0008767836722789579,30,-0.000821939846410021
1013,-0.014775207813826836,-0.009291856216474737,31,0.005483351597352099
1014,0.0015565966901820675,0.0009168508015299461,33,-0.0006397458886521213
1015,0.005751904710690631,0.005032241641115002,33,-0.0007196630695756288
1016,0.011397184491055874,0.0046913979778194816,31,-0.006705786513236393
1017,-0.0013016071234260161,0.001797357412546661,29,0.003098964535972677
1018,0.002173211593280169,-9.414050137875004e-05,29,-0.002267352094658919
1019,0.012286697375309848,0.007908089890635158,29,-0.004378607484674691
1020,0.020861327524166254,0.005944666813371317,30,-0.014916660710794939
1021,-0.0010391086813480814,-0.0040894261593191605,42,-0.003050317477971079
1022,-0.0006741493762760925,-0.0013297460134152716,56,-0.0006555966371391791
1023,0.020156748827372655,0.008147646024748609,56,-0.012009102802624046
1024,0.004169812987469807,0.0008591465325306567,57,-0.00331066645493915
1025,-0.00022555412385624797,0.0021686598259322604,61,0.0023942139497885083
1026,0.010673830949321075,0.007704785667764531,70,-0.0029690452815565446
1027,0.0036133102517806907,0.0015227948724735472,86,-0.0020905153793071432
1028,-0.0028990705327087574,-0.0038480216679344314,91,-0.0009489511352256739
1029,-0.0019911906366564787,-0.0014139479914029016,92,0.0005772426452535771
1030,-0.0033931542827678276,-0.00024824443734031257,96,0.003144909845427515
1031,0.004565796158896823,0.002151039063445175,100,-0.0024147570954516483
1032,-7.982654096647113e-05,-0.000824335428833481,112,-0.0007445088878670099
1033,0.0001863412605985571,-0.001350280326850559,117,-0.001536621587449116
1034,-0.0032249826836152373,-0.0015855564245973357,117,0.0016394262590179016
1035,0.010422675424809806,0.0068920151307686065,122,-0.0035306602940412
1036,-0.012543979115736665,-0.007270462979212754,127,0.005273516136523911
1037,-0.006416307618513824,-0.003648589935379803,133,0.002767717683134021
1038,-0.005056718795397062,-0.0014765918351842995,137,0.003580126960212763
1039,0.01063886972766584,0.005568210335774691,138,-0.005070659391891149
1040,-0.012212747836226834,-0.006305415211839777,141,0.005907332624387057
1041,-0.004734146791301291,-0.0015729742255517442,148,0.0031611725657495465
1042,0.009616206045866606,0.004283779411283376,151,-0.00533242663458323
1043,0.005925440712328968,0.004055218767626696,154,-0.0018702219447022722
1044,0.0004444345403345395,-0.0012570778218487836,155,-0.0017015123621833231
1045,-0.01131117202197778,-0.006113943743162413,156,0.005197228278815367
1046,-0.007959059963473115,-0.007131822222744187,166,0.0008272377407289276
1047,-0.0012683794065783802,0.0004865509244549613,168,0.0017549303310333414
1048,0.000400692931271931,0.0005746356861858135,169,0.00017394275491388245
1049,-0.00346596072808846,-0.0027397477071202203,170,0.0007262130209682396
1050,-0.01165040769695722,-0.008241373054206922,170,0.0034090346427502975
1051,0.006879594406252905,0.005251659633680146,175,-0.0016279347725727585
1052,-0.01002537119139461,-0.006385076966703888,175,0.0036402942246907223
1053,0.007825954411057658,0.0049860363010586365,174,-0.0028399181099990215
1054,0.0017535866472625262,0.0017894510521203348,173,3.5864404857808554e-05
1055,0.015490164467009723,0.0070980499568591045,175,-0.008392114510150619
1056,-0.010894214250981069,-0.006509764654654891,177,0.004384449596326177
1057,-0.013700083327473028,-0.0053316331426176795,177,0.00836845018485535
1058,0.013348952831211772,0.007635444029299185,177,-0.005713508801912587
1059,0.002376959856011336,0.0014748927057681917,181,-0.0009020671502431444
1060,0.016885256898128226,0.009002988325201116,181,-0.00788226857292711
1061,0.015065600800706326,0.00735379325806654,174,-0.007711807542639786
1062,0.00998106052315146,0.0025730467697471287,160,-0.007408013753404331
1063,0.00389909347588443,0.0012256954170707561,159,-0.002673398058813674
1064,-0.015264743444663312,-0.009793964411600287,158,0.005470779033063025
1065,-0.0073142494403739605,-0.003076922457931291,154,0.004237326982442669
1066,0.005192045177886623,0.0028356168184088372,145,-0.002356428359477786
1067,0.003930710731087751,0.003670179261568554,129,-0.00026053146951919657
1068,0.004553790632303662,0.003849359517667404,123,-0.0007044311146362581
1069,0.0020778471581211124,0.0010485837579921036,122,-0.0010292634001290088
1070,0.006266464268515923,0.0023994655867658845,115,-0.0038669986817500388
1071,-0.00118282145161863,-0.00080820133250526,110,0.00037462011911337
1072,-0.001868431111333463,-0.0019367851508705505,98,-6.835403953708743e-05
1073,-0.019034580614617068,-0.010565239607971497,93,0.008469341006645571
1074,0.011549298568948171,0.006997447579456151,92,-0.00455185098949202
1075,-0.008068311224943597,-0.005194457887116131,88,0.0028738533378274657
1076,-0.00026376557158758196,0.0016771340366555612,83,0.0019408996082431432
1077,0.01087850031165197,0.00838548909668385,77,-0.0024930112149681195
1078,-0.001580538316250521,-0.0025499701920875676,76,-0.0009694318758370465
1079,-0.006757991664454634,-0.006368005758224288,75,0.0003899859062303458
1080,0.012401969094766553,0.007377833161734201,76,-0.005024135933032352
1081,-0.0038268000617295433,-0.002339781335637622,72,0.0014870187260919215
1082,-0.009356814302434987,-0.0039514076674338275,70,0.005405406635001159
1083,0.004064624375102561,0.0002821523515964435,73,-0.0037824720235061175
1084,0.012953460505087597,0.0073968037244999,81,-0.005556656780587697
1085,0.001453459951412965,0.002345624366215446,91,0.0008921644148024812
1086,0.004419325290018329,0.0008448923558449819,85,-0.003574432934173347
1087,0.004437193660518693,0.004213143643776252,84,-0.00022405001674244158
1088,0.0016420932104418036,0.0012842146990460293,90,-0.0003578785113957743
1089,0.005582952505697961,0.004035751645911701,98,-0.0015472008597862607
1090,-0.007828552790411558,-0.0068031674929890104,102,0.0010253852974225477
1091,-0.0016940281998802777,-0.0026694582174147394,101,-0.0009754300175344617
1092,-0.001726478639036929,0.0008129507123572326,103,0.0025394293513941618
1093,-0.0029129593533727062,-0.0035931546786643967,109,-0.0006801953252916905
1094,0.008166972434089884,0.0026047807815085377,114,-0.005562191652581346
1095,0.0007441635791497111,0.0015592351181792539,120,0.0008150715390295428
1096,0.004523927225898929,0.004045731926952058,120,-0.00047819529894687143
1097,0.0033469505029050336,0.00411524584181932,120,0.0007682953389142864
1098,0.002304734219603026,0.0016946887862882302,121,-0.0006100454333147958
1099,-0.002351195522591552,-0.0012270038699245423,117,0.0011241916526670097
1100,-0.004082344030701196,-0.004225777600610355,115,-0.00014343356990915903
1101,-0.006013134297014103,-0.004496128531468082,111,0.0015170057655460216
1102,0.004678697458478985,0.005773209543570096,113,0.001094512085091111
1103,-0.00312381426183271,-0.0022252079220283468,113,0.0008986063398043632
1104,0.007401589218270794,0.006199330989810596,113,-0.0012022582284601981
1105,0.0032287116657377735,0.0003861361569901295,111,-0.002842575508747644
1106,0.007222309617321491,0.005830610957101443,111,-0.0013916986602200481
1107,0.002908259212465885,0.002171472428858241,111,-0.0007367867836076442
1108,0.003199698809065585,0.0022378815696922423,113,-0.0009618172393733426
1109,0.0012460556083302996,0.0013611190063374922,114,0.00011506339800719263
1110,0.0015882074289578565,0.0011490894630706116,115,-0.0004391179658872449
1111,0.0070145627449312515,0.004523113320619196,113,-0.0024914494243120557
1112,0.003780067595794688,0.0025911284079515387,115,-0.0011889391878431494
1113,0.0025628913153169343,0.004731280915808957,116,0.002168389600492023
1114,-0.005377322462769516,-0.0035712870853376755,117,0.0018060353774318402
1115,-0.006263349142732352,-0.003374343721844449,116,0.0028890054208879027
1116,0.000780691402914314,-0.0009197691841973665,116,-0.0017004605871116804
1117,-0.012881199367497527,-0.006171904705411769,116,0.006709294662085758
1118,-0.00394526754820343,-0.000977825218991461,114,0.002967442329211969
1119,0.0097732272628851,0.005111466562126613,114,-0.004661760700758487
1120,0.009340557197592862,0.005778704197307635,109,-0.003561853000285227
1121,-0.0008831706920968706,-0.0013335314348799233,107,-0.00045036074278305275
1122,-0.005034593951074941,-0.0028648965025009554,106,0.002169697448573986
1123,0.008585914663042924,0.004513172769136686,100,-0.0040727418939062385
1124,-8.066584491481715e-05,0.0015299476415098442,92,0.0016106134864246613
1125,-0.009134750950778467,-0.002396279073679717,81,0.00673847187709875
1126,-0.02167477222163048,-0.008999688319690297,77,0.012675083901940182
1127,0.009017110324770353,0.003966608373626852,76,-0.005050501951143501
1128,-0.0026743500311731862,0.003064317204615771,70,0.005738667235788957
1129,0.0025114233275388984,0.0025690922663900743,61,5.7668938851175924e-05
1130,-0.012179091746517878,-0.003378071745678999,56,0.008801020000838879
1131,-0.0073246267201246594,-0.0026405642022664867,52,0.004684062517858172
1132,-0.008712451008342578,-0.008376450588315685,49,0.00033600042002689297
1133,-0.02179704221431529,-0.008769895906374935,44,0.013027146307940355
1134,0.004686220328416572,0.008650288064637475,36,0.003964067736220903
1135,0.005680351720648672,0.00020207785729883402,28,-0.005478273863349838
1136,0.00202031183045132,-0.001260764199334651,26,-0.003281076029785971
1137,-0.007387788514013522,0.001251843874531738,26,0.00863963238854526
1138,0.007176127627789284,-0.00013951459307459668,25,-0.007315642220863881
1139,0.0030529069771205288,0.002905377926002406,25,-0.00014752905111812273
1140,0.01559510193387236,0.005735570739080807,25,-0.009859531194791552
1141,0.03272924232043789,0.007754226288609885,26,-0.024975016031828005
1142,0.021726126876201783,0.002068542592376908,28,-0.019657584283824876
1143,-0.002761922194697433,-0.001391420026696611,37,0.001370502168000822
1144,-0.0016009139302483571,0.00023304720828437042,40,0.0018339611385327274
1145,0.039880715975989016,0.026227809761445054,39,-0.013652906214543962
1146,0.009914315447001788,1.9444149429635738e-05,48,-0.009894871297572152
1147,-0.022384871559284467,-0.018284748417541248,58,0.0041001231417432185
1148,0.004919981485922866,0.002864941680938849,67,-0.0020550398049840168
1149,-0.008219893449773598,-0.007551002641368148,74,0.0006688908084054495
1150,0.02387292297977195,0.01731983180535264,73,-0.006553091174419309
1151,-0.014171240756485433,-0.007167785220314979,81,0.007003455536170454
1152,0.003853951247698709,0.000242140705757666,86,-0.0036118105419410433
1153,0.005524191727869401,0.00397102782932883,94,-0.0015531638985405716
1154,-0.0069961146782429985,-0.0012858297615236396,103,0.005710284916719359
1155,0.0061177205017547255,0.0022666344807468672,103,-0.0038510860210078583
1156,0.0017793272163447436,-0.0005804035259991937,107,-0.002359730742343937
1157,-0.005164433825975514,-0.0048417584574825,116,0.00032267536849301445
1158,0.015034897279482248,0.0060005097369742605,122,-0.009034387542507988
1159,0.009044702804132488,0.005626186399585078,125,-0.0034185164045474102
1160,-0.007155018327239269,-0.007906332852858718,125,-0.0007513145256194493
1161,0.0054043058012291055,0.00022610039217566916,126,-0.005178205409053436
1162,0.004561155776760636,0.004546981122355442,128,-1.4174654405193707e-05
1163,-0.004891795512634034,-0.0028864015494089136,129,0.0020053939632251206
1164,-0.008286372399482603,-0.008084322389160134,130,0.00020205001032246907
1165,-0.010945563048440824,-0.007694873784112782,130,0.0032506892643280423
1166,0.00125436921439955,0.0008923729159293198,130,-0.00036199629847023015
1167,-0.008227134861264368,-0.005903117989792896,131,0.0023240168714714713
1168,0.008238130839143046,0.006195611214457604,131,-0.0020425196246854427
1169,-0.006295373292766859,-0.004930156940516741,131,0.0013652163522501187
1170,8.08507377490298e-05,-0.0011236325350961142,131,-0.001204483272845144
1171,0.005444144027742965,0.00524770896743119,130,-0.00019643506031177468
1172,0.012341508530135666,0.009961474150487547,131,-0.002380034379648118
1173,0.0017567383524591485,0.0006198291205970134,131,-0.0011369092318621351
1174,0.012265331554678127,0.010114569566349344,131,-0.0021507619883287827
1175,0.00027168358810115864,0.0011203830917395807,131,0.000848699503638422
1176,-0.005682264908343088,-0.005404601775462658,131,0.0002776631328804298
1177,0.0003480639569213423,0.0006542345753515823,130,0.00030617061843024
1178,0.00532770312796457,0.007006898628105069,131,0.001679195500140499
1179,-0.012496181698790394,-0.00780807776233997,130,0.004688103936450424
1180,0.007627023486585919,0.003564709317210645,131,-0.004062314169375274
1181,-0.002155585455093374,-0.0018521754024620964,131,0.0003034100526312774
1182,-0.0007526844339444134,-0.001480850203969309,128,-0.0007281657700248956
1183,0.0020441988121822617,0.0008983509406251065,119,-0.0011458478715571552
1184,0.004221879794796436,0.002650924055717017,116,-0.0015709557390794185
1185,-0.0154554217856761,-0.006182172234529093,116,0.009273249551147007
1186,0.026695171606915837,0.01965017811919391,107,-0.007044993487721928
1187,0.015456592982194201,0.009256211820914777,98,-0.0062003811612794234
1188,-0.016358899247521638,-0.014800301974137819,87,0.0015585972733838192
1189,0.0056483138896409974,0.00428279764492814,79,-0.0013655162447128574
1190,-0.016197006553385494,-0.007950646578114416,78,0.008246359975271077
1191,0.0038818134063896624,0.0021610938040833106,70,-0.0017207196023063518
1192,-0.0035851297983457843,-0.008197106939004927,63,-0.004611977140659142
1193,0.019837871924145357,0.0017435840151169592,55,-0.018094287909028398
1194,-0.013768200399773197,-0.006421651892164096,46,0.007346548507609101
1195,-0.005790914443318656,0.0008149335883299846,46,0.006605848031648641
1196,-0.021694494554207595,-0.012901806323522471,42,0.008792688230685124
1197,-0.025368411997721198,-0.019565578031985845,33,0.005802833965735353
1198,-0.0011988650149695498,-0.006714234453224964,27,-0.005515369438255414
1199,-0.0178271245886764,-0.01894259174271948,23,-0.0011154671540430823
1200,0.009628635236179661,0.009339671323230764,24,-0.00028896391294889676
1201,0.0025363408763192023,0.007248312462611643,23,0.0047119715862924405
1202,0.065290302850954,0.04059440297739046,21,-0.024695899873563534
1203,-0.07097731728822293,-0.04266192967501764,24,0.02831538761320529
1204,0.008217222312589064,-0.005968794986794065,22,-0.014186017299383128
1205,0.0017233353007797927,-0.0017517646224177073,22,-0.0034750999231975
1206,-0.0014460670451858393,-0.01120220750947969,25,-0.00975614046429385
1207,0.006990925604520221,0.002673827069712715,32,-0.004317098534807506
1208,-0.02715959679248178,-0.014743539788049102,31,0.012416057004432678
1209,0.004213966060169721,-0.004447562914363671,31,-0.008661528974533393
1210,0.003753009889413002,-0.0012363736699137165,33,-0.004989383559326719
1211,-0.041097845961023394,-0.024790689968152937,38,0.016307155992870456
1212,0.02622822633012149,0.010090701124986773,41,-0.016137525205134715
1213,-0.008116345641634696,-0.008900110221304502,52,-0.0007837645796698062
1214,-0.02492680008493234,-0.008264324838646246,54,0.016662475246286095
1215,0.025727117993391373,0.011181856992723714,57,-0.014545261000667659
1216,0.0009948166401854204,-0.00526957160015179,70,-0.00626438824033721
1217,0.026477508316528404,0.013540780431695435,87,-0.01293672788483297
1218,-0.000433745319888595,0.0002528851884476012,93,0.0006866305083361962
1219,-0.004589061147141899,-0.005132817113619084,93,-0.0005437559664771855
1220,-0.00917653233728042,-0.004880157656830057,99,0.004296374680450363
1221,-0.0003737611688523031,-0.0020112991105856767,104,-0.0016375379417333737
1222,-0.009031120238051048,-0.005316807105968526,120,0.0037143131320825215
1223,-0.009721437066695112,-0.004526217360481386,126,0.0051952197062137264
1224,-0.006646943254054176,-0.00473486374165711,127,0.0019120795123970663
1225,-0.029710284289501315,-0.019223494218667155,128,0.01048679007083416
1226,0.024817015926863258,0.013720981356796925,128,-0.011096034570066332
1227,-0.011024565967245575,-0.0047820738761334015,127,0.006242492091112174
1228,-0.00575298348992368,-0.003309852791975452,127,0.0024431306979482282
1229,-0.027189471499346987,-0.017022972653075744,127,0.010166498846271244
1230,-0.023913317582397724,-0.013963807263704619,128,0.009949510318693105
1231,-0.020031157253082254,-0.0144253630015185,128,0.005605794251563753
1232,0.01445974157491956,0.009834293876020101,129,-0.004625447698899459
1233,0.023693460520421032,0.01814169792674244,129,-0.005551762593678591
1234,0.014332375596108643,0.00893419345601337,128,-0.0053981821400952736
1235,0.029286554199627078,0.017808729783181782,130,-0.011477824416445296
1236,-0.0032074699231065345,-0.001108991690300131,130,0.0020984782328064035
1237,-0.026594213710298242,-0.018247626021259945,130,0.008346587689038298
1238,0.019151341249135187,0.011302605077163711,129,-0.007848736171971476
1239,0.00366786293030562,0.00374578509310468,128,7.792216279906006e-05
1240,-0.01981037634233936,-0.0106205309293257,129,0.00918984541301366
1241,0.012184027734894094,0.0072006495068930206,132,-0.004983378228001073
1242,0.02445029413486082,0.01529214647834515,132,-0.009158147656515672
1243,-0.0009437951388798901,-0.0026035125374721108,128,-0.0016597173985922207
1244,0.02838047422372521,0.017691989022343337,128,-0.010688485201381874
1245,-0.02497884894109125,-0.020526809271784813,128,0.004452039669306438
1246,0.01757895183354062,0.014642590623032449,125,-0.002936361210508172
1247,-0.012444255673770298,-0.006758777467683378,117,0.00568547820608692
1248,0.021149090473857043,0.014161122844267664,116,-0.006987967629589378
1249,0.021222778239081506,0.015373197825047823,117,-0.005849580414033682
1250,-0.003992763911884979,-0.003534005059191437,117,0.0004587588526935417
1251,0.02267781219909623,0.012865617972135578,114,-0.009812194226960653
1252,-0.018904958636781027,-0.010949939225438687,112,0.00795501941134234
1253,0.0012132122561250736,-0.0007179252581058415,100,-0.001931137514230915
1254,-0.003172286883888585,-0.0014944507124173517,98,0.0016778361714712333
1255,0.01063170506369028,0.007815920966625872,96,-0.0028157840970644086
1256,-0.006625045326505674,-0.004304172475953732,83,0.0023208728505519412
1257,0.0073450060954796635,0.005510278419439782,66,-0.0018347276760398816
1258,0.018838563177065087,0.005965645102977837,59,-0.01287291807408725
1259,0.005255519248662828,-0.006244108537139945,59,-0.011499627785802774
1260,0.003259020520177155,-0.0052408573810328275,52,-0.008499877901209983
1261,0.019435695075014574,0.010090020772473299,45,-0.009345674302541275
1262,-0.007098748655974508,-0.0016429840392338246,28,0.005455764616740684
1263,0.009667640295896363,0.008752914349638785,24,-0.0009147259462575774
1264,0.002659235953545029,-0.00300766935531132,25,-0.005666905308856349
1265,0.010697846973110244,0.005975498286904357,25,-0.004722348686205887
1266,0.003353328205100037,-0.00047985503052508263,25,-0.0038331832356251197
1267,-0.007121962452963149,-0.005385294964556535,24,0.0017366674884066137
1268,0.018536873900118853,0.016549537604885454,24,-0.0019873362952333995
1269,0.008135848430471935,0.008059551736493073,25,-7.629669397886223e-05
1270,-0.01514888996500169,-0.01344020281615553,25,0.0017086871488461598
1271,0.013698744008982487,0.007211515032427409,26,-0.006487228976555078
1272,0.00610746307631765,0.012434541729032843,26,0.006327078652715193
1273,0.015696625674098914,0.0056585392314486135,29,-0.0100380864426503
1274,0.00097825183129472,-0.00010549890567912446,32,-0.0010837507369738444
1275,0.005978515482104779,0.003524995593635487,31,-0.002453519888469292
1276,0.01738873135017602,0.007025436741577022,37,-0.010363294608599
1277,-0.009506301285807171,-0.00512073725237279,41,0.004385564033434381
1278,-0.002668986626215682,-0.006982424205551196,46,-0.004313437579335513
1279,0.019231720861731673,0.006076454443976862,50,-0.013155266417754812
1280,-0.010311649904489894,-0.003791643240767775,49,0.006520006663722119
1281,0.003951111745309639,0.004024089034768148,47,7.297728945850936e-05
1282,0.0010088372340923105,0.003755384821870306,54,0.0027465475877779953
1283,0.007491459630666214,0.003027270155705486,68,-0.004464189474960728
1284,0.0007621285675297334,0.0023760913405694185,74,0.001613962773039685
1285,-0.0012815505949078383,-0.002046572515605236,74,-0.0007650219206973977
1286,0.0063489481428173405,0.004320128806032401,77,-0.0020288193367849396
1287,0.0048810908097237935,0.0025055444706714143,81,-0.002375546339052379
1288,0.002171644081515787,0.00150799871936148,85,-0.000663645362154307
1289,0.0014118584428542574,8.13688381489212e-05,87,-0.0013304896047053362
1290,-0.004473486467310901,-0.0020802909791171093,87,0.002393195488193792
1291,-0.005498209712389636,-0.004917339908491244,87,0.0005808698038983926
1292,-0.004656742480543673,-0.005439259492613602,89,-0.0007825170120699292
1293,-0.0023157984056180513,-0.00269639104748981,94,-0.0003805926418717588
1294,0.013555119947875515,0.007128138337363375,95,-0.00642698161051214
1295,-0.011487261649623317,-0.003105805074253596,101,0.008381456575369721
1296,-0.00025877821846118196,0.0004655205762045822,104,0.0007242987946657641
1297,0.00817527492293222,0.00293862367983795,109,-0.0052366512430942706
1298,-0.007896901577013088,-0.002287685506674733,111,0.005609216070338355
1299,0.0028985465190039883,0.0010944151713983617,111,-0.0018041313476056266
1300,0.007253071632525592,0.0023002362636548586,113,-0.0049528353688707335
1301,-0.01312268169736767,-0.0067144942971809115,114,0.006408187400186758
1302,-0.00025270708179621874,-0.0007867673863325526,116,-0.0005340603045363339
1303,0.004787042394493237,0.0019938304339846766,115,-0.00279321196050856
1304,0.01589385365117383,0.006376820575064764,114,-0.009517033076109065
1305,-0.0004547363314336144,0.0016132066483542928,115,0.002067942979787907
1306,0.01634030233230247,0.0062406889041743295,117,-0.010099613428128141
1307,0.0015372997855175794,-0.001963733690832078,117,-0.0035010334763496574
1308,-0.008566159548939443,-0.00364781860257705,118,0.004918340946362393
1309,0.010636618040259739,0.0070909056159113425,117,-0.003545712424348396
1310,0.005791116959660478,0.002199760154900485,116,-0.0035913568047599926
1311,0.0036285073531419367,0.0021595428830299018,118,-0.001468964470112035
1312,-0.0024183383415180147,0.0006185883899800971,118,0.0030369267314981118
1313,0.005654741277902545,8.726762259291683e-05,114,-0.0055674736553096285
1314,-0.009830166713517777,-0.005096049163500888,111,0.004734117550016889
1315,0.011868095370489983,0.00562027909169709,111,-0.006247816278792893
1316,0.02028614807676828,0.008627515213180418,105,-0.011658632863587861
1317,-0.014739431986686886,-0.005648417472653211,106,0.009091014514033675
1318,0.007854308477721715,0.002843350713319594,103,-0.005010957764402121
1319,0.004190607585726651,0.003228322260282627,99,-0.000962285325444024
1320,-0.00020178341106253961,-0.0003904516918795324,98,-0.00018866828081699278
1321,0.022233422897394158,0.011766012192116718,96,-0.01046741070527744
1322,0.003132154537525152,0.003360988101440458,91,0.00022883356391530628
1323,-0.010369098102476607,-0.005637227856861047,77,0.00473187024561556
1324,-0.007660215577492497,-0.007158287247175577,71,0.0005019283303169201
1325,0.01747256120822965,0.011836201336655888,71,-0.005636359871573762
1326,0.0149437207990758,0.006220922536446903,68,-0.008722798262628896
1327,-0.00364000238109768,-0.0027429797356658078,65,0.0008970226454318724
1328,-0.007802082353053607,-0.0029921775101658214,61,0.004809904842887786
1329,-0.0008279149340195518,0.0003246376295407751,58,0.001152552563560327
1330,0.01606043599343911,0.011905377878164173,56,-0.004155058115274937
1331,0.009488811213431859,0.007896355543805925,56,-0.0015924556696259341
1332,-0.015210683288855041,-0.010879083372709309,56,0.004331599916145732
1333,0.02214425415865012,0.014342894575281102,51,-0.007801359583369017
1334,0.018721960327063105,0.012200042479699809,58,-0.006521917847363296
1335,-0.007589935789666838,-0.008907461068027544,57,-0.001317525278360706
1336,0.01892073542526964,0.012842203381646116,60,-0.006078532043623524
1337,-0.019480128466333863,-0.012525518699282773,65,0.00695460976705109
1338,0.003039187405044181,0.0070009875081014795,64,0.0039618001030572985
1339,0.012116741016338037,0.006352186078409867,69,-0.00576455493792817
1340,-0.0016580417613252156,-0.002931374560913993,78,-0.0012733327995887772
1341,-0.005611495066662028,-0.005272257877537631,89,0.00033923718912439674
1342,0.016729648286228648,0.011720723914026164,93,-0.005008924372202484
1343,0.001922278764728666,0.0032624223273505495,95,0.0013401435626218836
1344,-0.018996145198860812,-0.00987325030972845,103,0.009122894889132363
1345,-0.017322288392073643,-0.013464171939422469,109,0.0038581164526511735
1346,0.01420849068702436,0.00868985092070406,115,-0.005518639766320299
1347,-0.009442616640655674,-0.008725093496869896,126,0.0007175231437857778
1348,-0.015957546455789035,-0.010983481276018232,125,0.004974065179770802
1349,-0.0353987343373507,-0.021141332453439608,127,0.01425740188391109
1350,0.017212455412922375,0.0097000832425502,127,-0.0075123721703721745
1351,-0.0005375621351645645,-0.00012913832481963532,124,0.0004084238103449292
1352,0.023468708222818702,0.01798927138871325,123,-0.005479436834105452
1353,0.0021562342063226264,0.0014420589983644813,123,-0.0007141752079581451
1354,-0.0007258213417090753,-0.0003648682946197262,123,0.0003609530470893491
1355,-0.007873345765432185,-0.005933342567140819,124,0.001940003198291366
1356,-0.006699717425619421,-0.00463640494193864,127,0.0020633124836807806
1357,0.018417031974886967,0.014532824481007074,123,-0.0038842074938798925
1358,-0.0037035962368462297,-0.004204037290914122,121,-0.000500441054067892
1359,-0.00493388212080528,-0.0019432788290973761,121,0.002990603291707904
1360,0.0025484243938986677,0.003298188712306399,121,0.0007497643184077312
1361,0.01714538470837851,0.010518353582985595,121,-0.006627031125392917
1362,0.0017525976936093022,-0.000400024872073354,119,-0.002152622565682656
1363,-0.006122010334178744,-0.0046548540755167195,119,0.0014671562586620248
1364,0.011853841508434554,0.009367907097111406,120,-0.002485934411323148
1365,0.00022759748271249287,-0.002037927432829905,120,-0.0022655249155423976
1366,-0.005322093425302202,-0.0027766454821289417,122,0.0025454479431732606
1367,0.0009106464540584367,0.002366974512734395,121,0.0014563280586759582
1368,-0.0025270751131777564,-0.0037556715219161946,122,-0.0012285964087384383
1369,-0.0005538087953091458,-9.919043043510007e-05,123,0.00045461836487404575
1370,-0.002380164764682375,-0.003039002506901422,123,-0.0006588377422190473
1371,-0.014686815982102256,-0.009924785918236827,121,0.004762030063865429
1372,-0.005555072137843929,-0.005792217994602659,117,-0.0002371458567587293
1373,0.0005671908252701385,8.304154206940003e-05,117,-0.0004841492832007385
1374,0.0006920103613960026,0.003402268415895336,109,0.002710258054499333
1375,0.015021231107100207,0.008531325817530726,104,-0.00648990528956948
1376,-0.01462059394644926,-0.010398490885577816,99,0.004222103060871445
1377,-0.0035598305792326336,-0.0011555032043607614,89,0.002404327374871872
1378,0.00762343546586125,0.005702357324230187,88,-0.0019210781416310633
1379,0.007689437850674439,0.003510247889018177,83,-0.004179189961656262
1380,0.009286040487378983,0.004617103831794265,72,-0.004668936655584718
1381,0.0023754125658570287,3.599491045195672e-05,60,-0.002339417655405072
1382,0.008864843293727174,0.004628966933642186,54,-0.004235876360084987
1383,0.010971919383937377,0.005248704013431478,51,-0.005723215370505899
1384,-0.013783750120724003,-0.006423688130290439,43,0.0073600619904335635
1385,-0.008037678798336811,-0.006523408213131615,34,0.0015142705852051958
1386,-0.004789904045389515,-0.007452658310339071,26,-0.002662754264949556
1387,-0.009167806021604918,-0.005660904064310264,15,0.003506901957294654
1388,-0.0028076032076611358,-0.0023179006029369954,15,0.0004897026047241404
1389,0.004912332745483057,0.0060146070187658916,13,0.0011022742732828342
1390,-0.0010702569617310797,0.00047088063204686186,13,0.0015411375937779415
1391,0.006925229259575103,0.00827631900769691,13,0.0013510897481218065
1392,0.004016603887422874,-0.0019010737934064441,13,-0.005917677680829318
1393,0.01690057204754098,0.014624221944869367,14,-0.002276350102671614
1394,-0.004646102771586258,-0.004248620457229402,15,0.00039748231435685587
1395,0.004648722559298499,0.009627530865438088,13,0.004978808306139589
1396,0.0075439014271324375,0.004109976497199108,10,-0.0034339249299333297
1398,0.004512934884589674,0.002258673569337836,15,-0.0022542613152518377
1399,-0.001751614323701257,-0.00023906851461027396,23,0.0015125458090909831
1400,-0.001656613407557641,-0.0005150328692254735,25,0.0011415805383321676
1401,0.006976645767657425,0.0026329404409972134,27,-0.004343705326660211
1402,0.00022016225993898834,0.002031825160923187,31,0.0018116629009841984
1403,0.008826647257277886,0.0007461613278637972,35,-0.00808048592941409
1404,0.004286525389120782,-0.0010529470259257273,44,-0.005339472415046509
1405,0.009871982607938916,0.008082870788814533,48,-0.0017891118191243824
1406,0.010027920005219335,0.00818233425892735,46,-0.001845585746291985
1407,-0.010621652777779812,-0.007346275857887353,52,0.003275376919892458
1408,-0.004009152625728307,-0.004012086300665921,59,-2.933674937613713e-06
1409,0.01959518442666843,0.012557235454697153,62,-0.007037948971971278
1410,0.009206638628478262,0.0037960759282739975,69,-0.005410562700204265
1411,-0.009996040456726878,-0.004607155265797838,69,0.00538888519092904
1412,0.006543190522727564,0.00599165893004073,70,-0.0005515315926868346
1413,0.0006305225779954039,0.002358035989498762,70,0.0017275134115033583
1414,-0.01552619343154197,-0.008556027485476864,70,0.006970165946065105
1415,-0.008921495957605694,-0.007117385500788808,70,0.0018041104568168858
1416,0.013138967066941438,0.009027278185457333,69,-0.004111688881484105
1417,5.5198207799022214e-05,-0.0011596767555568505,69,-0.0012148749633558726
1418,0.006089988998769499,0.003486667653518808,70,-0.002603321345250691
1419,0.00758708549171956,0.006196371059480039,70,-0.0013907144322395214
1420,-0.007803865261013386,-0.006066860866933881,72,0.0017370043940795055
1421,0.00588127794612044,0.004572645084958675,72,-0.0013086328611617648
1422,0.0030689612922655094,0.0025368581547728177,72,-0.0005321031374926916
1423,0.0028756413102825136,0.0023748754478193778,74,-0.0005007658624631359
1424,-0.003083030003886597,-0.0007368137429478022,74,0.002346216260938795
1425,-0.006417369985717884,-0.003667470894784926,74,0.002749899090932958
1426,-0.01442809071788268,-0.011429542125070066,74,0.0029985485928126134
1427,0.004248905185190201,0.0040037330624503485,74,-0.00024517212273985223
1428,0.007077554767655155,0.0029512223219895954,74,-0.00412633244566556
1429,6.346113652831628e-05,8.582109054494858e-05,75,2.2359954016632302e-05
1430,0.0015924528348673873,0.0015492543033121765,76,-4.3198531555210806e-05
1431,0.013994218831894134,0.009056666949717844,76,-0.0049375518821762904
1432,0.007564589094767121,0.005173336481618882,76,-0.0023912526131482396
1433,-0.0020277189986456948,-0.001241024290141944,75,0.0007866947085037508
1434,0.008111493317472135,0.00431854546610645,74,-0.003792947851365684
1435,0.0020748671376665476,0.0018158412587231192,74,-0.0002590258789434284
1436,0.00883667844683978,0.006688194357480415,74,-0.0021484840893593645
1437,-0.007080274281126912,-0.007401994855657187,74,-0.0003217205745302751
1438,0.009594138037657346,0.003474498195043944,68,-0.006119639842613402
1439,-0.0035362375054543665,0.0004005764728737223,60,0.003936813978328089
1440,0.0058302527554854764,0.00034627560802612495,58,-0.005483977147459351
1441,-0.0031831633057852163,-0.002656421600146885,57,0.0005267417056383315
1442,-0.010204995138475913,-0.0062713186655927655,54,0.003933676472883147
1443,0.004037293646227631,0.0013037519073901848,50,-0.0027335417388374464
1444,0.01236590809034097,0.0074355443771161045,40,-0.004930363713224865
1445,0.004934773919157528,0.002991753025169084,36,-0.0019430208939884438
1446,-0.008208949858348961,-0.006250560339400462,36,0.0019583895189484992
1447,-0.011567731387860814,-0.005094100315871108,31,0.006473631071989706
1448,-0.0017311406403604295,0.003037406864105749,23,0.004768547504466179
1449,0.014835295515070089,0.0071329195328024494,19,-0.00770237598226764
1450,0.011782695293143639,0.007730596763142712,12,-0.0040520985300009265
1451,0.008615088344442514,0.004313215865473378,12,-0.004301872478969136
1452,0.010696088273502557,0.005440100706962123,11,-0.005255987566540434
1453,0.0015966320492204376,0.0032803572528663605,11,0.0016837252036459229
1454,-0.007419375531058234,-0.004472360195515234,11,0.0029470153355429995
1455,0.005290908735507436,0.0030409382249397114,11,-0.0022499705105677244
1456,0.006543995830312076,0.010953701799612353,11,0.004409705969300277
1457,-0.002294090275209225,-0.004920398370849888,11,-0.0026263080956406633
1458,-0.007269178348539451,-0.007391017368305441,10,-0.00012183901976599038
1459,0.0068476933238118985,0.005528642448820409,10,-0.0013190508749914894
1462,-0.004710832676415264,-9.796905635309858e-05,13,0.004612863620062166
1463,-0.0029640042522798282,-0.010141228504503637,15,-0.007177224252223809
1464,0.002907810992678123,0.0003472979294055767,18,-0.0025605130632725464
1465,-0.01786981779257832,-0.004664882299633233,20,0.013204935492945085
1466,-0.019506534655180097,-0.0051689374095180455,22,0.01433759724566205
1467,-0.004258904460239253,0.004710591349559257,24,0.00896949580979851
1468,-0.0004007468711175553,-0.0033938158348411867,35,-0.0029930689637236315
1469,0.0009488277562822127,0.0011275623815779718,35,0.00017873462529575913
1470,0.016450593585722054,0.005408900384566562,34,-0.011041693201155492
1471,-0.015163004167411603,-0.007606931072782838,37,0.007556073094628765
1472,0.018986564076225135,0.005513111796100718,38,-0.013473452280124417
1473,-0.009276846953718105,-0.002319802140855989,45,0.006957044812862115
1474,0.0032709632259792757,0.004506210423632767,47,0.0012352471976534913
1475,-0.011926627798271238,-0.004903313034787878,48,0.00702331476348336
1476,0.006887185946480054,-0.0003067766421279844,48,-0.007193962588608038
1477,-0.010458053957519284,-0.004631041864453144,49,0.00582701209306614
1478,0.00678448034489898,0.00426012141143052,49,-0.0025243589334684596
1479,0.018109237008803656,0.009544691134908103,49,-0.008564545873895553
1480,-0.00024268997564004497,-0.002609150082522369,49,-0.002366460106882324
1481,-0.004930792015494655,-0.004181235498409795,48,0.0007495565170848595
1482,-0.010916113227702133,-0.005209405795569766,48,0.005706707432132367
1483,-0.0008090390957081411,0.0002979439060478706,49,0.0011069830017560118
1484,0.012458555373990461,0.008541385870789557,50,-0.003917169503200904
1485,-0.00805404981466742,-0.005420785751913035,50,0.002633264062754384
1486,-0.0032292505122339474,-0.0023619891953212103,50,0.0008672613169127372
1487,-0.010437198509791664,-0.00589211651087966,49,0.004545081998912004
1488,0.0015741460090249234,0.0018565550432876603,49,0.0002824090342627369
1489,0.0018306591419145445,0.0005143708402209516,49,-0.001316288301693593
1490,0.014863564484972634,0.010119816150838854,50,-0.00474374833413378
1491,-0.005897240858264028,-0.0037439481677139595,50,0.0021532926905500687
1492,0.017358116633878522,0.009783326290003627,50,-0.007574790343874895
1493,-0.0019816861776817208,6.605156007819524e-05,50,0.002047737737759916
1494,0.00568827130276357,0.003666904675083531,50,-0.002021366627680039
1495,0.002640804059891465,-0.0025093654547673795,51,-0.005150169514658845
1496,-0.008950313763979638,-0.0067359113602690306,52,0.0022144024037106073
1497,0.0033214310173326923,0.0035734472912536583,53,0.0002520162739209661
1498,0.014032484068765906,0.008847587082186754,53,-0.005184896986579151
1499,0.0028888863277412276,0.0030129689191574142,53,0.0001240825914161866
1500,0.005277794579532147,0.0019096766476011755,53,-0.003368117931930971
1501,-0.006758793536629423,-0.003562839493153467,53,0.0031959540434759563
1502,-0.0009538336587463103,-0.0013318434569146165,50,-0.0003780097981683062
1503,0.008598364835956034,0.0058233311985944345,46,-0.0027750336373616
1504,0.011210698027572878,0.008213881576556514,42,-0.0029968164510163642
1505,0.00933087905993918,0.008453687883548446,41,-0.0008771911763907347
1506,-0.004194499566670167,-0.0029738179957726906,39,0.0012206815708974768
1507,0.0006411401967788765,0.0013286530716735945,37,0.000687512874894718
1508,0.007545254522317784,0.0009898231468027545,26,-0.006555431375515029
1509,0.0007452732959581355,-0.001446812423789834,25,-0.0021920857197479694
1510,-0.002479191642009866,-0.004377495714667341,25,-0.0018983040726574755
1511,0.004962918730050402,0.0013063262177561,22,-0.003656592512294302
1512,0.004387668724779385,0.0029469338944465412,21,-0.0014407348303328437
1513,0.018046107059510423,0.007646512416407498,14,-0.010399594643102925
1514,0.008683998504997938,0.0038231756222614297,13,-0.004860822882736508
1515,0.005746592264320051,0.003887630857947207,12,-0.001858961406372844
1516,-0.016278346697580215,-0.015227676329994009,12,0.0010506703675862063
1517,-0.016715570867044543,-0.01311735848375765,12,0.0035982123832868935
1518,0.00179479324620354,0.0030023347942158465,13,0.0012075415480123065
1519,0.0007024067053845131,0.002718181443452705,13,0.002015774738068192
1520,-0.0011326137470516558,-0.003424187458783325,13,-0.002291573711731669
1521,0.00707706460857467,0.005151074452707085,13,-0.0019259901558675852
1522,-0.0038602519460430675,-0.0059183806486936,12,-0.002058128702650532
1523,0.008463042940461416,-0.0038694999078778916,12,-0.012332542848339307
1524,-0.008695987214992769,-0.008470821852982587,15,0.00022516536201018164
1525,0.004957747528694448,0.0032217569613808214,16,-0.0017359905673136264
1526,0.007290940027001447,0.0007491835728958579,17,-0.006541756454105589
1527,-0.001625749999266888,0.00010210232821656765,17,0.0017278523274834557
1528,-0.007239534371662301,-0.004026917587130679,19,0.0032126167845316226
1529,-0.009945029707506325,0.00025444741604122023,20,0.010199477123547546
1530,0.012414772507683244,0.003951539393856904,19,-0.00846323311382634
1531,-0.0023557739067552263,-0.0036443585342794565,19,-0.0012885846275242302
1532,-0.0008892034907794459,-0.003354792732717633,21,-0.002465589241938187
1533,-0.02160816543356976,-0.008208708696632245,22,0.013399456736937513
1534,0.0061234595967298985,-0.0030867225217084426,25,-0.009210182118438342
1535,0.009845063630286869,0.0004114672697324274,26,-0.009433596360554441
1536,0.002937740708403576,0.0019392656320236688,27,-0.0009984750763799074
1537,0.0026582842430110942,0.003907434229662011,28,0.001249149986650917
1538,0.005521545232099418,0.0017240131647223021,29,-0.0037975320673771158
1539,0.0054160827314377324,0.0023425453211632845,30,-0.003073537410274448
1540,0.005818634326534876,0.001218208088409563,31,-0.004600426238125313
1541,-0.00025829225748229175,-0.0014794914162534608,30,-0.001221199158771169
1542,0.010807919673756928,0.001854308636042279,30,-0.00895361103771465
1543,-0.00249312556934832,-0.003165587496651149,30,-0.0006724619273028292
1544,0.001956144739627763,0.0014413872157602926,30,-0.0005147575238674705
1545,-0.007234069325221678,-0.0048837321456483415,30,0.0023503371795733363
1546,-0.0016825873609760608,0.00020785044196257665,32,0.0018904378029386375
1547,-0.002485784476959597,-0.0034686515133140307,34,-0.000982867036354434
1548,0.005296499453783031,-0.0006885881936941155,36,-0.005985087647477147
1549,0.01228289932769963,0.004329858441763986,37,-0.007953040885935642
1550,0.005862932104866193,0.003499742937215093,37,-0.0023631891676511004
1551,-0.011378047979911815,-0.005773527671125,37,0.0056045203087868155
1552,0.0018708034564700062,-0.0014259282424161608,41,-0.003296731698886167
1553,0.0023301757498447053,0.002191558388592667,42,-0.00013861736125203843
1554,0.0008588448407994635,0.0001629188644231114,41,-0.0006959259763763521
1555,0.013537970795646862,0.010893956418068906,41,-0.002644014377577957
1556,0.005991801035775037,0.006347641187107232,41,0.00035584015133219467
1557,-0.0004562708046926156,0.0011978882269484737,40,0.0016541590316410894
1558,-0.006199987407469823,-0.00632578096496392,40,-0.0001257935574940968
1559,-0.00720309142464682,-0.003703982382662024,41,0.0034991090419847965
1560,-0.0003902349335569108,0.0008057433962345612,41,0.001195978329791472
1561,0.003633054871583838,0.0003111928587861676,41,-0.00332186201279767
1562,-0.0025383949539732956,-0.0019117773322926115,41,0.000626617621680684
1563,-0.009543758364241395,-0.006240422197051082,40,0.0033033361671903133
1564,0.01330229161456233,0.009698298147567215,36,-0.003603993466995116
1565,0.007241403828214483,0.005112422188875288,36,-0.0021289816393391947
1566,-0.004701679382120522,-0.0031478393468933868,35,0.0015538400352271354
1567,-0.010868826601990756,-0.008321177615945993,35,0.0025476489860447628
1568,0.006516100537930173,0.0021636035871378714,35,-0.004352496950792302
1569,-0.003937674817096709,-0.0022606465502231546,34,0.0016770282668735546
1570,-0.0003728176226123595,0.0007188149650451017,34,0.0010916325876574613
1571,-0.0062862160259894795,-0.006217093553640633,34,6.912247234884625e-05
1572,0.007632903983118864,0.003784996305856568,32,-0.003847907677262296
1573,0.020454466076947373,0.014609433193745865,31,-0.0058450328832015085
1574,-0.003677408468733085,-0.001963512808679279,28,0.0017138956600538059
1575,-0.007634345582171951,-0.005065951756594671,26,0.0025683938255772797
1576,-0.005003690970794165,-0.002214910698005723,25,0.0027887802727884423
1577,-0.0020420734943225327,-0.00046489099063920514,24,0.0015771825036833276
1578,-0.0030452421223304917,-0.0038569922831379424,24,-0.0008117501608074507
1579,0.00359383176757486,0.003236347474019468,23,-0.00035748429355539216
1580,0.01513714114341368,0.0140884232022233,22,-0.0010487179411903802
1581,-0.0013795676314431774,0.0030387529551137993,23,0.0044183205865569765
1582,0.004052646448664982,0.004372917523800101,22,0.00032027107513511906
1583,-0.017840759112963532,-0.010746053294471031,22,0.007094705818492501
1584,0.009822871053482608,0.0029160901081225136,22,-0.0069067809453600935
1585,0.013366744930798839,0.014215174452768164,22,0.0008484295219693249
1586,0.011722129794925368,0.003367262903008719,25,-0.008354866891916649
1587,0.008277326622954615,0.007753761447262296,31,-0.0005235651756923185
1588,-0.009572704688113887,-0.007974207557078549,37,0.001598497131035338
1589,-0.0032455478284061892,-0.00144079314280434,38,0.0018047546856018492
1590,-0.004176704248926422,-0.00171980977856393,40,0.002456894470362492
1591,0.006676752308746539,0.0064142980508450406,43,-0.0002624542579014984
1592,-0.01019002774621539,-0.004190813295670231,51,0.0059992144505451594
1593,0.0108508735682484,0.006128825984356697,53,-0.004722047583891703
1594,-0.007782738545347519,-0.004227538704814677,54,0.0035551998405328415
1595,-0.008445717193941193,-0.004300354122126546,55,0.004145363071814647
1596,-0.0030542483346124483,-0.0016174414168216597,56,0.0014368069177907886
1597,-0.020687727703647844,-0.007429268288798341,59,0.013258459414849502
1598,0.017307219598166432,0.011947000373506279,59,-0.005360219224660153
1599,0.011892548288133496,0.0057507479030991454,59,-0.00614180038503435
1600,0.017552843077352623,0.009788413147869343,62,-0.00776442992948328
1601,0.0004914875275414341,4.6673990348333924e-05,63,-0.0004448135371931002
1602,-0.008756121400259604,-0.0050428651079098075,63,0.003713256292349796
1603,0.00024971140412790476,0.0003911395468754627,63,0.00014142814274755794
1604,-0.008885215894190637,-0.004776503617132703,63,0.0041087122770579335
1605,-0.01108884135341444,-0.005714403379488662,62,0.005374437973925779
1606,-0.014761018337014837,-0.008659961223605819,62,0.006101057113409018
1607,0.008994117375866624,0.006055958135080918,63,-0.0029381592407857057
1608,0.004419145363485092,0.0013545712938328918,61,-0.0030645740696522003
1609,-0.00038563459135675034,-0.0002529589183587204,61,0.00013267567299802993
1610,0.0076413847340903165,0.005254090539521999,61,-0.002387294194568318
1611,0.017455625963652344,0.009315463029000983,61,-0.008140162934651361
1612,-0.002424704365568167,-0.0003826870277000428,62,0.0020420173378681242
1613,-0.015111288039664193,-0.007976579106401586,63,0.007134708933262606
1614,0.007760590805958073,0.002976046656395019,63,-0.004784544149563055
1615,0.012034991797193058,0.004261708386482859,64,-0.007773283410710199
1616,-0.019432967380017745,-0.010837471019652642,63,0.008595496360365103
1617,-0.018689016697689794,-0.009686498034302118,63,0.009002518663387676
1618,-0.009909440562201478,-0.0033186650028767814,62,0.006590775559324697
1619,0.012886777754082025,0.005126332584254851,62,-0.0077604451698271735
1620,0.007721802109560184,0.004561401689339186,64,-0.0031604004202209976
1621,0.010662364294011578,0.005821562911335581,63,-0.004840801382675996
1622,0.005178277184638992,0.0030840001375270903,64,-0.0020942770471119015
1623,0.009070881845353367,0.003982731126718498,64,-0.005088150718634868
1624,-0.004133607546490004,-0.0014320779846737947,65,0.0027015295618162097
1625,-0.0019722795322521334,-0.0005281945761458524,64,0.001444084956106281
1626,0.0003891217111018197,0.0013056839252101992,60,0.0009165622141083796
1627,-0.008759090511487473,-0.0025487226745767397,52,0.006210367836910733
1628,-0.009325274254744793,-0.004036482988689721,44,0.005288791266055071
1629,0.0023668093805702117,0.0011561821720074165,42,-0.0012106272085627952
1630,-0.003958713319033931,-0.001342826190761653,42,0.002615887128272278
1631,0.011455463881150402,0.004103889462210397,39,-0.007351574418940005
1632,0.0022986541329734315,0.006609114460352609,27,0.004310460327379177
1633,-0.01270369371720729,-0.0033576270964704815,24,0.00934606662073681
1634,0.006844942055601127,0.005423118781154964,23,-0.0014218232744461629
1635,0.0023451891299185357,0.006534004280155472,22,0.004188815150236936
1636,0.001418316637417147,-0.004029874930350568,21,-0.0054481915677677155
1637,-0.024735347906841922,-0.0142853096908001,18,0.010450038216041822
1638,0.009216259709682748,0.003661203981115847,17,-0.005555055728566901
1639,0.0030387822093425887,0.004568825333391778,16,0.0015300431240491894
1640,0.012793652182438013,0.005955869863471511,14,-0.006837782318966502
1641,-0.012514932881332985,-0.006193622138109896,13,0.006321310743223089
1642,0.03046491000120917,0.016456926174130082,13,-0.014007983827079087
1643,-0.0011543419100698176,-0.0009672134023360244,13,0.00018712850773379322
1644,-0.005068949434250776,-0.005310760641685889,14,-0.00024181120743511312
1645,-0.012489736596634755,-0.005575528732431041,14,0.006914207864203714
1646,-0.005603947802546717,-0.0062168724859111525,14,-0.0006129246833644353
1647,0.012317299665327096,0.009235895012295612,13,-0.003081404653031484
1648,-0.019824603084309254,-0.020169704380616663,17,-0.0003451012963074096
1649,0.020707823136100284,0.011129064118922852,21,-0.009578759017177432
1650,0.017034402594521807,0.0053723738639571625,32,-0.011662028730564645
1651,0.015926430550987514,0.009305746241169475,37,-0.006620684309818039
1652,-0.01600032867688082,-0.012144748024359962,36,0.0038555806525208576
1653,-0.008689741845267582,-0.006310754604790425,40,0.0023789872404771572
1654,0.0023960266299556075,0.0028188567956809727,46,0.0004228301657253652
1655,0.005464387134575988,0.0018467011677808934,60,-0.0036176859667950943
1656,-0.0008916565986295701,-0.0010334842367506329,66,-0.0001418276381210628
1657,-0.0060410949191127975,-0.0029488216348876224,65,0.003092273284225175
1658,0.005348552049301479,0.0009550595156897935,70,-0.004393492533611686
1659,-0.005488323280804826,-0.002871184566185758,76,0.002617138714619068
1660,-0.0045237993978873,-0.0009157310438220878,82,0.003608068354065212
1661,0.0070632431602024506,0.004121563780071824,87,-0.0029416793801306266
1662,-0.014011816382423608,-0.006504182005010547,87,0.007507634377413061
1663,-0.01759588837523117,-0.012735652246483318,89,0.004860236128747851
1664,-0.0025679032605460056,-0.002379247874349553,89,0.00018865538619645267
1665,-0.008129791801128303,-0.004114752903813068,90,0.004015038897315235
1666,0.009989687574370711,0.007354419512736594,90,-0.0026352680616341176
1667,0.008817108201436006,0.005715696185832211,90,-0.0031014120156037947
1668,0.0036801650047618237,0.0027339222526432828,90,-0.000946242752118541
1669,-0.011897147960105993,-0.007621430832173676,91,0.004275717127932318
1670,0.001483611286602556,0.0012066320402775352,91,-0.0002769792463250208
1671,-0.01466504391960064,-0.010393953003582698,93,0.004271090916017942
1672,-0.004161456915735174,-0.0023635711021455677,93,0.0017978858135896066
1673,0.008496826602396357,0.005216451734980087,93,-0.0032803748674162707
1674,-0.0043515288164463805,-0.0027273847224227,94,0.0016241440940236804
1675,0.01557786288708161,0.0107315431415039,95,-0.004846319745577709
1676,-0.008827930814220635,-0.005124629789178999,96,0.0037033010250416354
1677,-0.00031779495467347774,5.126896192389254e-05,96,0.00036906391659737026
1678,0.01787437488147396,0.012177342910141359,97,-0.005697031971332603
1679,0.007816886194023423,0.003334064952579687,98,-0.004482821241443736
1680,0.006022678200540437,0.004268126763451314,98,-0.0017545514370891227
1681,-0.008440299097636992,-0.004283194436116434,99,0.004157104661520558
1682,0.003430597399633981,0.0017986199473298825,100,-0.0016319774523040984
1683,-0.0032963584400970327,-0.0020285196097075877,100,0.001267838830389445
1684,-0.0016523194841766462,-0.0007056215379144955,99,0.0009466979462621507
1685,0.014649820670818494,0.0072522081420137675,100,-0.007397612528804726
1686,-0.0004743667138069585,-0.0014540664887608583,101,-0.0009796997749538998
1687,-0.0011058973008517459,0.00031913341075039635,101,0.001425030711602142
1688,-0.004568602748648483,-0.003951223184503293,97,0.0006173795641451901
1689,0.010870036256437019,0.0074934018189022795,93,-0.0033766344375347392
1690,0.011694807946959467,0.007335457337299216,83,-0.004359350609660251
1691,-0.0036927830480733117,-0.0011034327227917435,78,0.002589350325281568
1692,-0.0065418223729412795,-0.005090171815228,78,0.0014516505577132797
1693,-0.00273174993650079,-0.0020643021755735167,75,0.0006674477609272733
1694,0.01364648704481953,0.008806974984515896,69,-0.004839512060303634
1695,0.0014407336409238455,0.0021838398850407012,54,0.0007431062441168557
1696,0.008532593259956174,0.004906632120289876,48,-0.003625961139666298
1697,0.005661764900821956,0.003438015381465693,49,-0.002223749519356263
1698,-0.0028624094222014455,-0.001786645664865045,44,0.0010757637573364004
1699,0.00017884274708075297,-0.0013045027291215118,39,-0.0014833454762022647
1700,-0.008608217586896309,-0.005401894234900802,31,0.003206323351995507
1701,0.004393563395621525,0.0003463098948098606,26,-0.0040472535008116645
1702,-0.015967930887061058,-0.012216210940662551,25,0.003751719946398507
1703,0.007392921064050428,0.0049932867946648985,24,-0.00239963426938553
1704,0.011745209049226052,0.007598690520023183,23,-0.004146518529202868
1705,-0.0019004691664480716,-0.0023105575210107545,23,-0.0004100883545626829
1706,0.00842624858883498,0.006240255236365496,22,-0.002185993352469484
1707,0.0028774325658155893,0.0022696632307985343,22,-0.0006077693350170551
1708,0.0001500388471544111,0.00022498030059930896,22,7.494145344489787e-05
1709,-0.007898127498209617,-0.0076806102730342385,21,0.00021751722517537875
1710,-0.0012194115794626219,-0.000280420174608118,19,0.0009389914048545039
1711,-0.012172769266340654,-0.009545034664535112,17,0.0026277346018055425
1712,-0.002851244994389873,0.00013578501581082425,20,0.0029870300102006974
1713,0.00332808801141427,-0.002109636564912418,23,-0.0054377245763266874
1714,0.003816977248272161,0.0018292795961055476,24,-0.0019876976521666133
1715,0.004154795376792819,0.003082388132536429,30,-0.0010724072442563903
1716,0.00058478981375481,0.0012745933091081357,29,0.0006898034953533256
1717,-0.005132851633654701,-0.004319998935429193,34,0.000812852698225508
1718,-0.009133923813643011,-0.00554067557956758,43,0.003593248234075431
1719,0.00316419025480492,0.002399286206481408,53,-0.0007649040483235121
1720,-0.0053120144275762855,-0.0020807416324262274,56,0.003231272795150058
1721,0.008966868806946563,0.005136596857488217,56,-0.003830271949458346
1722,0.0026191050026595584,-0.0014883730686028832,64,-0.004107478071262442
1723,0.0042341589534884054,-0.0008181632275567015,68,-0.005052322181045107
1724,0.0017954574343213299,0.0005780441109616527,78,-0.0012174133233596772
1725,0.00559523893746067,0.004415347991749217,82,-0.001179890945711453
1726,-0.005541576823698342,-0.002486458909621026,81,0.0030551179140773156
1727,0.009289981387488757,0.005835323624120382,85,-0.0034546577633683753
1728,8.187126613733566e-05,0.001626234943033453,90,0.0015443636768961173
1729,-0.01111761332986318,-0.008595845750059254,92,0.0025217675798039265
1730,0.0024298532164579363,0.0016671852862359573,92,-0.000762667930221979
1731,-0.0068954777485069054,-0.005130612110657451,92,0.0017648656378494547
1732,0.009570158267282807,0.00693030659567321,93,-0.0026398516716095973
1733,0.011000181658216424,0.008502645941760598,93,-0.0024975357164558256
1734,0.0036592230664933005,0.0019600005122044737,93,-0.0016992225542888269
1735,0.009717693878975284,0.00790086217364817,97,-0.001816831705327114
1736,0.0044894610357794715,0.004464787270916256,98,-2.4673764863215528e-05
1737,0.009940415383792098,0.007944548460505093,101,-0.001995866923287005
1738,0.0031306522308034664,0.0035421723148779173,102,0.0004115200840744508
1739,0.0013277560966054223,0.0008987575840336605,101,-0.0004289985125717617
1740,0.0024024478043654144,0.002512369000660435,102,0.0001099211962950204
1741,0.0039005451373206683,0.004696636231872659,102,0.0007960910945519904
1742,-0.0041274307134705635,-0.004098247059834188,102,2.9183653636375394e-05
1743,0.004141953611193458,0.004059943859916087,101,-8.200975127737112e-05
1744,0.0076863123803291855,0.006407226738177574,102,-0.0012790856421516115
1745,0.0037010297232490837,0.0019323036234562226,101,-0.001768726099792861
1746,-0.005724452988201961,-0.004680371761826796,101,0.0010440812263751648
1747,-0.0007925820916589545,-0.0009857765341420592,103,-0.00019319444248310468
1748,0.0056558515611479735,0.0032207781301847615,107,-0.002435073430963212
1749,-0.012308308859344254,-0.011371931923301715,108,0.0009363769360425395
1750,-0.005146325107477793,-0.00463340466383816,108,0.0005129204436396338
1751,-0.0002549276585466477,-0.00048022862146451074,108,-0.00022530096291786301
1752,0.005757926628436177,0.005187837363285608,106,-0.0005700892651505692
1753,0.00761206529924909,0.006460568516054589,105,-0.0011514967831945016
1754,0.0011264231141127996,0.0012570070449835545,104,0.00013058393087075492
1755,0.009813532892588806,0.007227404179185909,97,-0.0025861287134028976
1756,-0.005906914860487993,-0.00533061381042157,98,0.0005763010500664228
1757,-0.001455434633729019,-0.001094805347496434,93,0.00036062928623258484
1758,0.0009404523176028195,0.0007406186913670701,83,-0.0001998336262357494
1759,-0.006177004956948343,-0.0029083730741354904,72,0.003268631882812853
1760,0.0021613579268710843,0.0025186510888550433,68,0.0003572931619839591
1761,0.0010304383603427052,0.001284035302671143,67,0.00025359694232843775
1762,-0.009121982574208605,-0.005480057878968655,58,0.00364192469523995
1763,0.003944144167265341,0.0020538094921655316,54,-0.001890334675099809
1764,-0.018577949568849412,-0.014528393223658138,44,0.004049556345191274
1765,-0.0002993854109151092,0.001161121473825103,39,0.0014605068847402124
1766,-0.009535762903449983,-0.005270886000875839,39,0.004264876902574144
1767,-0.005290987619344462,-0.0009645263115185357,36,0.0043264613078259255
1768,0.007993832952796737,0.011105079893256795,32,0.0031112469404600586
1769,-0.009547868656163376,-0.00902226568412312,31,0.0005256029720402556
1770,0.005305815933415384,5.259147160351733e-05,30,-0.005253224461811867
1771,0.004805714648804015,0.0014763054496335368,31,-0.003329409199170478
1772,-0.00186331040189015,-0.003470703293056389,31,-0.001607392891166239
1773,0.0030131304620999405,0.0011334203554817402,30,-0.0018797101066182003
1774,-0.016400031378845593,-0.012726481483723873,30,0.0036735498951217197
1775,-0.0037800763196897103,-0.003741525913265085,26,3.8550406424625334e-05
1776,-0.015952720012791043,-0.014106992914372394,25,0.0018457270984186484
1777,0.0009620776316579446,0.0014010227970043393,24,0.0004389451653463947
1778,-0.00465626703518658,-0.004381176549273019,23,0.00027509048591356066
1779,0.008528272073897314,0.005297865058106616,27,-0.003230407015790697
1780,0.002761632379751452,0.003280757024886419,31,0.0005191246451349669
1781,-0.008329010277660052,-0.00485857405908222,41,0.0034704362185778324
1782,-0.0022986415157396885,-0.0029124355954509196,44,-0.0006137940797112311
1783,0.007132437816819764,0.004970227527826235,45,-0.002162210288993529
1784,0.0016244459189098629,-0.002529474281507929,54,-0.004153920200417792
1785,0.002051489596724058,0.00232807521853643,59,0.0002765856218123722
1786,0.011158678696502045,0.008749410294362974,66,-0.002409268402139071
1787,0.003163861129358938,0.0003798617788214499,73,-0.002783999350537488
1788,0.0036487382551617315,0.00417848766008333,69,0.0005297494049215984
1789,-0.0010120178059439399,5.918346217290833e-06,69,0.0010179361521612308
1790,0.003675377000554822,0.0013505068719244758,73,-0.002324870128630346
1791,0.005210219097107911,0.003542262803422209,77,-0.0016679562936857024
1792,0.004823290404855386,0.002540903004123603,79,-0.002282387400731783
1793,-0.007142983720116289,-0.006133591257768236,78,0.0010093924623480527
1794,0.004109628237027792,0.003868460801156089,83,-0.0002411674358717029
1795,-0.0002091488538437764,-0.0002474746195980636,89,-3.832576575428718e-05
1796,-0.006323552962563797,-0.004346605660600318,97,0.001976947301963479
1797,-0.012175054257478007,-0.009499470741873866,105,0.0026755835156041415
1798,-0.01106302669657858,-0.0073985108026944,108,0.0036645158938841795
1799,0.00790216369506162,0.005536740937555701,116,-0.002365422757505919
1800,0.013236006045495095,0.007709743287247242,126,-0.005526262758247853
1801,-0.007528382365941257,-0.005293213817515668,132,0.002235168548425589
1802,-0.0038983133418244165,-0.0041684950955920095,133,-0.00027018175376759303
1803,0.006380784502479548,0.004646266816689226,134,-0.0017345176857903218
1804,0.0063921965646994375,0.005195876901866637,135,-0.0011963196628328003
1805,0.003268703125931967,0.001915975275690128,136,-0.0013527278502418391
1806,-0.0057118919113957264,-0.004466926255563008,138,0.0012449656558327186
1807,0.004202674270167253,0.002819619630884485,137,-0.001383054639282768
1808,-0.004331257890955868,-0.003936941916864425,137,0.00039431597409144304
1809,-0.0077714968319857105,-0.006684268010058414,140,0.0010872288219272962
1810,0.0002751873496157416,0.0013381444231341318,141,0.0010629570735183902
1811,0.0013179270741532417,0.0009517858900539538,144,-0.00036614118409928785
1812,0.002484225735572765,0.001912895429623455,144,-0.00057133030594931
1813,0.0038719993083266378,0.001245263404538993,144,-0.002626735903787645
1814,-0.006119699173391876,-0.002995522791697564,146,0.003124176381694312
1815,0.009270468041253836,0.006086457387288789,148,-0.003184010653965047
1816,0.010527104944072876,0.00779081058271808,149,-0.002736294361354796
1817,-0.003542504679505608,-0.002496713882577145,146,0.0010457907969284633
1818,0.0054778982976659545,0.002711102296129669,146,-0.0027667960015362856
1819,0.0022045567730848512,0.001580928679774053,143,-0.0006236280933107983
1820,0.0036435174330234437,0.0030042384608825897,139,-0.000639278972140854
1821,-0.0025308662687100244,-0.0020741594708309223,129,0.00045670679787910206
1822,0.003852457729079639,0.0011127132907256929,126,-0.0027397444383539466
1823,0.010392405763852301,0.006081199664598622,126,-0.00431120609925368
1824,0.005997517596198054,0.0023805490290298675,117,-0.003616968567168187
1825,0.002448605333683501,0.0009247821224123481,112,-0.0015238232112711528
1826,-0.00021146643367492545,0.00035263188270517464,105,0.0005640983163801001
1827,0.006106107742353514,0.0018235634781734664,96,-0.004282544264180048
1828,-0.0030326586384358443,-0.002982555565477924,96,5.0103072957920214e-05
1829,-0.0001869539072693879,3.9709834752505185e-05,95,0.0002266637420218931
1830,-0.006207939719354359,-0.0019199452616737818,94,0.004287994457680577
1831,-0.009016688909023551,-0.006190094315341983,92,0.0028265945936815683
1832,-0.005977790684354683,-0.004623171064002784,89,0.0013546196203518997
1833,0.0037501855532535307,0.002509943954590965,88,-0.0012402415986625657
1834,0.004751716250388584,0.001444002506116521,82,-0.0033077137442720627
1835,0.006061550275607813,0.002697253983726681,76,-0.0033642962918811322
1836,-0.005753827220053997,-0.0028375452867992414,68,0.0029162819332547558
1837,-0.000491646680881956,0.0010165197710184975,61,0.0015081664519004535
1838,0.010314973555121313,0.006768972120352536,58,-0.0035460014347687774
1839,0.002075810916100839,0.0033499317184243612,52,0.0012741208023235224
1840,-0.0006628955127006436,-0.0016313938150188368,52,-0.0009684983023181932
1841,0.0002738191100690759,0.00024536300583381495,46,-2.845610423526094e-05
1842,-0.004422190406858701,-0.0015707484971839106,53,0.00285144190967479
1843,-0.005665833713730742,-0.002022777800101217,56,0.0036430559136295254
1844,-0.001243156415165132,0.001026369445715769,64,0.002269525860880901
1845,-0.009029512428354331,-0.003892639257754525,71,0.005136873170599806
1846,-0.011077598964060532,-0.005124208423471542,70,0.0059533905405889905
1847,-0.0042971481466432685,-0.00225667907442209,78,0.0020404690722211783
1848,0.009858257982851943,0.004997072831557053,82,-0.0048611851512948894
1849,0.00048405792140176845,0.0009257146851225485,85,0.0004416567637207801
1850,0.011956703160250869,0.0036043131972433536,90,-0.008352389963007516
1851,0.006258769639776452,0.0019006535965151322,87,-0.00435811604326132
1852,-0.009663572036718226,-0.003817022499805948,91,0.005846549536912278
1853,0.00036372062578612766,0.0011051465252667789,91,0.0007414258994806512
1854,-0.0038120687524925713,-0.00036562382186037,90,0.0034464449306322014
1855,-0.004984095979585525,-0.0027116285845932117,89,0.002272467394992313
1856,-0.007418418336655181,-0.0034968799076920145,88,0.003921538428963166
1857,0.009936320062038255,0.006193718353286816,89,-0.0037426017087514394
1858,-0.002322807692099174,-0.002031709701079531,89,0.00029109799101964323
1859,0.0004967214666923178,0.0007064623484492441,88,0.0002097408817569263
1860,-0.00632528299955563,-0.0018772060087952661,90,0.004448076990760364
1861,-0.0030362927361672733,-0.0023101371112922067,91,0.0007261556248750667
1862,0.01014367107732301,0.004388895037745043,91,-0.005754776039577968
1863,0.011593896193909449,0.005427224910339818,92,-0.006166671283569631
1864,0.0007588356040484581,0.0002673613914274427,94,-0.0004914742126210154
1865,0.0005708661064759015,0.0001662303469178447,95,-0.00040463575955805684
1866,-0.0060058914418628035,-0.002257226039684375,95,0.0037486654021784286
1867,0.0020416207665325675,-0.00014155242896357086,95,-0.0021831731954961384
1868,-0.006642861355751933,-0.0036648555921310706,95,0.0029780057636208624
1869,-0.006227263623822677,-0.005018061846017561,95,0.0012092017778051163
1870,0.005613744305382164,0.002211752404577196,92,-0.0034019919008049684
1871,-0.013568362176239872,-0.006607610446121232,90,0.00696075173011864
1872,0.0045015489498394234,0.0033538927788652876,93,-0.0011476561709741358
1873,-0.002693208368203341,-0.001880360129643499,95,0.0008128482385598419
1874,-0.006162074071952279,-0.00344230978829484,95,0.002719764283657439
1875,0.014189423241525048,0.007380229576274421,95,-0.006809193665250627
1876,-0.0030268818781856014,-0.0021027033182404115,94,0.0009241785599451899
1877,-0.0050804982093039346,-0.00403823856457146,94,0.0010422596447324742
1878,0.004151366973853692,0.0020650805096873,94,-0.002086286464166392
1879,0.0018437097132013387,0.00046481775321121943,92,-0.0013788919599901192
1880,0.016140790463376156,0.009428530067490115,82,-0.00671226039588604
1881,-0.0009747673191172391,0.001386001140384093,82,0.002360768459501332
1882,0.00902981692448292,0.004918823005406561,77,-0.00411099391907636
1883,0.006632038057180172,0.002726576237399833,73,-0.003905461819780339
1884,-0.0019178282095099163,-0.0016364705736551816,64,0.0002813576358547346
1885,0.010069751206708317,0.005632246336382013,56,-0.004437504870326304
1886,-0.006482002642545374,-0.004261265587335976,56,0.0022207370552093982
1887,-0.0023624766624357565,-0.002126340336546658,48,0.00023613632588909833
1888,0.0018279802903982552,0.0011668080794461305,44,-0.0006611722109521247
1889,0.006371683677161539,0.005526583321828174,37,-0.0008451003553333648
1890,0.00280903081388226,0.002156641411367088,31,-0.000652389402515172
1891,0.009671107307267975,0.006641552653089414,30,-0.0030295546541785606
1892,0.011806704496868612,0.012152273908799164,25,0.0003455694119305526
1893,-0.005654965823579658,-0.0014086862177363324,25,0.0042462796058433255
1894,-0.015409258545188514,-0.011643622793412448,24,0.0037656357517760666
1895,0.005766709518807509,0.004455603799626892,23,-0.0013111057191806169
1896,-0.02434821799237931,-0.0171312004018122,23,0.007217017590567108
1897,0.006028267760087083,0.004248940037179929,23,-0.001779327722907154
1898,0.0026063910616579778,0.004271261054982012,25,0.0016648699933240344
1899,0.009340038852955068,0.006174283779290297,25,-0.0031657550736647706
1900,-0.008971389305049,-0.0034995114479969354,23,0.005471877857052065
1901,-0.0003787127646863517,-0.0012084748340904228,26,-0.0008297620694040711
1902,-0.0014142689432886405,-0.0012489449295838822,31,0.00016532401370475836
1903,-0.005154288499755485,-0.0036729650747178667,37,0.0014813234250376185
1904,-0.006302060201688109,-0.004195390356137481,34,0.002106669845550628
1905,-0.01030192955436673,-0.005973129202322121,39,0.004328800352044609
1906,0.005471353686439473,0.002470376856719343,43,-0.00300097682972013
1907,0.0036534483242753324,0.0006946558506343411,56,-0.002958792473640991
1908,-0.0023267197006450902,-0.00011398284460829295,67,0.0022127368560367973
1909,-0.010750238626186296,-0.003462627660930396,68,0.0072876109652558994
1910,0.004454240505621598,0.0003616939847001186,77,-0.004092546520921479
1911,-0.019677577961128564,-0.005589973535563511,86,0.014087604425565052
1912,-0.013227414262774018,-0.0031698146351083335,85,0.010057599627665684
1913,-0.027260288317047042,-0.00796597092508081,88,0.019294317391966232
1914,0.01959026739138909,0.005983622025259716,89,-0.013606645366129374
1915,-0.0024660150439186207,-0.0001654754060544291,96,0.0023005396378641915
1916,0.00823331642320447,0.0009357868010295052,101,-0.007297529622174966
1917,-0.00023095571766584185,0.000423233964010839,103,0.0006541896816766808
1918,0.006281685067204532,0.00020905696235883804,103,-0.006072628104845694
1919,-0.01013164791874085,-0.0038551051489416573,103,0.006276542769799193
1920,-0.009382698585486177,-0.0034087021599793774,104,0.0059739964255068
1921,-0.026330172649658336,-0.01010229229523441,105,0.016227880354423928
1922,-0.002776254896278929,-0.0033098046420466263,102,-0.0005335497457676975
1923,0.0009938863040730096,0.0011393335327622616,104,0.00014544722868925193
1924,0.02093718349546802,0.008194043311101542,104,-0.012743140184366477
1925,-0.001802060715762433,0.00014586938526520689,104,0.0019479301010276399
1926,-0.010461632485096108,-0.00382652184348332,104,0.006635110641612788
1927,0.016194865766522844,0.006737419889253193,104,-0.009457445877269651
1928,0.014859781432736936,0.0049012919039273664,104,-0.00995848952880957
1929,0.005063883925698736,0.0031119831835651895,104,-0.0019519007421335468
1930,-0.007577883200880401,-0.0024977083799292326,105,0.005080174820951169
1931,-0.007939614121987315,-0.0003748745546090566,107,0.007564739567378259
1932,-0.013592119686994473,-0.004178601127379395,110,0.00941351855961508
1933,0.0016877662135084258,0.0011851341461445216,109,-0.0005026320673639042
1934,0.014445873195419224,0.0033987151389767087,109,-0.011047158056442515
1935,-0.0038629538866907787,-0.0011311233745930893,110,0.002731830512097689
1936,-0.006993299149458647,-0.0012342242582550364,110,0.005759074891203611
1937,0.0009039308396122386,-0.001703055312903402,110,-0.0026069861525156407
1938,0.015692013906927822,0.004678097862527997,108,-0.011013916044399826
1939,0.010851060233676749,0.003429326534060542,108,-0.007421733699616207
1940,-0.0045907018647471775,-0.0006498427664419573,107,0.00394085909830522
1941,0.002184867459517963,0.0015854249756689569,103,-0.0005994424838490059
1942,-0.0009589993382084782,0.0012455606059244958,98,0.002204559944132974
1943,-0.014454029823711597,-0.004459590515287635,90,0.009994439308423963
1944,-0.0037037593500381582,-0.0022855152658788173,90,0.0014182440841593409
1945,-0.002780254810784659,-0.0014600534348748254,85,0.0013202013759098334
1946,0.01310867203828676,0.00489192549087256,82,-0.0082167465474142
1947,-0.0030684520789315425,-0.0020454185280111697,69,0.0010230335509203727
1948,0.008953049543997475,-1.6670434844404017e-06,58,-0.008954716587481915
1949,-0.01829095319859112,-0.004715691151047551,57,0.013575262047543571
1950,-0.006165101229249912,-0.005027337660673612,50,0.0011377635685762997
1951,-0.009244837895045583,-0.0047623982948318,41,0.004482439600213784
1952,-0.017714107644011778,-0.0098537965851936,39,0.007860311058818178
1953,0.03259381725469795,0.020145768169871882,34,-0.012448049084826066
1954,0.0034081564905782567,0.0004833327284557464,34,-0.00292482376212251
1955,0.004896714118982701,0.0004170030514786538,28,-0.004479711067504047
1956,-0.010003114953336464,-0.004411915631409575,24,0.005591199321926889
1957,0.010501160797934828,0.006599442442286988,21,-0.0039017183556478404
1958,0.002617667108213693,0.0009310013466196194,21,-0.0016866657615940736
1959,-0.0006355521711021268,0.001285620578248743,21,0.0019211727493508698
1960,5.671597235766268e-05,-0.0006366177348589685,20,-0.0006933337072166311
1961,0.0027015655805043954,-0.003136025103551937,19,-0.0058375906840563326
1962,-0.006736318371353379,-0.0032307785631157807,19,0.0035055398082375986
1963,0.0022561258101021497,0.003491486866316585,17,0.0012353610562144354
1964,-0.00782718077947831,-0.004828160595880199,20,0.0029990201835981105
1965,0.009405564748918016,0.0025417451095217244,22,-0.006863819639396291
1966,-0.002569446076601082,0.0003453703679505466,28,0.0029148164445516283
1967,0.016099288106022628,0.002669504973360569,32,-0.013429783132662059
1968,-0.011896576481552483,-0.004730654018450377,31,0.007165922463102106
1969,0.006059173977010587,0.0009960056494535351,40,-0.0050631683275570525
1970,0.009217205857719988,0.00351812359039292,53,-0.005699082267327068
1971,0.0024487831348927957,0.0009744785379062143,73,-0.0014743045969865813
1972,-0.008304875353076982,-0.003628054090331704,78,0.004676821262745278
1973,-0.010280010795177584,-0.004466246172235777,81,0.005813764622941807
1974,0.014405891188031266,0.008079675785100913,84,-0.006326215402930354
1975,0.007189276735092294,0.0038704737995064777,99,-0.0033188029355858163
1976,0.006056968565473232,0.003959196979236428,112,-0.002097771586236804
1977,-0.006737792588119534,-0.0028902603251324977,119,0.0038475322629870365
1978,-0.0005360696456193924,-0.000976624174509295,120,-0.0004405545288899026
1979,-0.01464046065347906,-0.006033084651202287,125,0.008607376002276772
1980,0.0029720364171138226,0.0029567856891084725,125,-1.5250728005350087e-05
1981,0.010930784690179414,0.006612540520761983,127,-0.004318244169417431
1982,-0.003283476097453304,-0.0016398662177009424,127,0.0016436098797523618
1983,0.007697852484585115,0.005249023680722769,127,-0.0024488288038623457
1984,-0.002903614164736605,-0.0010332403906783759,127,0.0018703737740582292
1985,-0.0069221471062336825,-0.0033920150363891256,126,0.003530132069844557
1986,0.000487942323754173,-0.0010552155790363048,126,-0.0015431579027904777
1987,-0.003316185121351369,-0.000922065141327204,129,0.0023941199800241652
1988,-0.0035383949427596185,-0.0020934710290986336,129,0.0014449239136609848
1989,-0.012534812401029272,-0.006233584077729005,129,0.006301228323300267
1990,-0.010344078804545158,-0.005905699215849688,127,0.004438379588695469
1991,0.0235080430620575,0.012303606519829473,127,-0.011204436542228028
1992,-0.003146088648347212,-0.0011099269611615854,127,0.0020361616871856264
1993,0.022652356167320017,0.010643934907429698,127,-0.01200842125989032
1994,-0.005246505890482388,-0.0035339187795852844,125,0.0017125871108971034
1995,0.007627354849097857,0.004859212988093416,126,-0.0027681418610044414
1996,0.006426642163773174,0.003940493266465733,128,-0.0024861488973074407
1997,-0.004014481868018904,-0.0028847023454865017,128,0.001129779522532402
1998,-0.0029781047521496677,-0.0024448407460970984,128,0.0005332640060525693
1999,-0.010382319207103337,-0.0045676300669111785,130,0.005814689140192159
2000,0.017017180465747742,0.008690901398168442,131,-0.0083262790675793
2001,-0.004403464293750017,-0.0020759478389581797,132,0.002327516454791837
2002,-0.016028722637319213,-0.009844690569774998,132,0.006184032067544216
2003,-0.015436385315656269,-0.009375637276259624,132,0.006060748039396645
2004,0.004717749996282158,0.002312412578975597,129,-0.002405337417306561
2005,0.01645799640448608,0.009426984366701193,128,-0.007031012037784886
2006,-0.010265244938727413,-0.004954556669390392,122,0.0053106882693370215
2007,0.013201303535442532,0.006702944695598155,118,-0.006498358839844376
2008,1.9144769615401667e-06,0.00018685493269440283,118,0.00018494045573286266
2009,0.005225778868269131,0.002104297682842906,112,-0.0031214811854262245
2010,-0.004426807093198915,-0.001559039618778891,99,0.0028677674744200243
2011,0.0031825962364284066,0.0022831863398382656,77,-0.000899409896590141
2012,-0.008446955151289149,-0.003732633298928052,69,0.004714321852361097
2013,0.005817062991717184,0.0023968742984263255,66,-0.003420188693290858
2014,0.0019964017640821717,-0.00033912648981345697,63,-0.002335528253895629
2015,-0.002414174655983842,-0.004119772717274052,47,-0.0017055980612902095
2016,0.0011717316238786149,0.0022033551486950907,34,0.0010316235248164758
2017,0.005443360346074528,0.004514868144918954,26,-0.0009284922011555743
2018,0.0040187392576252435,0.003417220281833807,26,-0.0006015189757914365
2019,0.008044729299501426,0.007373651883045125,23,-0.0006710774164563008
2020,0.004758393771358532,-6.431203414823672e-05,24,-0.004822705805506769
2021,0.004127069896567863,0.0035238377884710737,25,-0.0006032321080967893
2022,-0.00282386432746423,0.0008649248273906796,29,0.0036887891548549098
2023,-0.002895802295913896,-0.004535487553326564,30,-0.0016396852574126677
2024,-0.004856633638127638,-0.004771255303307342,30,8.537833482029616e-05
2025,0.00875444486126146,0.006150268243597401,30,-0.0026041766176640585
2026,0.003620742883541818,0.0026971599423986797,31,-0.0009235829411431383
2027,-0.002003522698741648,-0.0026047837759703577,30,-0.0006012610772287096
2028,-0.004398338139042954,-0.0030931513939140877,31,0.0013051867451288664
2029,0.008531206406735898,0.004694171469742352,31,-0.0038370349369935457
2030,0.008820853427750215,0.0026743214726551953,34,-0.006146531955095021
2031,-0.004621654040666252,-0.002548773349978288,37,0.002072880690687964
2032,0.006857370865770075,0.001648300879842328,42,-0.005209069985927748
2033,-0.0007409780030803217,0.00015735775197639698,48,0.0008983357550567186
2034,-0.0027326870269795203,-0.0024378577303158164,48,0.00029482929666370394
2035,0.00862233910486618,0.00792182191143954,47,-0.0007005171934266405
2036,0.001656247562603716,-0.0008310050737258262,49,-0.002487252636329542
2037,0.013246661819948454,0.007985475167854448,54,-0.0052611866520940066
2038,-0.0006613651529156242,1.108060055253465e-05,55,0.0006724457534681589
2039,0.00022000129253285444,0.001047390740523231,54,0.0008273894479903767
2040,-0.0016750307731521975,-0.0016084632185847931,57,6.656755456740438e-05
2041,0.0007305055020369188,-0.0020793684564923733,62,-0.002809873958529292
2042,-0.003990424650479463,-0.0032801541965516547,68,0.0007102704539278084
2043,0.004926818673285471,0.0032512455079003366,68,-0.0016755731653851345
2044,-0.0002368218291631389,0.0012630847788480768,69,0.0014999066080112157
2045,-0.00022115474274488048,0.0003864176312167862,73,0.0006075723739616667
2046,0.005479520720836201,0.004097165648991895,76,-0.0013823550718443066
2047,-0.00941960116781955,-0.007183053132573212,84,0.0022365480352463376
2048,-0.009732445611862475,-0.007654759148541902,84,0.0020776864633205725
2049,-0.0021492564344621503,-0.0026566513499639223,84,-0.000507394915501772
2050,0.003455600138239922,0.0036463528593356064,89,0.00019075272109568423
2051,-0.00012694671907135973,-0.0003831435364172891,93,-0.0002561968173459293
2052,-0.0002930497948440113,0.0009176766829917357,95,0.001210726477835747
2053,-0.001432055856426287,-0.0006224798970669188,95,0.0008095759593593683
2054,-0.010485605922746258,-0.006370548382272693,96,0.004115057540473565
2055,0.0018304650652176757,0.002244308764236883,100,0.0004138436990192072
2056,-0.010082188449588424,-0.00418799918865474,103,0.005894189260933685
2057,-0.003101469718336187,-0.002851704589651127,103,0.0002497651286850599
2058,-0.008901974009748292,-0.005479626107265715,102,0.0034223479024825774
2059,0.005131448360937498,0.003104837068352361,101,-0.002026611292585137
2060,0.006842590029951195,0.0041536125689149135,101,-0.0026889774610362816
2061,0.005186278087761753,0.003302950068938371,102,-0.0018833280188233817
2062,-0.006769192962556086,-0.004037678450027671,100,0.0027315145125284155
2063,0.002520814283730759,0.0021530893905174864,99,-0.0003677248932132727
2064,-0.00498164862236439,-0.0034787504082576725,100,0.0015028982141067175
2065,0.0061126464419751095,0.004113328603875962,101,-0.001999317838099148
2066,-0.0008734861968756459,-0.0010020541399219385,101,-0.00012856794304629254
2067,0.0020695689150794345,0.001452236429678774,99,-0.0006173324854006604
2068,-0.006728484430282551,-0.003848954836653031,98,0.0028795295936295197
2069,0.007909582624798461,0.006123098599991316,98,-0.0017864840248071456
2070,-0.005175004350523666,-0.0035793850133239067,95,0.0015956193371997594
2071,0.0058212467931908025,0.0017432107607456542,94,-0.004078036032445148
2072,0.0068259472112006695,0.003522810826224663,89,-0.0033031363849760067
2073,-0.005998687590237822,-0.00199529042308214,83,0.004003397167155682
2074,-0.004929503151779538,-0.003765800694070156,83,0.0011637024577093816
2075,-0.0012042360288430222,-0.0004959677239473687,83,0.0007082683048956535
2076,-0.005723708542451447,-0.0038689924991034057,79,0.001854716043348041
2077,0.008971582237392218,0.002252203469194606,74,-0.006719378768197611
2078,0.0017378396465415774,0.0013717552371300024,73,-0.000366084409411575
2079,-0.009279594389648522,-0.004282194969482953,73,0.0049973994201655695
2080,-0.0003720020454346014,-0.0006797266183138426,69,-0.00030772457287924117
2081,-0.011267053450677389,-0.003426384995119301,63,0.007840668455558088
2082,-0.013780895349602385,-0.006471034652507112,57,0.007309860697095273
2083,0.00960102370288358,0.004436559065439203,57,-0.0051644646374443765
2084,0.003917026461364822,0.0020765942196000007,57,-0.0018404322417648212
2085,-0.0033383083015358296,-0.0015700717717533725,52,0.0017682365297824571
2086,0.0011679187397724625,-0.00116163584138466,48,-0.0023295545811571226
2087,0.004881060436270771,0.0018803669879650347,40,-0.003000693448305736
2088,-0.0024675152571148875,0.00029350496542048746,41,0.002761020222535375
2089,-0.0002474987538487414,0.00176226018531922,41,0.0020097589391679612
2090,0.0017029491665970064,0.0027143129382625818,43,0.0010113637716655753
2091,-0.006991359758238252,-0.0027745466229386452,39,0.004216813135299606
2092,-0.0008970264189370162,-0.001740244718355006,38,-0.0008432182994179898
2093,0.0016245672183419291,0.0019082525067964902,43,0.0002836852884545611
2094,-0.004865674172105605,0.0006719309986972686,49,0.005537605170802874
2095,0.011421599939047481,0.0028977993490493345,62,-0.008523800589998147
2096,-0.006979677999524368,-0.0035433247866471754,65,0.0034363532128771925
2097,-0.00934209619004759,-0.0029692126523407905,65,0.006372883537706799
2098,0.010466740739689057,0.004003453364689179,73,-0.006463287374999878
2099,-0.010951453116508357,-0.0030226877940669945,80,0.007928765322441363
2100,-0.00205344065413269,-0.0018191470005315094,83,0.00023429365360118056
2101,0.0007924512892666602,0.0014694115600978996,85,0.0006769602708312394
2102,0.0013798060620587847,-0.0018747514839020348,83,-0.0032545575459608195
2103,0.004425716082167441,0.0030277448903747615,90,-0.0013979711917926794
2104,-0.00034574891866809743,0.00010108966322696955,91,0.000446838581895067
2105,0.0009511481273132519,0.0011433894346790227,94,0.00019224130736577075
2106,-0.0043158880545325,-0.001780054494490558,92,0.0025358335600419424
2107,0.00365424353044735,4.229660292576087e-06,91,-0.003650013870154774
2108,-0.003077287791641957,-0.00038661828843158485,91,0.0026906695032103724
2109,-0.014080709678156639,-0.0065986758487935355,91,0.007482033829363103
2110,-0.0012086126609270101,0.0014832171548382984,92,0.0026918298157653084
2111,0.014116603369985171,0.004403101776678628,95,-0.009713501593306542
2112,-0.006941903891036813,-0.0014430485373654635,96,0.0054988553536713496
2113,0.0112230035623561,0.004325379994046078,97,-0.006897623568310022
2114,-0.006671153767655212,-0.0006132049573225822,99,0.00605794881033263
2115,0.002197562837722874,0.0004394473064579507,99,-0.001758115531264923
2116,0.006842554681064058,0.002659399793739921,98,-0.0041831548873241375
2117,-0.005884528523513791,-0.004154794511616336,98,0.0017297340118974554
2118,-0.0011099725187544373,-0.00015882526469073447,99,0.0009511472540637029
2119,-0.015178821858310189,-0.006631113365156228,99,0.00854770849315396
2120,-0.002898124457728371,-0.0031621171916453154,99,-0.00026399273391694436
2121,0.007510890577533145,0.0033641514333608478,99,-0.004146739144172297
2122,0.006838868606538358,0.0025644410627939022,99,-0.0042744275437444565
2123,-0.008881874474971515,-0.0038920192484706924,99,0.004989855226500823
2124,0.0012331743561548858,0.0002677171789382116,100,-0.0009654571772166742
2125,-0.015565049530898647,-0.006998346368381293,100,0.008566703162517354
2126,0.0035831711740633,0.0010911260053242111,100,-0.0024920451687390887
2127,-0.008804804369790782,-0.005012458230252403,100,0.0037923461395383794
2128,0.0022544957588912047,0.0027665072626725067,99,0.000512011503781302
2129,0.010633119245186328,0.0035680094122873852,96,-0.0070651098328989425
2130,0.004954459082136892,0.004050075536732164,88,-0.0009043835454047282
2131,0.008705165149436622,0.0027616980081654574,88,-0.005943467141271164
2132,-0.0015880704303618447,-0.000978770048973017,87,0.0006093003813888278
2133,-0.006175104651568228,-0.002255830235861768,83,0.00391927441570646
2134,0.002905136278733508,0.0015178300325657886,76,-0.0013873062461677195
2135,-0.005498954906505926,-0.0016378789303365467,60,0.0038610759761693795
2136,-0.0015750479908010053,0.0004339898778384489,54,0.002009037868639454
2137,0.0026409790924001413,0.0014457417288745186,54,-0.0011952373635256226
2138,0.0009418103763839392,0.0008164970882721436,48,-0.00012531328811179554
2139,0.010459445460755345,0.003125677774776167,40,-0.007333767685979178
2140,0.004975844990107392,0.004941328488645522,40,-3.451650146187035e-05
2141,0.005496725666584028,0.002275958447071066,36,-0.0032207672195129614
2142,0.011111235712795558,0.00380952343838172,36,-0.007301712274413837
2143,-0.002813748615057087,-0.0013509069910621063,29,0.0014628416239949806
2144,-0.00042720622370386296,-0.0017139937365090493,27,-0.0012867875128051863
2145,0.0007325173718528313,0.000812848182245102,23,8.033081039227064e-05
2146,-0.004273404830384954,-0.005312430939258396,24,-0.0010390261088734417
2147,0.008098106492216595,0.005535578559298561,24,-0.002562527932918034
2148,0.003263453327809289,0.0006794744325616975,25,-0.0025839788952475916
2149,-0.005824952245487185,-0.006737337612897791,25,-0.0009123853674106062
2150,-0.010465510086649657,-0.010992212358526257,24,-0.0005267022718765998
2151,0.00443970535532196,0.0024973180025038844,20,-0.0019423873528180754
2152,0.0035760516592749556,0.0035223939267609397,21,-5.365773251401595e-05
2153,0.0023576683207218916,-0.0014059322560337226,30,-0.0037636005767556144
2154,-0.0025451187897540064,0.0018742697978238806,31,0.004419388587577887
2155,-0.007300095920379549,-0.003341500745052228,30,0.003958595175327321
2156,0.002945668525018679,-0.0013927962247271537,37,-0.0043384647497458325
2157,0.003099483748668556,0.00209306504959562,47,-0.001006418699072936
2158,0.0019754043417032174,0.0009910138452361079,68,-0.0009843904964671095
2159,-0.00997842841093532,-0.005286031629319716,72,0.0046923967816156036
2160,-0.0008531759767889838,-0.002051992761869917,72,-0.001198816785080933
2161,-0.012536492261808896,-0.006007822436158204,86,0.006528669825650692
2162,0.002769047658529545,0.002713690859513275,89,-5.535679901626971e-05
2163,0.002886962213207341,0.00033437359477294347,104,-0.0025525886184343976
2164,0.0074081137023402095,0.0025547101838982052,110,-0.004853403518442004
2165,0.009783690790387573,0.003939257201093138,111,-0.005844433589294435
2166,-0.0006680979289584727,-0.0021905859994611155,119,-0.0015224880705026428
2167,0.0033006784510610228,0.0019313190739684918,127,-0.001369359377092531
2168,-0.0034907974960042202,-0.0024234760929186245,138,0.0010673214030855957
2169,-0.002589006186443784,-0.0014988567945398942,140,0.0010901493919038899
2170,-0.0023335846280971503,-0.0016908432530268573,140,0.000642741375070293
2171,0.007374434187054037,0.0030411751033646807,142,-0.0043332590836893566
2172,0.007967643993717303,0.005326720883369257,142,-0.0026409231103480457
2173,0.006333653537946209,0.0049930648149454394,143,-0.0013405887230007697
2174,-0.00364458580948381,-0.003970326320585807,144,-0.0003257405111019968
2175,0.0007030636962615044,0.0005132468949627809,144,-0.00018981680129872343
2176,-0.0010259233368498616,-0.0002469384413113986,146,0.000778984895538463
2177,-0.0001635482952100523,-0.0001029553041442387,147,6.0592991065813595e-05
2178,-0.002981046874808572,-0.0009195850233864037,147,0.0020614618514221686
2179,0.0026818960575424222,0.0025421831424057924,147,-0.00013971291513662984
2180,0.00280202927576619,0.0017093859869334762,144,-0.0010926432888327137
2181,0.0020526523065863603,0.0010249972048043607,144,-0.0010276551017819996
2182,-0.00490025519679394,-0.004002400877551244,144,0.0008978543192426957
2183,0.0017117245955028655,0.0009417104082726826,144,-0.0007700141872301829
2184,0.008835707101207358,0.00610015921169502,144,-0.0027355478895123384
2185,0.0015592437719588335,0.0013686716017950254,144,-0.00019057217016380814
2186,0.003289088732195743,0.0015036421183012248,146,-0.0017854466138945183
2187,0.001806693316758928,0.0016325331866291158,148,-0.00017416013012981212
2188,0.0014534786954518478,0.0002182553216404363,150,-0.0012352233738114114
2189,0.0008864522677998162,0.0012647222307963705,150,0.00037826996299655433
2190,0.0017310885417389196,0.0009333907351201735,150,-0.0007976978066187461
2191,-0.0027237392704215365,-0.0011659908759992098,149,0.0015577483944223267
2192,0.008330013291455225,0.006319745571677922,147,-0.0020102677197773033
2193,-0.006014584873656802,-0.005309086569349638,137,0.0007054983043071643
2194,-0.005923324700806911,-0.005044198285233653,134,0.0008791264155732581
2195,0.0037678550966960623,0.0035383966943111898,134,-0.00022945840238487248
2196,-0.011042039830511947,-0.01006195441373032,127,0.000980085416781627
2197,0.006611172163930506,0.004456759465392599,117,-0.002154412698537907
2198,-0.005322797252487869,-0.004977613384791975,96,0.0003451838676958941
2199,-0.007291199115331846,-0.006317184165851975,91,0.0009740149494798702
2200,-0.003876086341625736,-0.0024724697387603404,92,0.0014036166028653955
2201,0.008800301382299406,0.006166693121560423,78,-0.0026336082607389824
2202,0.0004817393978172368,-0.001046521940003298,76,-0.0015282613378205347
2203,0.003610704977016608,0.0028005424861884684,62,-0.0008101624908281395
2204,0.0015304700282170822,0.00010874536300623415,55,-0.001421724665210848
2205,-0.003058310567888765,-0.0018352126739566432,54,0.0012230978939321217
2206,0.001514492950371166,-0.00017117242339931524,46,-0.0016856653737704812
2207,-0.005340037122922508,-0.0032748247116601323,38,0.0020652124112623756
2208,-0.004330645238858581,0.000700793453115948,27,0.005031438691974529
2209,-0.007559076896337875,-0.005776348724232618,25,0.001782728172105257
2210,0.008000863164070431,0.005867970415436541,25,-0.00213289274863389
2211,0.0014825321211248226,-0.00031797850029611124,24,-0.0018005106214209338
2212,0.0014642965662727203,0.00022092793206650806,25,-0.0012433686342062122
2213,-0.0007741720287666369,-0.00023929595086641628,23,0.0005348760779002207
2214,0.00048318685520867566,0.0021768182855592777,22,0.001693631430350602
2215,-0.00021973101826857936,0.0021393403883004317,22,0.002359071406569011
2216,0.002880782837456473,-0.002942974071432486,24,-0.005823756908888958
2217,-0.00226123281036136,-0.0028409466355813606,25,-0.0005797138252200008
2218,-0.002408248155940442,8.507630192116772e-05,26,0.0024933244578616096
2219,0.014027081397048032,0.002886150270130452,27,-0.01114093112691758
2220,0.00192634868893886,0.002655704847419293,31,0.0007293561584804332
2221,-0.008562735282080496,-0.0033832580712042796,38,0.005179477210876217
2222,-0.0052599696026105845,-0.00199187170993259,49,0.0032680978926779946
2223,0.01009711197297632,0.0016838210460532982,56,-0.008413290926923021
2224,0.009401446141097603,0.00268030499024255,70,-0.006721141150855053
2225,-0.00787844456678437,-0.000980712305699759,79,0.006897732261084611
2226,0.00712744655720452,0.001859719009684926,86,-0.005267727547519595
2227,0.002905658942068226,0.0016699801487954275,87,-0.0012356787932727986
2228,-0.0007112797412027399,-0.00024056700808321356,92,0.0004707127331195263
2229,-0.0030652759346971015,-0.00014801782175722852,96,0.002917258112939873
2230,0.0015387161763114321,0.002590948518199555,100,0.0010522323418881228
2231,-0.005309950611389275,-0.003195834652606223,106,0.0021141159587830523
2232,-0.0009984535415590028,-0.0013509180076841998,106,-0.00035246446612519707
2233,-0.0037764513013880427,-0.0014894484328151064,107,0.0022870028685729364
2234,-0.004973012954670612,-0.0047088598397765575,108,0.0002641531148940548
2235,0.004598463943587288,0.001960826573326195,110,-0.002637637370261093
2236,0.0032056364594159835,0.0006781080056153501,110,-0.0025275284538006336
2237,0.0016118548074581726,0.0011666494694459477,111,-0.00044520533801222493
2238,0.00322221151121993,0.0007683044195787791,111,-0.0024539070916411512
2239,-0.0024469419196401785,-0.0012753841652283612,112,0.0011715577544118172
2240,0.0032273160210663293,0.0024360260325267725,111,-0.0007912899885395568
2241,0.002129871835298704,0.0009743022154507323,111,-0.001155569619847972
2242,0.000506403811797759,0.000836569019950178,110,0.000330165208152419
2243,0.004225869233368138,0.0007268033251156636,112,-0.003499065908252475
2244,-0.0043713724563091225,-0.002756985116480777,112,0.0016143873398283457
2245,0.0030409239864877973,0.0021157568978065946,113,-0.0009251670886812027
2246,0.0017197751021137183,0.002060260458941227,113,0.0003404853568275087
2247,-0.005749420212568413,-0.002670561796885792,113,0.0030788584156826214
2248,-0.00045506546987588976,0.0009407513837159235,114,0.0013958168535918134
2249,-0.0001319199586573356,0.0005142291401796686,114,0.0006461490988370042
2250,0.0061755136461279295,0.0031141466975425206,114,-0.003061366948585409
2251,0.005642582608920829,0.0023188747900457192,113,-0.0033237078188751096
2252,-0.0031096407696699726,-0.0018353139131083638,112,0.0012743268565616089
2253,0.002246890150117655,0.001125203675982536,112,-0.001121686474135119
2254,0.004331278729951806,0.0016662813438681195,113,-0.0026649973860836864
2255,0.001745549458939965,0.00011033544646204654,113,-0.0016352140124779183
2256,0.0031872809784269807,0.002520865980734178,109,-0.0006664149976928027
2257,0.006348011255575647,0.0031535068292168713,107,-0.003194504426358776
2258,-0.0020611142402793088,-0.0017971168418815936,104,0.0002639973983977152
2259,0.008369295412151388,0.003898372559524044,105,-0.004470922852627344
2260,0.0019024339457882754,0.0016818642144153467,101,-0.00022056973137292869
2261,-0.0036852046018454507,-0.0020334749840998766,93,0.001651729617745574
2262,0.00020137340827810165,-0.0005839863161559156,82,-0.0007853597244340172
2263,0.0019693915095708504,0.0016002728443541856,75,-0.00036911866521666483
2264,0.006313648117820487,0.001572292602219468,61,-0.0047413555156010185
2265,-2.2383549576554955e-05,0.0010045324812339206,52,0.0010269160308104756
2266,0.002767899134480543,0.0014653676602047062,42,-0.0013025314742758367
2267,0.002723480887887669,0.0005198889023492248,40,-0.0022035919855384442
2268,-0.004014569149679296,-0.002786880345763486,32,0.00122768880391581
2269,0.0010067919674093511,-0.0004018381089862005,29,-0.0014086300763955517
2270,0.005797025621205844,0.0022385713011126573,28,-0.0035584543200931863
2271,-0.011423584745685021,-0.00734282103045675,25,0.004080763715228271
2272,-0.0017376952109533139,0.002031459566492755,25,0.0037691547774460687
2273,0.0022044045289903863,0.0013810087382595815,24,-0.0008233957907308048
2274,0.016416569421006996,0.010972944956787753,24,-0.005443624464219242
2275,-0.0055473299722651115,0.0001218459656793135,22,0.005669175937944425
2276,0.004788266760363374,0.0031881931107671283,23,-0.0016000736495962458
2277,0.0018234120288850902,-0.0023202862265774182,22,-0.004143698255462508
2278,-0.00015907247721602176,-0.0020527497413785397,22,-0.001893677264162518
2279,-0.0025452935665764326,0.00048317102304177667,21,0.003028464589618209
2280,0.008027741751526495,0.005399185086088725,25,-0.0026285566654377706
2281,0.004589270530774097,0.0006054726719355165,29,-0.003983797858838581
2282,-0.004079024309636271,-0.003759887754153883,33,0.0003191365554823882
2283,-0.003458029804143281,0.00018622592687779586,30,0.003644255731021077
2284,-0.003925093489356379,-0.0001843986658157548,30,0.0037406948235406247
2285,0.0023603192180255486,0.002106988648902443,32,-0.0002533305691231058
2286,-0.00046685960652166186,0.00205624977570509,41,0.002523109382226752
2287,-0.0029242457707982636,0.001415639829951029,42,0.004339885600749292
2288,0.0012594845867823481,0.00021997299501102667,41,-0.0010395115917713215
2289,0.007467284643305399,0.002507691447709701,45,-0.004959593195595698
2290,-0.002490810093086859,-0.0007267227415593848,47,0.0017640873515274741
2291,0.0007694256372447701,0.0016872367274834595,51,0.0009178110902386894
2292,-0.0025667185585070973,-0.002118294565723724,53,0.0004484239927833732
2293,0.003424471649712987,0.0001317442777731574,53,-0.0032927273719398297
2294,0.0007882883193688926,0.0012075182246336677,54,0.00041922990526477506
2295,0.004696849558338677,0.0015929793676713127,57,-0.003103870190667364
2296,-0.0029604878893707753,-0.002571285601972657,61,0.0003892022873981183
2297,0.001900350767705131,0.00011438983659104165,62,-0.0017859609311140895
2298,-0.010464630998215643,-0.005605921899282327,67,0.004858709098933316
2299,-0.0040048704808992,-0.003973990751898173,68,3.087972900102636e-05
2300,-0.0021559745752853187,0.00011353464147773454,69,0.002269509216763053
2301,-0.0030964410484223834,-0.0019219118593280721,73,0.0011745291890943113
2302,0.0004416567066480889,0.0001328791972493977,73,-0.0003087775093986912
2303,0.003198071074063546,0.0015528129728672427,75,-0.0016452581011963032
2304,0.002488702726845836,0.00210396576037042,77,-0.00038473696647541586
2305,0.0021418073708611442,0.0006726788086980808,80,-0.0014691285621630634
2306,-0.004509556277276232,-0.0025429351380568555,82,0.0019666211392193765
2307,0.004454098950199461,0.0029829507838095358,81,-0.001471148166389925
2308,0.00251310495609275,0.0025429147118438975,82,2.9809755751147426e-05
2309,0.0010598310990888587,0.0013207374409051256,81,0.0002609063418162669
2310,0.0034690900821859596,0.0011649169852593535,81,-0.002304173096926606
2311,-0.005472947278852416,-0.0030677377369152056,79,0.00240520954193721
2312,0.0003625937568757242,0.0002713183573604612,79,-9.127539951526298e-05
2313,0.005807333724279146,0.002297595916298236,79,-0.00350973780798091
2314,0.0014940515504374837,-0.0007401807620223625,79,-0.0022342323124598462
2315,0.0002741823637818711,0.0014855558855389251,83,0.001211373521757054
2316,0.0038592361236678,0.002485188278326385,82,-0.0013740478453414147
2317,-0.0033560573284170283,-0.0038070008840095197,83,-0.0004509435555924914
2318,0.006404894304506706,0.003537130688931662,82,-0.002867763615575044
2319,-0.0004279917807347764,-0.00044278277670518695,84,-1.4790995970410568e-05
2320,-0.004943686340823393,-0.0009627259350190495,81,0.003980960405804344
2321,0.0017053793753342053,0.0006243125142577843,79,-0.001081066861076421
2322,-0.0006826181114591115,-0.0009509466074911499,75,-0.00026832849603203833
2323,0.002115330105969879,0.0019243349323633933,75,-0.00019099517360648575
2324,0.000983586694814337,0.0005141470981609231,74,-0.00046943959665341384
2325,-0.012178802870868265,-0.005893806388991316,71,0.006284996481876949
2326,-0.00767634047654193,-0.0052601545850961915,63,0.002416185891445739
2327,-0.009242556705716174,-0.005698049796990347,62,0.0035445069087258266
2328,0.004290492088598294,0.0008922543464408933,63,-0.003398237742157401
2329,-0.0014727227751955704,0.001528025297342112,59,0.0030007480725376826
2330,0.0029850830554117645,0.0023777927801935388,57,-0.0006072902752182257
2331,-0.005661184181126637,-0.0021082203492099696,53,0.003552963831916667
2332,0.012124812212499808,0.0041845104395880316,51,-0.007940301772911777
2333,0.0006267517695212817,-0.00012734378847349,51,-0.0007540955579947717
2334,-0.0020427980747338855,-0.0009462966146701658,49,0.0010965014600637197
2335,-0.014359213763565528,-0.011511580508448034,46,0.0028476332551174936
2336,0.004793915631093284,0.0025719844018437916,42,-0.002221931229249492
2337,-0.0013527955776658123,-0.00041477257295324674,41,0.0009380230047125655
2338,-0.0017704150718621278,-0.0011223827111855877,36,0.0006480323606765401
2339,0.0008509106072921023,0.0013061672995654274,35,0.00045525669227332506
2340,-0.0008924941084081864,-0.0018399329420478157,35,-0.0009474388336396293
2341,0.0053448063192667004,0.0042711877500986525,32,-0.001073618569168048
2342,0.006178185246255934,0.005264523457770333,41,-0.0009136617884856011
2343,0.0014745798669281063,-0.00017317318811554836,45,-0.0016477530550436546
2344,-0.005393467707568084,-0.0027242398489731785,55,0.0026692278585949054
2345,0.002120280888977708,-4.626399327291674e-05,57,-0.0021665448822506244
2346,0.00030780934600217974,-0.001841976217716601,55,-0.002149785563718781
2347,-0.015678025361206535,-0.004713020146517211,58,0.010965005214689325
2348,0.0021424939069103763,0.0020390846459958797,62,-0.00010340926091449666
2349,0.007816101471816767,0.0031455956486332775,73,-0.004670505823183489
2350,0.00713587994360068,0.0038714872480574494,77,-0.0032643926955432303
2351,-0.0015767033860966274,-0.0014485150508927807,78,0.00012818833520384667
2352,0.0016525567234685643,0.00037042413385397413,86,-0.00128213258961459
2353,0.002407203417693669,-0.0006732165639010751,91,-0.003080419981594744
2354,0.011312323563869721,0.0051684336175360935,97,-0.006143889946333627
2355,-0.0008810510006238629,-0.0019969017963217296,95,-0.0011158507956978668
2356,0.005057647582141367,0.0019300968908706707,95,-0.0031275506912706967
2357,-0.002224516184462786,-0.0026775939942703486,94,-0.00045307780980756267
2358,0.0018886022256400226,-0.00012355597999540565,95,-0.0020121582056354284
2359,0.003397144701460002,0.0021659031621339172,94,-0.0012312415393260848
2360,0.004013644491677809,0.003101330877578854,94,-0.000912313614098955
2361,-0.0019242279650623264,-0.0010649972915124301,92,0.0008592306735498963
2362,-0.008452796785681303,-0.005446810674552171,93,0.0030059861111291324
2363,0.007022851721699578,0.004494598285224666,95,-0.002528253436474912
2364,0.0016034663153211275,0.0008433934171915597,98,-0.0007600728981295678
2365,0.009628453248145652,0.007540288294456851,99,-0.0020881649536888007
2366,-0.0038547861762421795,-0.0038872940513601,98,-3.25078751179206e-05
2367,0.003833844284703737,0.0019252551858291852,98,-0.0019085890988745518
2368,0.00541382644815889,0.001847341215411724,99,-0.0035664852327471665
2369,-0.0025058865722234346,-0.0014204897035893671,100,0.0010853968686340674
2370,-0.0010284850222967822,3.9769113470360385e-05,100,0.0010682541357671426
2371,-0.0035760025476859296,-0.003831474266545605,101,-0.0002554717188596755
2372,0.0022937796651745805,0.0033436650887244553,101,0.0010498854235498748
2373,0.00039744176025171163,0.0009719047215396777,103,0.0005744629612879661
2374,0.001819704146887849,0.002389567591762192,104,0.0005698634448743432
2375,-0.0015290837398706856,-2.734413652650232e-06,105,0.0015263493262180354
2376,-0.003461116737627895,-0.002007888908852885,105,0.00145322782877501
2377,0.002782062050973094,0.002362052765406751,106,-0.000420009285566343
2378,-0.0027955221839644022,-0.002237233192473077,107,0.0005582889914913253
2379,0.0060468565804782555,0.004244048913543759,106,-0.0018028076669344964
2380,0.0028619591126730756,0.0018966362523314224,104,-0.0009653228603416532
2381,0.0025202975642979776,0.0014807356507037174,103,-0.0010395619135942602
2382,-0.00418817671654189,-0.0040372683138729425,95,0.0001509084026689476
2383,-0.0003066262641906172,-0.0015966403868294741,89,-0.0012900141226388569
2384,-0.000777890224472808,-0.0006949902710766964,77,8.289995339611162e-05
2385,0.0041092175028429705,0.002321302608923662,72,-0.0017879148939193086
2386,-0.0027802469306544533,-0.002979685054690333,72,-0.0001994381240358798
2387,0.010264644053311177,0.008630688132806404,70,-0.0016339559205047725
2388,0.004521125838400524,0.002885894164501898,65,-0.0016352316738986261
2389,0.008444343707547904,0.008190692900400911,54,-0.0002536508071469927
2390,0.0025022019213215797,0.0028161341212999745,47,0.0003139321999783948
2391,0.005403714417966914,0.004938335080713657,46,-0.0004653793372532567
2392,0.00515166299198551,0.004548307227511802,38,-0.0006033557644737082
2393,-0.0007447402833746954,0.0003502053035975687,33,0.0010949455869722641
2394,0.004356058934407991,0.0027228062662094186,26,-0.0016332526681985728
2395,-0.0002548395862244322,-0.002260889634263514,24,-0.002006050048039082
2396,-0.00488899281817073,-0.0014331450333582808,26,0.003455847784812449
2397,0.001822050988892257,0.0007607410437261772,26,-0.0010613099451660798
2398,-0.00015750020616053017,0.002108875895503122,25,0.002266376101663652
2399,-0.001970299532630157,-0.0005918368043327515,24,0.0013784627282974055
2400,-0.0004662481501717895,-0.0008417771471632279,24,-0.00037552899699143844
2401,0.005110738414195923,0.001149083639088002,25,-0.003961654775107921
2402,-0.003708499378469252,-0.004245772557782956,25,-0.0005372731793137041
2403,0.008391787257131873,0.004318466695442451,26,-0.004073320561689422
2404,0.0015575168882803931,0.0018391107225920744,24,0.0002815938343116813
2405,-7.795182476621238e-05,-0.0026138721704727324,28,-0.00253592034570652
2406,0.0038634229734788444,0.001339275601291788,32,-0.0025241473721870564
2407,-0.0004161765420987651,-0.004212826912822978,50,-0.003796650370724213
2408,-0.0023993401705738227,-0.00020940155774371708,53,0.0021899386128301055
2409,0.004183145519948985,0.0022523924721402824,52,-0.0019307530478087026
2410,0.005269469830798162,0.0024798748272412147,61,-0.002789595003556947
2411,0.006625262883628068,0.004215178491169046,66,-0.0024100843924590217
2412,0.005101793905975795,0.0003418710826547502,80,-0.004759922823321045
2413,0.0040796772721161546,0.0021026504215836644,84,-0.00197702685053249
2414,-0.0030541460792148528,-0.0034571188453937666,84,-0.00040297276617891386
2415,-0.004283203179693738,-0.002820894294751558,89,0.0014623088849421806
2416,0.004872508994116471,0.003128805654857516,96,-0.0017437033392589548
2417,0.004453078456563979,0.004234692390233473,104,-0.0002183860663305063
2418,0.00856637924653589,0.0024750845504451875,109,-0.006091294696090702
2419,-0.0037631562634054547,-0.0003820234384226458,108,0.003381132824982809
2420,-0.0005663525024258935,-0.00031119873206379456,108,0.00025515377036209897
2421,-0.006481748497235925,-0.004369210046287638,108,0.002112538450948287
2422,0.00448767590044456,0.002675235526794525,108,-0.0018124403736500352
2423,-0.004043593768705641,-0.00307831136538371,108,0.0009652824033219306
2424,0.010996471651232067,0.0061730896802037255,108,-0.004823381971028342
2425,0.0027868483803122545,0.002265189693773334,109,-0.0005216586865389207
2426,0.008209321630351374,0.004444945966431501,109,-0.0037643756639198726
2427,-0.0018741840295229473,-0.0016538090965908688,109,0.00022037493293207856
2428,0.0068977950280166645,0.003176300733743408,110,-0.0037214942942732565
2429,-0.01166038245648873,-0.006426019615887655,110,0.005234362840601074
2430,0.0022484923440200637,0.0019487544607262733,111,-0.00029973788329379033
2431,0.010483394312318534,0.006421693302392072,111,-0.004061701009926462
2432,-0.011259338522550235,-0.007826053352339704,115,0.003433285170210531
2433,0.006661239948683005,0.004239320649376938,116,-0.0024219192993060667
2434,0.0005571413730385,0.00010593531392055479,116,-0.0004512060591179452
2435,0.003923817078931221,0.00281496477371137,118,-0.0011088523052198516
2436,-0.0012221682329891506,-0.0002979578654332672,116,0.0009242103675558834
2437,0.00665511872836604,0.00363103635929162,119,-0.00302408236907442
2438,0.005827151088139411,0.0038888639971307952,120,-0.0019382870910086155
2439,-0.004609178495835231,-0.002851269066437061,122,0.0017579094293981696
2440,-0.006508168088867581,-0.003921588974351416,121,0.002586579114516165
2441,0.004350654504765167,0.0018635452086742008,120,-0.0024871092960909663
2442,-0.005913286539525324,-0.0031036818358527642,121,0.0028096047036725597
2443,0.0076015324524341355,0.006263634780726753,118,-0.0013378976717073826
2444,-0.00343914083752137,-0.0016494039973161726,117,0.0017897368402051972
2445,0.0028369721011923003,0.0012204106032354014,113,-0.0016165614979568989
2446,0.005757559704830575,0.0032599310832951882,109,-0.0024976286215353865
2447,6.748722789572405e-05,7.599693975807359e-05,91,8.50971186234954e-06
2448,0.004394823971397385,0.0031570096456674007,86,-0.0012378143257299845
2449,0.00600344286375134,0.005242973509118219,86,-0.0007604693546331212
2450,0.006583512847026009,0.0023345982046519297,77,-0.004248914642374079
2451,-0.00189093079518779,0.0010923981742249004,71,0.0029833289694126902
2452,0.006606022840869486,0.0033608281562035173,58,-0.0032451946846659683
2453,0.008124926764718461,0.005453438018170857,52,-0.0026714887465476046
2454,-0.0035017118138988457,-0.0027877412848114416,51,0.0007139705290874041
2455,-0.0013659394741204695,-0.0007464035136173099,46,0.0006195359605031596
2456,0.0022495868516914583,0.002122395916764578,39,-0.0001271909349268804
2457,-0.008678263704148492,-0.005517425334621003,30,0.0031608383695274885
2458,-0.019236705165088127,-0.014757030797593126,24,0.004479674367495001
2459,-0.019032391754333137,-0.015204700438568947,24,0.0038276913157641902
2460,0.0033230922070061433,0.0046044056521491366,24,0.0012813134451429933
2461,0.003100484902894931,0.0021933585766013377,24,-0.0009071263262935931
2462,0.004948793443767053,0.0013644099208059007,24,-0.0035843835229611527
2463,0.0017990581699765622,0.0019063699948542318,24,0.00010731182487766955
2464,0.0005693118727993119,0.002690296068945588,25,0.002120984196146276
2465,-0.000614847324867201,0.002318590783734911,26,0.0029334381086021117
2466,0.008449049110234533,0.00291043524954947,30,-0.0055386138606850635
2467,-3.059394119418746e-05,0.0008224053640591908,32,0.0008529993052533782
2468,-0.006017879274471428,-0.0065437136784246225,33,-0.0005258344039531949
2469,0.0008223443427282959,-0.00013303490456111837,36,-0.0009553792472894142
2470,0.0071520569837781505,0.003027076816409283,42,-0.004124980167368867
2471,-0.005204361238919268,-0.004672384965014522,56,0.0005319762739047461
2472,-0.0003968253110326355,-0.0003747463580262585,60,2.2078953006376967e-05
2473,0.0026350933891761677,0.002233434122930699,59,-0.00040165926624546877
2474,-0.007373533261130692,-0.005761171938161146,66,0.0016123613229695466
2475,0.00341112375224213,0.001284934767380719,72,-0.002126188984861411
2476,-0.005707883288720473,-0.00340950784520021,90,0.002298375443520263
2477,0.005484858847165032,0.0034089369297460566,95,-0.0020759219174189755
2478,2.73738028592115e-05,-5.816583350901188e-05,96,-8.553963636822338e-05
2479,-0.014815503637138704,-0.008455225047508882,104,0.006360278589629821
2480,-0.008605313285554929,-0.005359202910618861,105,0.0032461103749360674
2481,0.005771436703359998,0.0026753683208239013,118,-0.003096068382536097
2482,0.003931273111608812,0.0031522185178899393,126,-0.0007790545937188731
2483,0.005943513508744905,0.0009455478847744052,126,-0.0049979656239704994
2484,0.003699207294911044,0.0025257095261770257,128,-0.0011734977687340182
2485,-0.00417175117709764,-0.0012962371586215536,130,0.002875514018476086
2486,0.0003568373808936403,0.0009839743236119893,132,0.0006271369427183491
2487,-0.0061618448955601274,-0.002603116903532078,134,0.0035587279920280494
2488,-0.003824550666812695,-0.0030435835429118785,134,0.0007809671239008163
2489,0.0036290201890811754,0.003225731363744088,134,-0.0004032888253370872
2490,0.009485361971446364,0.004058636906426709,135,-0.005426725065019655
2491,-0.002753505902996797,-0.002602032696362814,137,0.000151473206633983
2492,0.000125143468351925,0.000433161948880807,136,0.00030801848052888195
2493,0.011244975756913892,0.0075337668434361646,136,-0.003711208913477727
2494,0.0036829814686841276,0.002963271367955532,140,-0.0007197101007285957
2495,-0.0011140737133212117,0.0006375735675123562,141,0.001751647280833568
2496,-0.006633652362373904,-0.003792868286143217,141,0.0028407840762306865
2497,-0.00035265603118229673,0.0010505595632260038,141,0.0014032155944083005
2498,-0.001792349373059693,-0.0018351240534149002,141,-4.277468035520705e-05
2499,0.005200172774350457,0.0052158083309072545,142,1.563555655679713e-05
2500,-0.003456230786639877,-0.002402967430257682,146,0.001053263356382195
2501,-0.00299320642291144,-0.0010613219332425686,146,0.0019318844896688712
2502,-0.0025463814861885407,-0.0013633274100909355,146,0.0011830540760976052
2503,-0.006298830491645797,-0.004403964463292865,146,0.0018948660283529322
2504,0.0056261964233668554,0.004552633958407912,145,-0.0010735624649589439
2505,0.004105286703823216,0.0022594344815661414,143,-0.001845852222257075
2506,0.006174354998911029,0.0038074509385607725,140,-0.002366904060350257
2507,0.0017827176558491298,0.0009952999595308721,137,-0.0007874176963182577
2508,-0.005349430838646914,-0.0028461446259310497,135,0.002503286212715864
2509,-0.004036531363649286,-0.0014718684857742516,132,0.0025646628778750345
2510,0.016488321633300787,0.009043874508199608,125,-0.007444447125101179
2511,0.005293477321635801,0.004016560453949472,111,-0.0012769168676863285
2512,0.00339396825466803,0.0033520190682240917,103,-4.1949186443938306e-05
2513,-0.004720789926603614,-0.002722263766976337,103,0.0019985261596272767
2514,-0.0035150168786662384,-0.0028626745800616415,96,0.000652342298604597
2515,0.0018257012826251356,0.0009724826575522177,88,-0.0008532186250729179
2516,-0.002527436278250079,-0.0008208815901921843,70,0.0017065546880578946
2517,0.0018113845291370353,0.0002932226819548544,62,-0.0015181618471821808
2518,0.0049392842604219925,0.005318032075448272,60,0.00037874781502627956
2519,-0.006327486942699776,-0.005744035835710719,50,0.000583451106989057
2520,0.0002597826505166335,-0.0007026842107036755,49,-0.000962466861220309
2521,0.007257089969179511,0.0040075957092354005,37,-0.003249494259944111
2522,0.004626247135033901,0.0024528137998889488,31,-0.002173433335144952
2523,0.01098923518769405,0.001458275300949315,37,-0.009530959886744735
2524,-0.010627163455789143,-0.010287740569869577,36,0.0003394228859195658
2525,0.004078839325665095,-0.0014852098595511214,36,-0.005564049185216216
2526,0.004130016452250723,0.002281199462880807,36,-0.0018488169893699164
2527,0.0011980510072093374,2.5259319841896495e-05,36,-0.0011727916873674408
2528,-0.008306550637268305,-0.006841051246310546,36,0.0014654993909577595
2529,0.002036245407276922,-0.000865086263726374,37,-0.0029013316710032964
2530,0.004215637831528965,0.0026066094366258854,37,-0.0016090283949030796
2531,0.0022694553155164997,0.0033593207207964853,40,0.0010898654052799855
2532,-0.007136429662745789,-0.0037808332409974884,44,0.003355596421748301
2533,-0.008752612459297602,-0.0038659683555689983,47,0.004886644103728603
2534,0.006243049148421913,0.0006991679740442636,46,-0.00554388117437765
2535,-0.006461189943869021,-0.0028139470223753093,52,0.003647242921493712
2536,0.0023178273042539508,0.0005052184630576958,57,-0.0018126088411962549
2537,-0.0016744693371701276,-0.0006612826461789272,65,0.0010131866909912004
2538,-0.007683795344559449,-0.004330115388494117,76,0.003353679956065332
2539,-0.00029229089293372903,-0.0007075123960148065,76,-0.0004152215030810775
2540,-0.004779987077152004,-0.00016845712581406812,81,0.004611529951337936
2541,-0.006931870476491473,-0.002826053571907372,86,0.0041058169045841
2542,-0.0018423780945549175,-0.00017060452548767538,99,0.0016717735690672422
2543,0.0014994059271880148,-0.00010350391032946126,106,-0.0016029098375174762
2544,-0.0024014066784417893,-0.0003707470186262226,106,0.0020306596598155665
2545,0.005776228007050699,0.0021811951671001583,110,-0.0035950328399505407
2546,0.00992725616770206,0.003978608705368589,114,-0.005948647462333471
2547,-0.004335269061291177,-0.0014061117912408964,128,0.0029291572700502807
2548,0.008430309285286838,0.002042429713579022,130,-0.006387879571707816
2549,-0.000562658088715579,9.540633569986847e-05,132,0.0006580644244154474
2550,0.005538080498509237,0.0030887147514051,138,-0.0024493657471041375
2551,0.001743360914431305,0.0026524478216191877,151,0.0009090869071878827
2552,0.0008463683539563788,4.736017188174045e-05,157,-0.0007990081820746383
2553,0.0001925150993293429,0.0006363376711850957,158,0.0004438225718557528
2554,0.005842394875271216,0.0025467270749510913,166,-0.0032956678003201244
2555,-0.00045517423616230166,-0.0009239604182124344,172,-0.0004687861820501328
2556,-0.009724424232656815,-0.005420529854294523,178,0.004303894378362292
2557,0.0014239238659839782,0.0011256396592290773,181,-0.00029828420675490097
2558,0.01169916710973897,0.007348940727749657,182,-0.004350226381989312
2559,0.0009783204936032977,0.001398758604450209,186,0.00042043811084691127
2560,-0.003051363058705465,-0.002137455000771529,188,0.000913908057933936
2561,-0.0010910886918300332,-0.0003505656543770656,188,0.0007405230374529676
2562,-0.0029904568560114486,-0.001901912771012398,187,0.0010885440849990506
2563,-0.00661683949441195,-0.0046801773859693535,182,0.0019366621084425965
2564,0.0022924996160462742,0.0020749637347873186,181,-0.0002175358812589556
2565,-0.0019083847528540115,-0.0015652223223159376,178,0.0003431624305380739
2566,0.007854877967928638,0.004381925577128072,179,-0.003472952390800566
2567,-0.003174134076589365,-0.0018533257571734802,180,0.0013208083194158847
2568,0.009514145984284907,0.005835096558574124,180,-0.003679049425710783
2569,-0.0032289359375555974,-0.0023082616822707527,179,0.0009206742552848447
2570,-0.003519786870433904,-0.0013827460617193102,179,0.002137040808714594
2571,0.0021892243809529983,0.00044073862843742334,174,-0.001748485752515575
2572,-0.010332333693735584,-0.007541249564798231,171,0.002791084128937353
2573,-0.006234163240467189,-0.003752122379552749,168,0.0024820408609144396
2574,-0.010838280755459968,-0.007986629646135154,166,0.0028516511093248133
2575,0.0004934301485773326,-0.00021486870599726483,160,-0.0007082988545745975
2576,-0.00215010525222602,-0.002454114173537855,159,-0.0003040089213118351
2577,0.007502020526276237,0.0037095414019953908,152,-0.003792479124280846
2578,0.009052155860748963,0.007117268519784264,141,-0.001934887340964699
2579,-0.000818268478758485,0.0005705768822063813,140,0.0013888453609648664
2580,-0.012302020678970571,-0.008013634511791197,131,0.0042883861671793744
2581,-0.01340451036725885,-0.010993703749703172,126,0.002410806617555678
2582,-0.0076608897258000856,-0.0038886325974833657,113,0.00377225712831672
2583,0.004853408865752142,0.003126989340548892,106,-0.0017264195252032497
2584,0.009088041403811172,0.004723293104154844,106,-0.004364748299656327
2585,-0.009911494357549702,-0.007301916753679057,103,0.0026095776038706445
2586,-0.004970090301800217,-0.0037551750229306733,100,0.0012149152788695433
2587,-0.007437485875320857,-0.0058828582217917876,87,0.0015546276535290697
2588,-0.0041430976650611425,-0.0017037288646687971,85,0.002439368800392345
2589,0.0035922161976722554,0.001887882428908077,83,-0.0017043337687641783
2590,0.002538262092192616,0.0011169275182801891,78,-0.0014213345739124267
2591,-0.000780129570819463,-0.0008770883493042656,67,-9.695877848480252e-05
2592,0.009040986637633822,0.007045135213308383,62,-0.0019958514243254384
2593,-0.009637031260307502,-0.004108882902996037,63,0.005528148357311465
2594,-0.003761547411784466,-0.00040203864969605814,61,0.0033595087620884078
2595,-0.013932087907611884,-0.007286101035487483,61,0.006645986872124401
2596,-0.007586260746820715,-0.002267196326130766,60,0.005319064420689948
2597,-0.003703323368917318,-0.001039718331392955,58,0.002663605037524363
2598,0.002290709863097644,-0.00026290737433068846,66,-0.0025536172374283324
2599,0.0009512062622621012,-0.00032433652083205906,68,-0.0012755427830941602
2600,0.002497912544452006,0.0007666590973912974,81,-0.0017312534470607086
2601,-0.0031256824894840777,-9.74269813820939e-05,89,0.0030282555081019838
2602,-0.006483857130201837,-0.000985310108489352,87,0.0054985470217124854
2603,-0.006555786597689677,-0.002795194227999081,87,0.0037605923696905964
2604,-0.007535763593575601,-0.0027824467694239127,97,0.004753316824151688
2605,0.009646530654108353,0.002635106186608804,103,-0.007011424467499549
2606,0.01665633281511246,0.005425840652008066,107,-0.011230492163104393
2607,-0.008262578548358327,-0.003183426127690813,104,0.005079152420667515
2608,-0.013215470337959456,-0.005295964175297935,105,0.00791950616266152
2609,0.0004710417491275,0.0011330159151882334,108,0.0006619741660607334
2610,0.0021824473663305615,-0.0006427175326180864,109,-0.002825164898948648
2611,0.005985543390374976,0.001985249343509477,111,-0.004000294046865499
2612,-0.008721553959018162,-0.003364379958719957,110,0.005357174000298205
2613,0.0003673774721578004,-7.778493212482794e-05,111,-0.00044516240428262835
2614,0.0066679797207546115,0.002446318599509087,112,-0.004221661121245524
2615,0.0072544694708520825,0.0037482964731916134,113,-0.003506172997660469
2616,0.004681796146412494,0.00213137952520931,110,-0.002550416621203184
2617,-0.0016750706841975433,-0.0003820962538812799,109,0.0012929744303162634
2618,-0.0011340651462963117,-0.0008898847358127366,111,0.0002441804104835752
2619,-0.007674477992427499,-0.004331691880746921,111,0.0033427861116805783
2620,-0.006203252300042192,-0.002664191218077766,111,0.0035390610819644257
2621,-0.001848804955486742,-0.0012049911236436117,112,0.0006438138318431302
2622,0.0049583362364321575,0.0025596215526538005,112,-0.002398714683778357
2623,0.011586112452122726,0.004704450007950092,112,-0.006881662444172634
2624,0.0030364117228564415,0.0008966224661531725,114,-0.002139789256703269
2625,0.00598924333076294,0.00271371708210815,114,-0.0032755262486547894
2626,-0.0003318704910664118,-0.0004855536025303034,113,-0.00015368311146389156
2627,-0.0010420151888808366,-0.0008825156030880659,113,0.00015949958579277075
2628,-0.0005869332163092952,-0.0002704576534600921,115,0.0003164755628492031
2629,-0.00016222169764168652,-0.00021686373543737392,116,-5.464203779568741e-05
2630,0.0040879614104110595,0.0017901976305350943,115,-0.0022977637798759654
2631,0.006606013737872597,0.003365837667376119,112,-0.003240176070496478
2632,-0.0035112158866416623,-0.0012840152628724622,111,0.0022272006237692
2633,-0.0021629135729709288,-0.0008411046306592062,110,0.0013218089423117224
2634,0.004342327807050174,0.0018787509176149463,104,-0.002463576889435228
2635,-0.002137574720839686,-0.001681016238805769,99,0.0004565584820339168
2636,-0.003459881041074619,-0.0012964415270161013,94,0.0021634395140585176
2637,0.0037303822934821257,0.002034753672103286,93,-0.0016956286213788397
2638,-0.0016300091763802225,-0.0012404334730059673,85,0.0003895757033742552
2639,0.001409073652543949,0.00048306731382474625,80,-0.0009260063387192028
2640,0.00580251514187356,0.003903363591980394,67,-0.0018991515498931661
2641,0.007167966225298277,0.005305712181716141,58,-0.001862254043582136
2642,-0.005412509481794791,-0.00429565021905917,57,0.001116859262735621
2643,0.004815526729042494,0.0034374623262511442,57,-0.0013780644027913493
2644,-0.01992830695142459,-0.013968217933907843,47,0.0059600890175167485
2645,-0.0095707551577129,-0.005257170502869397,41,0.004313584654843503
2646,-0.0010633421692999693,-0.0006017926784513373,34,0.00046154949084863204
2647,-0.008793163655139536,-0.0037195734280509596,35,0.0050735902270885765
2648,-0.00372096825144144,-0.0015233211842376963,35,0.002197647067203744
2649,0.004187571164484115,0.003183835086842699,32,-0.0010037360776414157
2650,-0.009150149462810587,-0.005031605163659528,30,0.004118544299151058
2651,-0.0031391566800755,-0.002744114122587143,28,0.0003950425574883571
2652,-0.005100953043565221,-0.0026830813254227026,31,0.0024178717181425184
2653,0.009909726218272904,0.006457337484572933,31,-0.0034523887336999712
2654,-0.0012730691902708628,-0.0019405859106454537,30,-0.0006675167203745909
2655,0.0027628116124918728,0.003208053444970594,27,0.00044524183247872124
2656,-0.005114707168477186,-0.0006712171205665258,34,0.00444349004791066
2657,-0.003281203581766237,-0.0034646172430323726,40,-0.0001834136612661355
2658,-0.0005527000227167469,-0.0009782653669832722,49,-0.00042556534426652526
2659,-0.0048928898812529075,-0.0026439165424469763,56,0.0022489733388059313
2660,0.0035413994190181403,0.0018695211531903047,56,-0.0016718782658278356
2661,0.0019046803368492668,0.0020575259584569502,67,0.0001528456216076835
2662,-0.001334422368007175,-0.0011952820142033026,77,0.00013914035380387232
2663,-0.0016999569745637406,-0.0007372907150118967,87,0.0009626662595518438
2664,-0.00013606243414996438,-0.00046530041334826564,92,-0.00032923797919830124
2665,0.009838651157890597,0.00220334098444707,91,-0.007635310173443526
2666,0.0014510618203144089,0.0014370661853711135,98,-1.399563494329536e-05
2667,-0.0031633122845568513,-0.0020297072271937503,105,0.001133605057363101
2668,-0.002148388627106232,-0.0006641037042237918,115,0.0014842849228824404
2669,0.004541865946494364,0.0006736408664934928,121,-0.003868225080000871
2670,-0.006543015455011279,-0.0016820001678940963,123,0.004861015287117182
2671,0.0021720967698350617,0.002292509490937861,124,0.0001204127211027993
2672,-0.0027185273955696336,0.00038139231816724443,124,0.0030999197137368782
2673,0.0020455700818935527,0.000628625098874779,125,-0.0014169449830187739
2674,0.00685078781910283,0.0032052248937965554,126,-0.003645562925306275
2675,-0.0006731835448927895,-0.0005469006563097647,125,0.00012628288858302478
2676,-0.007940959422223842,-0.0048174759180892295,126,0.0031234835041346123
2677,-0.0016070680928040506,-0.0014989072011765614,128,0.00010816089162748923
2678,0.0030253446090012406,0.0024207773536399518,129,-0.0006045672553612888
2679,-0.002461549293818969,-0.00010438463575826946,129,0.0023571646580607
2680,0.009261884288011155,0.0061893199335326405,127,-0.003072564354478514
2681,-0.0008144764840874247,0.00038914808319668285,127,0.0012036245672841076
2682,-0.0032458357784649733,-0.002274387554334565,129,0.0009714482241304084
2683,0.0059855570939273735,0.0012493427472528374,128,-0.004736214346674536
2684,0.007091349747740969,0.002709728072435333,129,-0.0043816216753056365
2685,-0.004677697567904002,-0.0021324350195642268,129,0.0025452625483397755
2686,-0.0010601629951344969,-0.00043957897341044,129,0.0006205840217240568
2687,-0.0020971412164556814,-0.0010699985210742456,130,0.0010271426953814358
2688,0.008189989246338148,0.005314996025057776,129,-0.002874993221280372
2689,-0.004592365296433084,-0.002750710335542656,129,0.0018416549608904279
2690,0.002189409222285525,0.0007112424247575628,129,-0.001478166797527962
2691,0.004189857603008029,0.002070637884643218,130,-0.002119219718364811
2692,-0.0015678504934242225,-0.002389397974569684,128,-0.0008215474811454617
2693,-0.014323869297358894,-0.008809050559127502,128,0.005514818738231392
2694,-0.002924507101215587,-0.001348929653037528,127,0.001575577448178059
2695,0.00287302702618291,0.0010035685932138871,127,-0.0018694584329690227
2696,-0.0004497176121711873,-0.0014281273000432203,120,-0.000978409687872033
2697,-0.008520195930518058,-0.004744411489453249,114,0.0037757844410648087
2698,-0.008159798252078932,-0.0028505412388069333,103,0.0053092570132719985
2699,-0.002630708759577506,-0.0016921265323427183,96,0.0009385822272347879
2700,0.005391027472631507,0.0011810482729694878,96,-0.0042099791996620195
2701,-0.0019905160203187444,-0.0012586135150852269,84,0.0007319025052335176
2702,0.0017700696628896203,0.0018755689973328573,73,0.000105499334443237
2703,0.0014040031284269262,0.0005825242377038992,64,-0.0008214788907230271
2704,-0.011889941964367557,-0.010115327371855314,57,0.0017746145925122431
2705,-0.00414936895315926,-0.0026900533728490455,58,0.001459315580310215
2706,0.005592898192066402,0.0025797662316445393,52,-0.0030131319604218623
2707,-0.002080116909739784,-0.00039160716761645693,44,0.001688509742123327
2708,-0.008269163593449685,-0.006471388316775413,32,0.0017977752766742718
2709,0.002686399650019031,0.0014035578213080103,25,-0.0012828418287110209
2710,-0.007403391896146312,-0.006353366965884313,23,0.0010500249302619995
2711,-0.00497986406714962,-0.004243837946748471,22,0.000736026120401149
2712,-0.004596624591839911,-0.004898041461473213,23,-0.00030141686963330167
2713,0.007175547545807552,0.004545204715999803,21,-0.0026303428298077493
2714,0.008736755323894818,0.006902324400874671,20,-0.001834430923020147
2715,0.020244874390061042,0.011913578867154379,22,-0.008331295522906663
2716,0.01944586948301664,0.01336597881664816,22,-0.006079890666368482
2717,-0.015453778590940954,-0.010093369745341918,23,0.005360408845599036
2718,0.0012790442887827534,0.002980722846079502,23,0.0017016785572967486
2719,0.005763705234765051,0.002828796841698523,23,-0.002934908393066528
2720,-0.0065536698653796245,-0.0033846443051241426,27,0.003169025560255482
2721,0.008703391289458332,0.004462130134565412,30,-0.00424126115489292
2722,-0.006143665061269012,-0.0033728994293518366,39,0.0027707656319171754
2723,0.003937708170410001,0.0004329298555416687,46,-0.0035047783148683324
2724,0.013999614402176213,0.009310184105498219,45,-0.004689430296677994
2725,-0.0050541226136923915,-0.0026140217642237596,51,0.002440100849468632
2726,0.0018099963518463963,-5.012592551276461e-05,58,-0.0018601222773591609
2727,0.0022558641903166745,-1.5727133210066476e-05,78,-0.002271591323526741
2728,-0.0013039087213860393,-5.3189783954690507e-05,88,0.0012507189374313487
2729,0.0025363219009735434,0.0008197257671513679,90,-0.0017165961338221755
2730,-0.002437107177647792,-0.004269080562773649,98,-0.0018319733851258567
2731,0.0037503220286194973,0.0016462973928738835,107,-0.0021040246357456136
2732,-0.0018497972149922233,-0.000515343224325982,118,0.0013344539906662413
2733,0.0023626735322045925,0.0019380848684187608,125,-0.0004245886637858317
2734,-0.0010425612180086235,-0.0003010580441020778,127,0.0007415031739065458
2735,0.008631064519172614,0.005808768743653356,130,-0.002822295775519258
2736,-0.011081720654131235,-0.006789399145712304,132,0.004292321508418931
2737,0.002272903390343976,0.0017363175996385457,133,-0.0005365857907054304
2738,-0.00667745016022393,-0.005539701072907798,133,0.0011377490873161322
2739,0.0018891345633133504,9.365266085710633e-05,133,-0.001795481902456244
2740,-0.009724866760005859,-0.0065398033395555255,133,0.0031850634204503335
2741,0.010654781615389141,0.006320063463627554,134,-0.004334718151761587
2742,-0.004251128716514336,-0.003483687563718814,137,0.0007674411527955225
2743,0.009941443010556172,0.006331790687298979,138,-0.0036096523232571924
2744,0.0001860142364412708,0.0003763634911703865,138,0.00019034925472911568
2745,0.0007442799488573783,-0.0002445518085967788,139,-0.000988831757454157
2746,-0.006646554098752954,-0.0036609957579332333,138,0.002985558340819721
2747,-0.009833061702230214,-0.006366378946528167,138,0.0034666827557020465
2748,0.0069480932543954195,0.004781595679399124,138,-0.0021664975749962952
2749,0.004776118977848689,0.0031598205364501172,139,-0.0016162984413985722
2750,-0.007392782619195704,-0.004693375882903884,140,0.0026994067362918197
2751,0.004530507056037643,0.001738399862594396,140,-0.002792107193443247
2752,-0.006373456380527367,-0.004725633339826295,139,0.0016478230407010724
2753,0.020350421933995427,0.013850439303537387,139,-0.00649998263045804
2754,-0.009597645008424657,-0.005789603928056566,139,0.0038080410803680905
2755,-0.0002540615313466451,0.0018005819720264763,140,0.0020546435033731215
2756,0.00397922938051995,0.0037208833253981844,141,-0.00025834605512176523
2757,-0.006020141169452576,-0.004323907074101164,139,0.0016962340953514121
2758,0.005695931653781977,0.004725710919720917,137,-0.0009702207340610601
2759,0.008873732656853131,0.005259941982066025,136,-0.003613790674787107
2760,-0.006564160791275132,-0.003889664342713445,132,0.0026744964485616867
2761,0.0030030786479679616,0.0010209774532527146,131,-0.001982101194715247
2762,-0.0007221664815551702,0.0030045894011628705,121,0.0037267558827180406
2763,-0.00414748846087274,-0.002059828386680678,114,0.0020876600741920616
2764,0.006418527198196743,0.0031617115179088267,114,-0.0032568156802879164
2765,0.005004025266888335,0.0029457445182205664,108,-0.0020582807486677684
2766,0.002966105097056395,0.0016075587506585321,101,-0.001358546346397863
2767,0.001163662856642652,-0.0008948056400696294,79,-0.0020584684967122815
2768,0.010278616710447832,0.00745357497885138,69,-0.0028250417315964513
2769,-0.004762880047463015,-0.004145951798931543,67,0.0006169282485314724
2770,0.0033202960341181917,0.0017399651336302232,59,-0.0015803309004879685
2771,-0.008758531514813041,-0.0012741388759914456,49,0.007484392638821596
2772,0.00578130503066079,0.0039012775236487926,37,-0.0018800275070119978
2773,0.0009629715451507045,-0.0017465741000978082,29,-0.0027095456452485124
2774,-0.0026682816591858632,-0.004156926966986299,29,-0.001488645307800436
2775,0.008650445350234641,0.00573358653658931,27,-0.0029168588136453313
2776,-0.004468504538711984,-0.0030338726579772096,28,0.0014346318807347742
2777,0.003713338307502304,0.0011526853076868932,29,-0.002560652999815411
2778,-0.01792535903232093,-0.008148946711195941,29,0.009776412321124988
2779,0.0011488515222405004,-0.0007606294060576581,29,-0.0019094809282981585
2780,-0.010054242234157683,-0.006688298409366,29,0.0033659438247916826
2781,-0.009367912815413042,-0.00428278540452709,29,0.005085127410885952
2782,0.001552268974241614,-3.186843438655011e-05,27,-0.001584137408628164
2783,0.011726968827203327,0.008984740038926716,26,-0.0027422287882766117
2784,0.004641190864625095,0.002135353530459627,28,-0.002505837334165468
2785,0.007544403131583781,0.0019033383799799788,27,-0.005641064751603802
2786,0.0028335414923398557,-0.002343384605241742,31,-0.005176926097581597
2787,0.00638743091861876,0.0019734792661523564,36,-0.004413951652466404
2788,-0.007775155549985168,-0.00396678711180188,46,0.0038083684381832886
2789,-0.003260438802263946,-0.0014155974433949945,54,0.0018448413588689513
2790,0.0012907664641219137,-0.0001877962551604693,53,-0.001478562719282383
2791,0.0015378936913958265,0.003176652916741497,58,0.0016387592253456703
2792,-0.0010719828670975907,-0.0022336147196463088,66,-0.001161631852548718
2793,0.0029601370404302137,0.0007621959092686855,80,-0.002197941131161528
2794,0.0020340377779328113,0.0005196601067990671,88,-0.0015143776711337442
2795,-0.002173267275469401,-0.000986401904843651,87,0.0011868653706257502
2796,0.001664226314214608,0.0011474188043841087,90,-0.0005168075098304994
2797,0.002076040103120693,0.00047996246664118474,94,-0.0015960776364795082
2798,-0.0018410712358301509,-0.0008604052955905442,102,0.0009806659402396066
2799,-0.0012705024931936883,-0.0007249038026019844,105,0.0005455986905917039
2800,0.003701641322692651,0.003922342698256583,106,0.00022070137556393218
2801,0.0022717685352205944,0.0018055222051930938,108,-0.0004662463300275006
2802,-0.002487806568524323,-0.000919768873789097,112,0.001568037694735226
2803,0.002314169103611857,0.0013206525289938761,112,-0.0009935165746179809
2804,-0.0008028223602272991,0.00016415249805577691,112,0.000966974858283076
2805,0.0017321293635051444,0.0010538032470381626,120,-0.0006783261164669818
2806,0.006640314828022414,0.0018964074403341972,130,-0.004743907387688217
2807,-0.0026976537060989683,-0.0016429020186139501,142,0.0010547516874850182
2808,0.003914039270210592,0.003300289876437045,150,-0.000613749393773547
2809,-0.0008526064805835822,-0.001806140921245922,151,-0.0009535344406623398
2810,0.0013818371686404808,0.0008449222036396907,152,-0.0005369149650007901
2811,-0.0001817941979477768,-0.0003890666313662359,155,-0.0002072724334184591
2812,0.0007886045389543753,-8.933966123889219e-05,160,-0.0008779442001932675
2813,0.001576107774745965,0.000947938968110295,162,-0.0006281688066356701
2814,-0.00020087620398779037,0.001736194907236315,160,0.0019370711112241055
2815,0.007627895760111966,0.005511757748619268,159,-0.0021161380114926983
2816,0.0031452204877991984,0.003388006309944327,156,0.0002427858221451286
2817,-0.0020167094245881435,-0.0013627740086367638,161,0.0006539354159513797
2818,-0.007918279435685315,-0.0049249851312883315,164,0.002993294304396983
2819,0.00429041301376625,0.0036899694050894234,165,-0.0006004436086768268
2820,-0.004225058902838844,-0.004320474147731822,168,-9.541524489297803e-05
2821,0.004816564194949805,0.004915360205710099,167,9.879601076029365e-05
2822,0.00260099246666637,0.0011276713210501097,169,-0.0014733211456162602
2823,0.002488716353723058,0.0006985846477870067,168,-0.0017901317059360513
2824,0.005744122688466018,0.003127247634902073,166,-0.002616875053563945
2825,-0.007938204036279362,-0.006247166242562429,167,0.0016910377937169336
2826,0.0021940543994468727,0.0014036281672194547,162,-0.000790426232227418
2827,0.005201093688145494,0.004849019948774776,159,-0.0003520737393707179
2828,0.0025834146190440673,0.0021799173015797963,151,-0.0004034973174642711
2829,0.007096867787734801,0.004698352891318144,142,-0.002398514896416657
2830,0.0007267653932682426,7.731998226496356e-07,143,-0.0007259921934455929
2831,0.0026234125216941812,0.000846991215621815,138,-0.0017764213060723663
2832,-0.0011144417591009317,-0.0014971372007429738,132,-0.0003826954416420421
2833,0.0012806296219338576,0.0006741626268986034,118,-0.0006064669950352542
2834,0.005773185685455374,0.005001920308862933,110,-0.0007712653765924414
2835,-0.004001330326930731,-0.00585015155461298,109,-0.0018488212276822494
2836,-0.004912910122143875,-0.003650102282346002,105,0.001262807839797873
2837,0.004962413867397236,0.0031671088832696858,101,-0.0017953049841275505
2838,0.0026030238912785188,0.0005379417977349916,93,-0.0020650820935435273
2839,0.009955826808461432,0.0038923056377217703,91,-0.0060635211707396625
2840,-0.0030885551007112876,-0.0015292719310466916,90,0.001559283169664596
2841,-0.003498985052751706,-0.004372270511466172,88,-0.0008732854587144658
2842,0.002737155377291911,0.00215223104948296,85,-0.0005849243278089511
2843,-0.0038262628271258834,-0.0005024046628120148,86,0.0033238581643138688
2844,-0.00492264790528381,-0.0024539231950699873,91,0.002468724710213823
2845,0.004677487653367348,0.0018009398336316467,84,-0.0028765478197357013
2846,-0.0033476302573906074,-0.002085533683254251,82,0.0012620965741363564
2847,-0.010426806816707603,-0.007968360257162573,77,0.0024584465595450296
2848,-0.00046839302205992084,-0.00129726328935811,69,-0.0008288702672981892
2849,-0.0036861379247901055,-0.002965674175909699,72,0.0007204637488804067
2850,-0.007215303257529398,-0.0035226186341052504,79,0.0036926846234241477
2851,-0.0003642227292970829,-0.00013990839610457178,94,0.0002243143331925111
2852,0.0026957712970367975,0.0020069744132519174,101,-0.0006887968837848801
2853,0.0004112942995784208,0.001609378783664485,101,0.001198084484086064
2854,0.001013197542371562,-0.0018805058523752008,108,-0.0028937033947467627
2855,-0.0016645436821184512,0.0003920921911680066,121,0.0020566358732864577
2856,-0.006729687345876833,-0.0024707137541024648,130,0.004258973591774368
2857,0.008696148551054229,0.005457913905416809,130,-0.00323823464563742
2858,0.0010075339379751998,-0.0009628097434739613,132,-0.0019703436814491613
2859,-0.0013312511999837436,-0.0010664521320421926,137,0.00026479906794155106
2860,-0.00165670738428912,0.000355833846315244,136,0.002012541230604364
2861,-0.002176791802960893,0.00015716898587330585,137,0.002333960788834199
2862,0.004953801085908789,0.0017511261830592752,136,-0.0032026749028495134
2863,-0.0032223014199511298,-0.0021211745883156397,136,0.00110112683163549
2864,0.002232194095505273,-8.795824462848161e-06,137,-0.002240989919968121
2865,-0.004950886966054703,-0.003999302818781923,136,0.00095158414727278
2866,-0.0010373840333247383,0.0006777990302122806,136,0.0017151830635370189
2867,-0.0016709481276670109,-0.001449367144174954,134,0.00022158098349205698
2868,0.0013274709455571348,0.00021405624380824918,132,-0.0011134147017488856
2869,-0.0015897212665636443,-0.0024790470704949275,133,-0.0008893258039312831
2870,0.0038545949528801587,0.0017880535611538406,133,-0.002066541391726318
2871,0.0018967666755202149,5.1596936806701e-05,136,-0.001845169738713514
2872,0.0051939298629342665,0.002283186950869951,134,-0.0029107429120643156
2873,0.007503745733159109,0.0032170431954518038,135,-0.004286702537707306
2874,-0.0040061120306049535,-0.002817777444172028,138,0.0011883345864329253
2875,0.008979974964828417,0.004910246909671365,138,-0.0040697280551570516
2876,-0.0018585960055046698,-0.001602573156681213,138,0.0002560228488234567
2877,0.00017315895754397163,0.0002748008242362932,137,0.00010164186669232159
2878,0.0006942518681312278,0.0017302883560771508,139,0.001036036487945923
2879,-0.0031193148906596487,-0.0021858616283364977,138,0.0009334532623231509
2880,0.00338897284594723,0.0005081737195506476,138,-0.0028807991263965823
2881,-0.0013628298133636983,0.00014481300289979822,136,0.0015076428162634965
2882,0.0010172347235514944,-0.0009878768734131224,134,-0.002005111596964617
2883,-0.0013263994006060787,-0.0010328116903446205,133,0.00029358771026145826
2884,-0.0007383786828000487,-0.0009814457178335756,128,-0.00024306703503352688
2885,0.009558429376631204,0.0055148352103490195,127,-0.004043594166282184
2886,0.0010875681132735539,-0.00030431544724998394,119,-0.0013918835605235378
2887,0.0035949523150295023,0.0014347537408377078,111,-0.0021601985741917943
2888,-0.0015120415322127597,-0.002423530809803724,111,-0.0009114892775909645
2889,0.0004820135873385783,6.781669469637611e-05,107,-0.0004141968926422022
2890,0.0013334932409370572,0.0005733002894185402,102,-0.000760192951518517
2891,-0.005595075601829915,-0.0033318757070792786,84,0.002263199894750636
2892,0.006240668164001924,0.0036004608455881488,72,-0.002640207318413775
2893,-0.009978125108772678,-0.005459887733812294,71,0.0045182373749603835
2894,-0.0057361078030543425,-0.003190840537472872,66,0.0025452672655814704
2895,0.005818092101738371,0.004677947327450158,53,-0.0011401447742882126
2896,-0.0032057260807922014,-0.000986563806597144,43,0.0022191622741950575
2897,-0.0010823726558435052,0.002593067831055996,37,0.003675440486899501
2898,0.00840932165523189,0.007776610223963254,32,-0.0006327114312686365
2899,0.0002468511655672873,0.0007314842854830391,26,0.00048463311991575185
2900,-0.0010561806869105045,-0.0009998019501947092,24,5.63787367157953e-05
2901,0.013266734160897669,0.006050904877929547,23,-0.007215829282968122
2902,-0.010490436361800295,-0.008040641873442571,21,0.002449794488357724
2903,-0.0039378608182344295,-0.004079046310359877,21,-0.00014118549212544743
2904,-0.003421397949754747,-0.0009808553374776494,22,0.0024405426122770975
2905,-0.0027821792341129266,-0.0018104047704994247,22,0.0009717744636135019
2906,-0.0026241923182654175,-0.002633450292663404,23,-9.257974397986705e-06
2907,0.00489102891231282,0.0032212585119696063,28,-0.001669770400343214
2908,0.0011696953735777014,-0.0014653606280442609,34,-0.0026350560016219623
2909,-0.00629864445620647,-0.0002544706021092555,45,0.006044173854097215
2910,-0.002657800847050664,-0.002541905397519364,50,0.00011589544953130018
2911,-0.006454864430927547,-0.0022821014526043003,47,0.004172762978323247
2912,-0.0006352508116589195,-0.00034709080078717093,53,0.0002881600108717486
2913,0.0061294073147640585,0.0015019749516360648,70,-0.004627432363127994
2914,0.0020114556383091994,0.001193503095329929,96,-0.0008179525429792705
2915,-0.005426169628431512,-0.00241222812246553,120,0.0030139415059659822
2916,0.00526168274416291,0.0021973289793978594,121,-0.003064353764765051
2917,3.7503990817428656e-05,0.00025203521138002715,133,0.0002145312205625985
2918,-0.0030825044374262573,-0.001951118961423895,150,0.0011313854760023623
2919,-0.004163123276958631,-0.001571086520543705,178,0.002592036756414926
2920,0.0054626704650112,6.592925284443755e-05,186,-0.0053967412121667625
2921,-0.0002943770543204792,0.0018538401124514226,190,0.002148217166771902
2922,-0.0034667731977523156,-0.0008046307378929065,195,0.0026621424598594094
2923,-0.0012988179019193691,0.0006402792484125857,200,0.0019390971503319549
2924,0.0029288764142296536,0.00043382987331288175,203,-0.0024950465409167718
2925,0.0017633620495478889,0.0005967026681707939,205,-0.0011666593813770948
2926,-0.007372423503066084,-0.0036605721770360676,205,0.0037118513260300163
2927,-0.006795041830925602,-0.0021344064393486366,206,0.004660635391576965
2928,-0.005056840321067217,-0.0030464927063368038,208,0.0020103476147304133
2929,0.013567801900072004,0.005861147470719766,211,-0.007706654429352238
2930,0.0026885411479319406,0.0010014751955794358,209,-0.0016870659523525048
2931,0.00549520937584719,0.0045568487377312394,209,-0.0009383606381159508
2932,-0.012327663233266173,-0.005494254256090945,211,0.006833408977175228
2933,-0.0035604181490806594,-0.0012285470588612683,212,0.002331871090219391
2934,0.011854484982857991,0.0054411776927937895,214,-0.006413307290064202
2935,0.00988718052715472,0.00397250497312893,217,-0.00591467555402579
2936,0.000821433895869803,0.00038742188633962885,217,-0.0004340120095301742
2937,-0.0015518159782116974,0.00011758560176658668,218,0.0016694015799782842
2938,-0.0014442838203222756,-0.000870651546531159,219,0.0005736322737911165
2939,0.006322674313566927,0.003099064560911678,222,-0.003223609752655249
2940,-0.0031803316425441544,-0.0008870742688043389,222,0.0022932573737398155
2941,0.0028886136236042016,0.001830265778047901,222,-0.0010583478455563006
2942,-0.0006680465167377156,-0.00044171525217552327,224,0.00022633126456219233
2943,-0.0035298668189253685,-0.0017262061436743763,225,0.0018036606752509922
2944,-0.0037027499001431275,-0.0007754324654570503,224,0.002927317434686077
2945,9.960186835016456e-05,0.0002685709249798089,223,0.00016896905662964432
2946,0.0023789212658355823,0.00034717844810985105,222,-0.0020317428177257313
2947,0.004848873069164942,0.002778948717010726,217,-0.0020699243521542163
2948,0.002817594726510225,0.0006949852695328775,211,-0.0021226094569773476
2949,-0.005648899379426573,-0.0018850341270090511,199,0.003763865252417522
2950,-0.005374064973857642,-0.002756745819628114,193,0.0026173191542295275
2951,-0.004823518571509773,-0.002063273964189312,193,0.002760244607320461
2952,0.0009465339225865875,-0.0006029653234791385,187,-0.001549499246065726
2953,-0.020185145493388026,-0.012822656240932519,170,0.007362489252455508
2954,-0.009144382470961823,-0.004565387620620484,143,0.004578994850341339
2955,-0.011197923604565606,-0.005555691893881207,118,0.0056422317106843995
2956,-0.0015199152717105206,-0.002585296494485735,117,-0.0010653812227752143
2957,-0.005839123678066364,-0.00040724613605347724,105,0.005431877542012887
2958,0.004815737159836887,0.003040314258242988,86,-0.0017754229015938994
2959,0.01069835000751536,0.007191087197881934,58,-0.003507262809633427
2960,-0.006248291693629857,-0.0017413876002250282,51,0.004506904093404829
2961,0.005677020421707426,0.0007468140856275104,48,-0.004930206336079916
2962,0.0007215943532393768,-0.0007668730772625562,44,-0.001488467430501933
2963,-0.002879916816267683,-0.0010794337470277026,40,0.0018004830692399804
2964,-0.003909772069296327,-0.003015027818767625,37,0.0008947442505287022
2965,-0.0017083359121376404,-0.0006584137551644982,35,0.0010499221569731424
2966,-0.0018160190074930542,-0.0007406431676781455,35,0.0010753758398149087
2967,0.003591715975472316,0.0009153654702439464,34,-0.0026763505052283696
2968,-0.006170514077776823,-0.004831422959007191,34,0.0013390911187696327
2969,-0.0016104308034391016,-0.0010970339504352198,31,0.0005133968530038819
2970,0.0025165045264627594,0.002488207926118972,30,-2.8296600343787406e-05
2971,-0.011425826885640113,-0.006435772867662313,32,0.0049900540179778005
2972,-0.010958969494482062,-0.0035542238355615874,33,0.0074047456589204745
2973,-0.006728990257783848,-0.006144753457631393,42,0.0005842368001524548
2974,-0.007148783537280893,-0.0015452209455746179,46,0.005603562591706275
2975,-0.007229530914159916,-0.00266063388816289,44,0.004568897025997026
2976,0.01401714068082488,0.003973234718302312,52,-0.010043905962522567
2977,-0.009908768883061142,-0.00499822112712694,69,0.004910547755934202
2978,0.0016369568231962464,0.0015152963762556978,85,-0.00012166044694054859
2979,0.01084806267729557,0.0011421429368566626,102,-0.009705919740438908
2980,0.0035919269511579155,0.0005498609272173087,106,-0.003042066023940607
2981,0.0034946326279822605,0.0008001171707184216,121,-0.002694515457263839
2982,9.46366199511191e-06,-0.0004675352805063291,136,-0.000476998942501441
2983,0.010494595978313795,0.005455342829846718,157,-0.005039253148467077
2984,-0.0009246268409925794,-0.00044120949592381273,174,0.0004834173450687667
2985,-0.005495530854954856,-0.005236017991799159,180,0.00025951286315569703
2986,-0.011096808775360633,-0.006255600871615099,185,0.004841207903745534
2987,-0.0044137989985667606,-0.002737473086844284,187,0.0016763259117224764
2988,0.006482573735694228,0.00364655970503919,191,-0.002836014030655038
2989,-0.005791533496894659,-0.003180727653534741,196,0.002610805843359918
2990,-0.002089508918697924,-0.0017044188272066535,196,0.00038509009149127055
2991,0.002885209147303524,0.0007075863608651414,196,-0.002177622786438383
2992,-0.0040389894230897306,-0.00444284329469882,197,-0.0004038538716090896
2993,0.004100207449695664,0.001476574339900543,199,-0.002623633109795121
2994,0.007414142469733566,0.004330727154637303,201,-0.0030834153150962624
2995,0.0068712055510793115,0.004025731000241593,204,-0.002845474550837719
2996,0.009784559745770605,0.004065770834544519,206,-0.005718788911226086
2997,0.0005192638651689673,0.00030249033533152783,206,-0.0002167735298374395
2998,0.0026999851691801835,0.001436771488353097,206,-0.0012632136808270866
2999,-0.0016243541939054444,-0.001338892683271532,206,0.0002854615106339124
3000,0.0033624789693097014,0.0023726299872629526,206,-0.0009898489820467488
3001,-0.002454840688310069,-0.0012949260694114543,206,0.0011599146188986146
3002,-0.009889653404986749,-0.006894082474209454,205,0.002995570930777295
3003,-0.014998978899593141,-0.009930296099667404,207,0.0050686827999257365
3004,0.004218513459036744,0.0020451074941823253,207,-0.0021734059648544184
3005,-0.002743838553680967,-0.0014301318614497256,209,0.0013137066922312415
3006,0.0045081594271435925,0.0010789261668437303,211,-0.0034292332602998622
3007,-0.006063590116798511,-0.004560597617888524,211,0.001502992498909987
3008,-0.013762624926969422,-0.009857469952566226,210,0.0039051549744031962
3009,0.006411983834494272,0.003721525355546776,210,-0.002690458478947496
3010,0.0021396338698978987,-0.00019412730066428648,211,-0.002333761170562185
3011,0.0023633165872048033,0.0006250615155919977,209,-0.0017382550716128057
3012,0.0149923988243694,0.008579481745683225,207,-0.0064129170786861745
3013,-0.0009592373788329308,0.00046525598217950497,198,0.0014244933610124359
3014,-0.0004278433830996505,0.0006797025958814508,190,0.0011075459789811012
3015,0.00410250035924796,0.002731893349218818,189,-0.0013706070100291418
3016,0.0008061771168848797,0.0005098685624494527,182,-0.00029630855443542705
3017,-0.008262591393856948,-0.004944057197383135,164,0.0033185341964738135
3018,0.00047500955442046736,-0.00014246944898972666,147,-0.000617479003410194
3019,-0.000542769411958406,-0.0005870610144603684,127,-4.42916025019624e-05
3020,0.003381870057286553,0.001953488975472542,123,-0.0014283810818140111
3021,-0.0014101944672364733,-0.0006868553572731582,108,0.0007233391099633151
3022,0.001308825143036804,8.182400467629556e-05,91,-0.0012270011383605085
3023,-0.006788070766503664,-0.004758987170711064,69,0.0020290835957925994
3024,0.0021221692558802247,0.0023150056306950003,53,0.00019283637481477562
3025,-0.012246038594893467,-0.008687911241349352,48,0.0035581273535441153
3026,0.0016819083010298052,0.0009242137923518242,43,-0.000757694508677981
3027,0.004156706399345178,0.006690223597992867,41,0.0025335171986476893
3028,-0.006697201259397857,-0.00353057571789383,38,0.003166625541504027
3029,-0.011945232376157754,-0.005747801393192325,33,0.006197430982965429
3030,0.006003734141578735,0.0036228922653450475,33,-0.0023808418762336875
3031,-0.009721432885819706,-0.00631815714308606,34,0.003403275742733646
3032,0.025248307123477795,0.014049789003063683,33,-0.011198518120414112
3033,0.0025007717105941865,0.00018834527775382984,32,-0.0023124264328403567
3034,0.0007160241471811733,-0.0016958368974323399,33,-0.002411861044613513
3035,-0.0050335895757747905,-0.003786156668249392,32,0.0012474329075253983
3036,0.016683582169849352,0.006185347136120132,29,-0.010498235033729219
3037,-0.0031242607766366337,-0.003933287318736558,35,-0.000809026542099924
3038,0.002693404064834897,0.0015189876730870373,41,-0.0011744163917478596
3039,0.01158274703802221,0.0035995176320794096,50,-0.0079832294059428
3040,-0.0035836722397830233,-0.00402936296021161,59,-0.00044569072042858647
3041,0.0014373860873693467,0.001292274442453669,60,-0.0001451116449156778
3042,0.002170694357421755,0.0003696650320527897,65,-0.0018010293253689653
3043,0.009046967958588028,0.0021470821301972213,70,-0.006899885828390807
3044,0.00013030188398335327,8.855000002962077e-05,87,-4.1751883953732504e-05
3045,-0.002983124827661751,-0.0028158365204144957,95,0.00016728830724725523
3046,-0.008340242462358585,-0.005396262086148505,94,0.00294398037621008
3047,-0.0031526973177025803,-0.00333854289268554,101,-0.0001858455749829597
3048,0.0018534195930819922,0.00012157214840847898,106,-0.0017318474446735132
3049,0.0035099344493336225,0.002818864611625065,119,-0.0006910698377085574
3050,0.00845643730507723,0.004017456580684007,122,-0.004438980724393223
3051,0.0016419642406303144,0.0003166029254032693,124,-0.0013253613152270451
3052,0.0029251337098433333,0.0015798917410256913,130,-0.001345241968817642
3053,-0.0026314843301648546,-0.002218772879057145,143,0.0004127114511077094
3054,0.0010209826586621794,0.00022714431727701966,148,-0.0007938383413851598
3055,-1.589778562244737e-05,0.0008201903693011717,150,0.0008360881549236191
3056,0.005665978933517321,0.002915274498147543,156,-0.002750704435369778
3057,-0.004905103584485057,-0.0024169687753921457,165,0.002488134809092911
3058,0.006907100976441465,0.003787589273905868,181,-0.003119511702535597
3059,0.010306225202258457,0.004813343741463,197,-0.005492881460795457
3060,-0.006118954354558835,-0.0040922393963887995,201,0.0020267149581700353
3061,0.008468440122419141,0.0014896204796617833,210,-0.0069788196427573584
3062,0.00778660309115258,0.004883633303112149,212,-0.0029029697880404307
3063,-0.005449425649646667,-0.0015471090187546405,216,0.0039023166308920264
3064,0.012251249476476387,0.008631897803019366,216,-0.003619351673457021
3065,-0.01709849256718481,-0.011806461911605044,217,0.0052920306555797655
3066,1.884615359275806e-05,0.0004455129294832524,219,0.00042666677589049435
3067,-0.009210583349140893,-0.005692710650594616,221,0.0035178726985462773
3068,0.005662863765668391,0.0037498979093205493,224,-0.001912965856347842
3069,-0.000726868060363649,0.0005015163277249397,229,0.0012283843880885885
3070,-0.01946031764966469,-0.013703992172042774,233,0.005756325477621917
3071,0.006375303014296244,0.004363925400055286,235,-0.0020113776142409575
3072,0.007106327471684635,0.004884009520942728,235,-0.0022223179507419068
3073,0.011037428294918878,0.007387465746326106,235,-0.0036499625485927716
3074,-0.0015634924313729067,-0.0016562118139825189,230,-9.271938260961218e-05
3075,0.00014571830195726117,-0.00035273761459001353,228,-0.0004984559165472747
3076,-0.017935628587841694,-0.012165520783960715,229,0.005770107803880979
3077,0.0060955238165444755,0.003783435440879886,225,-0.0023120883756645896
3078,0.00046973184048576934,0.0006041693692852971,220,0.00013443752879952777
3079,0.018428112579568175,0.01288222047895954,212,-0.0055458921006086345
3080,-0.003069165793574543,-0.002580597393867804,204,0.000488568399706739
3081,0.008868435639380978,0.006055782138725723,203,-0.002812653500655255
3082,-0.0028249151707362974,-0.0016861218998564906,198,0.0011387932708798068
3083,-0.005926468203401067,-0.003733854822602718,191,0.0021926133807983485
3084,-0.00275747240383893,-0.0021757531497782587,174,0.0005817192540606714
3085,0.004089251714839431,0.0026059340118327404,164,-0.0014833177030066907
3086,-0.002100189006894282,-0.002418062264096625,164,-0.00031787325720234296
3087,-0.0022209152208097255,-0.0021679371340271565,158,5.2978086782568944e-05
3088,-0.0008373251513735138,-0.00035156571999570593,152,0.0004857594313778078
3089,0.001456525126338874,0.0002574313080053768,139,-0.0011990938183334971
3090,0.014521412607023176,0.011835116006798804,135,-0.0026862966002243714
3091,-0.006649889572824831,-0.003979703786520873,133,0.002670185786303958
3092,0.0048676850129109024,0.002480175119683456,126,-0.0023875098932274463
3093,-0.0003861811716324324,-0.0003927399433165398,111,-6.558771684107389e-06
3094,-0.0009039936856467691,0.0018502493126604644,106,0.0027542429983072334
3095,0.0070075788445105305,0.0032894550360311873,105,-0.003718123808479343
3096,0.00554622709804226,0.004733270963988383,99,-0.0008129561340538766
3097,0.008799715690399714,0.005429792297802848,96,-0.003369923392596867
3098,-0.011181013680750567,-0.007389436394639325,83,0.0037915772861112423
3099,0.009373370385575319,0.0056721406824945,67,-0.0037012297030808187
3100,0.001456459098340987,0.0009956254374877355,68,-0.0004608336608532516
3101,-0.006187771854263503,-0.0020869127057079628,67,0.0041008591485555395
3102,-0.0020271215895132223,-0.0007190786036678221,77,0.0013080429858454003
3103,-0.0014163631673420475,-0.0011898387863678716,84,0.0002265243809741759
3104,-0.007992249221686705,-0.003945963091641216,83,0.00404628613004549
3105,-0.0042374454069740225,-0.0012286839555128728,92,0.0030087614514611497
3106,-0.007410644626476839,-0.004293010938472615,100,0.0031176336880042246
3107,0.0008247962720577907,-0.0002723800111092357,111,-0.0010971762831670263
3108,0.0015379243440572024,0.0002845699480924802,111,-0.0012533543959647223
3109,0.0026027354487188465,0.00012894924719588483,113,-0.0024737862015229615
3110,-0.002842957331471515,-0.0022215461822946265,118,0.0006214111491768884
3111,-0.007293582247399392,-0.0022459266371557553,119,0.005047655610243637
3112,0.004304974401233852,0.0013399664917329958,120,-0.002965007909500856
3113,0.0017582070713437039,0.00029897673108700875,122,-0.0014592303402566952
3114,0.0003438374099642273,0.0005959856992392322,122,0.00025214828927500494
3115,0.002639690386475605,0.0010788379454621422,122,-0.0015608524410134629
3116,-0.0008965177722657369,0.0007107317521935299,121,0.0016072495244592669
3117,0.011239101108102811,0.004155525757856615,125,-0.007083575350246196
3118,0.003135573314002338,0.0009106912007281638,126,-0.002224882113274174
3119,0.005731222653732277,0.0018650619974689463,125,-0.0038661606562633306
3120,0.0024294588262810265,0.001819754252722049,124,-0.0006097045735589774
3121,-0.0032836690219479685,-0.0026768259804136707,124,0.0006068430415342978
3122,0.004121303483767727,0.0015747769709085328,127,-0.0025465265128591943
3123,0.0035594265372250137,0.001954004239024521,128,-0.0016054222982004925
3124,0.006390059499350614,0.0029654090462725453,128,-0.0034246504530780686
3125,0.003131829944906291,0.0011604906007656075,129,-0.0019713393441406833
3126,-0.003073930147147954,-0.002244091415309554,132,0.0008298387318384
3127,0.009146146808018856,0.0049149380162906335,132,-0.004231208791728222
3128,0.0036279759453356404,0.00014414715858828328,132,-0.003483828786747357
3129,0.004327704886893496,0.0023021643408882267,134,-0.0020255405460052694
3130,-0.004059930441319763,-0.0015820018986096207,134,0.002477928542710142
3131,-0.0066221504916708345,-0.002770232038903012,134,0.0038519184527678225
3132,-0.00538802117783495,-0.0030573200664778402,135,0.0023307011113571094
3133,-0.000907365084010614,0.0006277491303527999,135,0.001535114214363414
3134,0.006572860450249587,0.00329395868529531,136,-0.0032789017649542773
3135,-0.0016825258482144963,-0.00014224699250073528,135,0.001540278855713761
3136,0.007824346428179639,0.00334755427029971,134,-0.004476792157879928
3137,0.006441399581162046,0.002902712638882983,129,-0.003538686942279063
3138,-0.0054574053225294366,-0.0026173037225167696,126,0.002840101600012667
3139,-0.0011506604514631852,-7.759917262391743e-05,126,0.0010730612788392678
3140,0.00703264910466991,0.006369719743322568,121,-0.0006629293613473423
3141,-0.0033136833432966407,-0.0008734386056860016,113,0.002440244737610639
3142,-0.018323360419793978,-0.009901017400661473,102,0.008422343019132505
3143,0.0020450056284676017,0.0023564309466407125,91,0.00031142531817311084
3144,0.007319055440939187,0.00440512205595925,90,-0.0029139333849799364
3145,2.9692244132363542e-05,-0.0007406724856151056,80,-0.0007703647297474691
3146,0.0037179362323377344,0.00277180715476592,70,-0.0009461290775718144
3147,-0.010857219225428953,-0.005942541254271302,57,0.004914677971157651
3148,0.004373490162276206,0.0026184207287240618,53,-0.0017550694335521444
3149,0.0069426335791683705,0.004968517325280248,46,-0.001974116253888123
3150,0.010184095885257408,0.006998561241410931,37,-0.0031855346438464773
3151,0.006315650104682366,0.004520701229058263,33,-0.001794948875624103
3152,0.005644138909818065,0.0036481262525248463,32,-0.0019960126572932183
3153,-0.004636100733097672,-0.003511296473762873,29,0.001124804259334799
3154,-0.005971354957426668,-0.0039367420885226285,29,0.0020346128689040397
3155,0.0023591121194304547,0.0019173807099698921,30,-0.00044173140946056257
3156,0.007007108160496182,0.00608930179764298,30,-0.0009178063628532017
3157,-0.006459773537936429,-0.004482558443252478,24,0.001977215094683951
3158,0.002383249362300812,0.001539343424184956,22,-0.0008439059381158559
3159,0.009220196505245984,0.008580074951824081,25,-0.0006401215534219025
3160,0.0025177912201309605,0.0004244809582424495,30,-0.002093310261888511
3161,0.004308030905586685,0.003432186538961958,33,-0.0008758443666247269
3162,0.009120782144420359,0.005034647726885856,31,-0.004086134417534503
3163,-0.0009666023697698803,-0.0010533853995317985,35,-8.678302976191819e-05
3164,-0.005297855253932501,-0.004289634442340511,43,0.0010082208115919896
3165,-0.0004331910386727929,-0.0006793479376537198,53,-0.0002461568989809269
3166,0.00170746831160311,-0.0012375765178274359,56,-0.002945044829430546
3167,-0.008188486624383002,-0.0061557835164952725,57,0.0020327031078877294
3168,0.007308605445468207,0.001910640146070441,68,-0.0053979652993977655
3169,-0.0011681407628555901,-0.0005000321184299395,83,0.0006681086444256506
3170,0.00859080164925682,0.003797774874021299,97,-0.004793026775235521
3171,0.004620035766902965,0.003287717414313355,113,-0.0013323183525896106
3172,0.004480421282439038,0.0020271721466721426,113,-0.002453249135766896
3173,-0.004619299300592721,-0.0015054595559676463,123,0.003113839744625075
3174,0.005458612656543473,0.0021054924775340475,126,-0.0033531201790094256
3175,0.0019567193322068896,-0.00023413712088166417,129,-0.002190856453088554
3176,0.009013360260175858,0.007251613052215413,132,-0.001761747207960445
3177,-0.0025920550510514185,-0.000767883185281965,131,0.0018241718657694534
3178,-0.0062872476220019085,-0.0034082108198653957,131,0.0028790368021365128
3179,0.0032951537667110014,0.002092940045325736,132,-0.0012022137213852655
3180,0.003284986896539911,0.0031500422384542824,133,-0.00013494465808562865
3181,0.0005253117503811119,-0.00017875589077900734,135,-0.0007040676411601193
3182,0.006465540183247182,0.003585569002624587,134,-0.002879971180622595
3183,-0.008242510954975588,-0.004591749759080659,138,0.0036507611958949294
3184,0.004798205386465805,0.0027317261720079936,138,-0.0020664792144578117
3185,0.00247910647930285,0.0019145714022066793,139,-0.0005645350770961707
3186,0.0013804013552192024,0.0003492004439639703,139,-0.0010312009112552322
3187,0.0013304132040443904,0.0008674605929889574,139,-0.000462952611055433
3188,-0.004976978705455405,-0.0043527852753978,140,0.0006241934300576053
3189,0.0008921936873244177,-0.0004582200877666225,143,-0.0013504137750910401
3190,0.004802731695135045,0.0030218627112539964,146,-0.0017808689838810488
3191,0.0005919089580738761,0.0002824845590855312,146,-0.00030942439898834495
3192,0.00455160223994433,0.0018321106831156275,146,-0.0027194915568287026
3193,-0.0011648692823450842,-0.0016209189589033387,145,-0.00045604967655825455
3194,-0.010028545104516132,-0.006098068512477882,147,0.00393047659203825
3195,0.001807174437032235,0.0007036153144096451,146,-0.0011035591226225899
3196,-0.007222352628887483,-0.004110095687567422,146,0.0031122569413200617
3197,0.0046511144972323695,0.003329251350959858,146,-0.0013218631462725114
3198,0.00220355475589664,0.0020901015675876635,146,-0.00011345318830897639
3199,0.008420205496729914,0.005573533207749018,143,-0.0028466722889808962
3200,0.00817498299096732,0.00472053311627126,137,-0.0034544498746960596
3201,-0.0020997761999450473,-0.0013332766321056103,133,0.0007664995678394371
3202,0.005513354968067534,0.002831682621534429,132,-0.002681672346533105
3203,0.006178229155801868,0.003039533677576403,126,-0.0031386954782254652
3204,-0.0022838319278222557,-0.0026760424535885847,118,-0.00039221052576632895
3205,-0.005161749920393382,-0.0031628800963702077,108,0.0019988698240231747
3206,0.00240536434284241,0.001961143677827316,101,-0.00044422066501509415
3207,0.001104418082641061,0.003954249229442616,100,0.002849831146801555
3208,-0.003909683877215541,-0.0004975740362732391,89,0.0034121098409423023
3209,0.005681826157124628,0.004598451504253196,73,-0.0010833746528714312
3210,0.00016559109537099147,-0.00028323510201848346,59,-0.0004488261973894749
3211,0.0034840146914364768,0.0018311382700320505,43,-0.0016528764214044263
3212,0.007124578106050682,0.002532534072543021,42,-0.00459204403350766
3213,-0.0032767092921762477,0.0017007702261318397,32,0.004977479518308087
3214,0.003050244191702233,-0.0015855176021003661,28,-0.0046357617938026
3215,0.005702052740001475,0.0013404800730202648,25,-0.00436157266698121
3216,-0.0031043403379737784,-0.003247012213966656,22,-0.00014267187599287766
3217,0.0041758001066027894,0.0013242217220655176,22,-0.002851578384537272
3218,-0.0084265073145545,-0.0030348087621724818,22,0.005391698552382019
3219,-0.0006960521867425482,-0.002167715844105502,22,-0.0014716636573629536
3220,-0.0036755042874317967,0.0008940289640302938,21,0.0045695332514620905
3221,-0.001515483642876815,-0.0003696044171810178,19,0.0011458792256957972
3222,0.00486707928866907,0.0005528710718760811,22,-0.004314208216792989
3223,-0.0016552900726283647,0.0001852866963168121,19,0.0018405767689451769
3224,0.0008523657632183334,0.0005615378571245944,22,-0.000290827906093739
3225,0.0010221512753239418,0.0020804077789246737,22,0.001058256503600732
3226,-0.003283800107287238,-0.002730575670329367,25,0.0005532244369578711
3227,-0.00038809986834919684,-0.0010966162045575837,27,-0.0007085163362083868
3228,0.0003006461875275678,0.0010623811869988292,34,0.0007617349994712614
3229,0.0038205856302878866,-0.0009701374920750281,41,-0.004790723122362915
3230,0.0043362352065530185,0.002752287083855865,51,-0.0015839481226971536
3231,-0.006815456252388532,-0.003183890695010491,51,0.003631565557378041
3232,-0.005651237902713843,-0.0006073187215428641,58,0.005043919181170978
3233,-0.0022625059230220387,0.0012116835217783554,70,0.0034741894448003944
3234,0.006353955249109109,0.0010078486801027272,83,-0.005346106569006382
3235,0.0030381327153540783,-9.467440711150199e-06,94,-0.0030476001560652286
3236,-0.0004654033341830432,-0.0018965160005220336,98,-0.0014311126663389905
3237,0.02939303011823344,0.014413848167560743,106,-0.014979181950672698
3238,0.014796080027861164,0.007812784190840992,123,-0.006983295837020172
3239,0.0243902650151476,0.015595153477051614,131,-0.008795111538095986
3240,0.013497282257342662,0.010253616591895222,134,-0.00324366566544744
3241,-0.004331924513368135,-0.005248445359765363,134,-0.000916520846397228
3242,0.0028704228087626164,0.0015247855437490385,135,-0.001345637265013578
3243,-0.0008838617113503007,-0.001213639245052453,135,-0.0003297775337021523
3244,0.005816459811288098,0.004895133822325156,138,-0.0009213259889629417
3245,-0.003241056202317623,-0.003365970827125109,137,-0.00012491462480748597
3246,3.915959942568902e-05,-0.001993546653774401,137,-0.0020327062532000902
3247,0.009618337537881919,0.009145680370061412,140,-0.0004726571678205071
3248,6.680478018599151e-05,-0.0004343084107471222,143,-0.0005011131909331137
3249,-0.008899347433687362,-0.008910789648727525,142,-1.1442215040163156e-05
3250,-0.0032136359550607625,-0.0025437890876701176,142,0.000669846867390645
3251,-0.003242193029013334,-0.002529959754836845,144,0.0007122332741764889
3252,-0.005858167601598336,-0.005779538673352729,144,7.862892824560697e-05
3253,0.002896268302846902,0.002975761853661744,146,7.949355081484201e-05
3254,0.009380378975444933,0.007767639202192973,148,-0.00161273977325196
3255,0.007905367592115624,0.0060651683493464096,148,-0.0018401992427692143
3256,-0.0077711192680951805,-0.007908761662140834,148,-0.0001376423940456532
3257,0.011211399063266878,0.00893106615300631,150,-0.002280332910260568
3258,-0.005973060869130823,-0.005376903641550565,154,0.0005961572275802584
3259,-0.011850686140998485,-0.009757192271053981,153,0.0020934938699445037
3260,-0.008902423070384271,-0.00815137552771497,153,0.0007510475426693013
3261,-0.0008671614453168441,-0.0006793412260863965,153,0.0001878202192304476
3262,0.0037861646869569304,0.004258224368311594,150,0.00047205968135466316
3263,0.003905727984755616,0.003064713519297917,149,-0.000841014465457699
3264,0.0007168511846255052,-4.2381941992918164e-05,147,-0.0007592331266184234
3265,0.004029041014906781,0.002994056866164174,145,-0.0010349841487426073
3266,-0.00558474180583103,-0.005198281890336649,142,0.0003864599154943813
3267,-0.01095180384811812,-0.009137981877053005,140,0.0018138219710651157
3268,0.0110890150778134,0.011031437496208597,133,-5.7577581604803876e-05
3269,0.0004556907942450361,0.0002048696380575007,123,-0.0002508211561875354
3270,-0.0047770144539973,-0.004362842256208969,110,0.00041417219778833083
3271,-0.00016015175868529065,8.435391126793246e-05,110,0.0002445056699532231
3272,-0.0013544551806694075,-0.0010716325045002284,103,0.0002828226761691791
3273,0.00017078757845445414,2.4345573684257707e-05,91,-0.00014644200477019644
3274,0.02539651708677408,0.023655401169798498,76,-0.0017411159169755837
3275,-0.018493064677524054,-0.015985854642060454,65,0.0025072100354636
3276,-0.006654506829256456,-0.0036203311240412812,61,0.003034175705215175
3277,0.002246748068418417,0.0037998782681103317,55,0.0015531301996919147
3278,0.006569512468025095,0.002624722139898898,41,-0.0039447903281261965
3279,-0.0028475927619884883,-0.0034469627501100986,36,-0.0005993699881216103
3280,-0.0027721225124462453,-0.0014367306944538351,33,0.0013353918179924101
3281,-0.0004961532559717495,-0.00015605158381405937,34,0.0003401016721576901
3282,-0.0013075796395604583,-0.001904144796190398,33,-0.0005965651566299398
3283,-0.000923074022964193,-0.0006144482651536025,33,0.0003086257578105905
3284,-0.007951257690502589,-0.00643259697250177,30,0.0015186607180008192
3285,-0.004993204067895529,-0.0024112421029088616,30,0.002581961964986667
3286,-0.002793293636766417,-0.003416486794409939,31,-0.0006231931576435221
3287,0.005234426971640971,0.002311862971341836,27,-0.002922564000299135
3288,-0.0027185445359147425,-0.0012647546764760129,28,0.0014537898594387296
3289,-0.004941787383214624,-0.0037291443179465504,31,0.0012126430652680733
3290,0.00036224286087048555,-0.0025956766288465216,34,-0.0029579194897170072
3291,-0.0008105892136627033,-0.0031143069618494814,33,-0.002303717748186778
3292,0.014154731080545343,0.010791817884398187,35,-0.003362913196147156
3293,0.0017448067933872585,0.0029304407168429035,34,0.001185633923455645
3294,-0.00425005759906685,-0.0017486494965630024,37,0.0025014081025038475
3295,0.005924613060087005,0.003076503398024096,43,-0.0028481096620629094
3296,-0.0036498653546310697,-4.571175201403053e-05,47,0.0036041536026170393
3297,-0.006469089854792076,-0.002806662401765793,46,0.0036624274530262825
3298,-0.009324140002028537,-0.004544418019043279,44,0.004779721982985258
3299,0.004320564642103939,0.0026638188065387027,50,-0.0016567458355652366
3300,0.0011069961188252004,0.0007681761503213068,66,-0.0003388199685038936
3301,-0.0025730441161251356,-0.0013027921574965272,70,0.0012702519586286084
3302,0.0005982386151506892,0.002334518447465696,70,0.0017362798323150067
3303,-0.0020163432417464482,0.00019022576435042058,73,0.002206569006096869
3304,-0.004928407135206175,-0.001306256490551844,72,0.0036221506446543314
3305,-0.0010954468750051466,5.773875325487249e-05,78,0.001153185628260019
3306,0.0021671032975887267,0.0021030464423383867,82,-6.405685525034e-05
3307,-0.002831809247514403,-0.0004576264981701593,90,0.0023741827493442436
3308,-0.01208804239261131,-0.006166635474526773,95,0.005921406918084537
3309,0.002400529355251695,0.000847454599595379,102,-0.001553074755656316
3310,0.009747854059050412,0.005031168148534544,111,-0.004716685910515868
3311,-0.013847626502178627,-0.006203241546644897,113,0.00764438495553373
3312,0.007727161069338348,0.004767647278531791,120,-0.002959513790806557
3313,-0.006292393800612832,-0.0048135275255522265,126,0.001478866275060606
3314,0.0004897850677014047,-0.0005028666685350768,131,-0.0009926517362364815
3315,-0.006686070820566946,-0.0027890276754756783,132,0.0038970431450912673
3316,-0.0034862438036660738,-0.0005505041478752807,132,0.002935739655790793
3317,0.0009472297550006294,-0.0009084187771243919,130,-0.0018556485321250212
3318,-0.005564318728418518,-0.002416369284862959,130,0.0031479494435555587
3319,0.002896457821708724,0.0011620095047547591,131,-0.0017344483169539648
3320,0.002589305160956511,0.002181686230542057,137,-0.0004076189304144536
3321,-0.006989713989591206,-0.00462471075211688,136,0.002365003237474326
3322,0.00785666453976623,0.004112206570545446,136,-0.003744457969220783
3323,0.0030741651090470364,0.002773240380087676,136,-0.0003009247289593605
3324,0.005366897834634652,0.003223832300495953,137,-0.002143065534138699
3325,0.0009017280629212889,0.002666778237887113,137,0.0017650501749658242
3326,-0.01630796949650917,-0.011327466401726079,136,0.00498050309478309
3327,0.00028217503680665626,0.0015511226407837067,136,0.0012689476039770505
3328,0.004912791442079384,0.002378549639411134,133,-0.00253424180266825
3329,0.0009874472998046835,0.0019023751061627704,132,0.0009149278063580869
3330,0.007607707556423508,0.004825807755128675,129,-0.0027818998012948326
3331,-0.0021671647386325953,-0.0019209942037675268,128,0.00024617053486506845
3332,0.005461082627986632,0.0030370587216010515,127,-0.0024240239063855807
3333,-0.0004813371425106117,0.0009140742008630997,127,0.0013954113433737115
3334,0.006580852000588215,0.003617202644402796,122,-0.0029636493561854193
3335,-0.011672060780136998,-0.0072820130684502484,116,0.00439004771168675
3336,-0.0050076827682723505,-0.0019548175484677016,112,0.003052865219804649
3337,-0.01053099347982289,-0.0064190152880818935,112,0.004111978191740997
3338,0.007943821440298737,0.004334640323231078,111,-0.003609181117067659
3339,-0.0019625041997290973,-0.002962750223144715,107,-0.0010002460234156177
3340,-0.00039418168283933777,-0.00058509074536339,91,-0.0001909090625240522
3341,0.011213197988030683,0.0021774335068887375,87,-0.009035764481141946
3342,-0.008093698935536341,-0.00435408435071739,89,0.0037396145848189507
3343,0.0007294916395961119,0.0011642521936743775,86,0.00043476055407826555
3344,-0.005363359869887052,-0.003988683984561488,87,0.0013746758853255643
3345,0.004320700287088754,0.003133307335815849,81,-0.0011873929512729049
3346,0.006741440099983822,0.0045740686939331286,78,-0.0021673714060506935
3347,0.0060252135296624655,0.003881210112414509,71,-0.0021440034172479565
3348,-0.003010612743919808,-0.0009601166420238424,71,0.0020504961018959654
3349,0.0024806880571555316,0.0022197025874829547,66,-0.0002609854696725769
3350,0.008336080025178693,0.006551472868397422,57,-0.0017846071567812717
3351,0.010407903672086645,0.006505171677714796,62,-0.0039027319943718483
3352,-0.002921090912183545,0.000250542679406723,64,0.003171633591590268
3353,-0.00784293624553884,-0.0007880170072926237,75,0.007054919238246216
3354,0.0036010460682052506,0.0010724502710523526,80,-0.002528595797152898
3355,-0.0006276416075256151,-0.0008066567887210077,82,-0.0001790151811953926
3356,-0.007282490228854689,-0.0007216279294477682,90,0.00656086229940692
3357,-0.005090675231602022,-0.00018185955291827422,104,0.004908815678683748
3358,0.007224673167946847,0.006555091817413277,122,-0.0006695813505335699
3359,-0.0029765107727317648,-0.0011866007525892484,140,0.0017899100201425164
3360,0.005646290716883899,0.0022176691253124325,136,-0.003428621591571466
3361,0.004224554496033664,0.0016025295690937965,150,-0.0026220249269398675
3362,-0.0016742504318605523,-0.0015059561787650667,166,0.00016829425309548558
3363,-0.0008375091840709516,0.00010532203504856952,175,0.0009428312191195211
3364,0.0019186105039528214,-0.0003292073185450873,176,-0.002247817822497909
3365,0.00016846190519188652,0.0007521864119938708,176,0.0005837245068019844
3366,-0.009680868680933768,-0.005458500306972163,177,0.004222368373961605
3367,-0.0008389970154674106,0.000155115979792925,178,0.0009941129952603356
3368,0.002657988605011574,0.0004122008317110601,178,-0.002245787773300514
3369,0.004012937233292106,0.0013724722564511808,177,-0.0026404649768409253
3370,-0.0004000312459488589,-0.0014373788072140124,177,-0.0010373475612651536
3371,-0.0007005579692164449,0.0011417086407337124,177,0.0018422666099501572
3372,-0.003400331048963174,-0.0017179501249578724,178,0.0016823809240053018
3373,-6.175674236751669e-05,-0.0006605596885703983,180,-0.0005988029462028816
3374,-0.00570219671906789,-0.00253393841497259,184,0.0031682583040953
3375,0.0007197409784831323,-0.000498047657122073,185,-0.0012177886356052052
3376,0.012453579753567286,0.006000142950087132,187,-0.006453436803480154
3377,0.0007805381312452072,0.0005033897841196501,189,-0.0002771483471255571
3378,-0.004828406861924424,-0.0023036987517566576,190,0.002524708110167766
3379,0.0037222494059066936,0.0022633123515696948,188,-0.0014589370543369989
3380,-0.003413088933037007,-0.0026113209781260913,190,0.0008017679549109156
3381,0.014274301120562098,0.0063634405284809,192,-0.007910860592081199
3382,-0.004632180926324792,-0.0038427244590566938,191,0.0007894564672680979
3383,-0.004586646966540169,-0.0048064708753120765,191,-0.00021982390877190762
3384,0.0017881663598029059,0.001628204281988184,190,-0.00015996207781472194
3385,-0.004512918237678375,-0.0012857540816491612,191,0.0032271641560292132
3386,-0.004917381772439735,-0.0023487959187414678,191,0.002568585853698267
3387,0.004203088671313607,0.0036749557475522256,190,-0.0005281329237613814
3388,0.0038496535983808438,0.0023636724454536187,184,-0.001485981152927225
3389,-0.006206180573689292,-0.0028789154220080835,182,0.003327265151681208
3390,-0.001987595706708405,0.0010786464792099726,182,0.0030662421859183773
3391,0.009456212311840866,0.005491730269219169,177,-0.003964482042621697
3392,0.014518992608974985,0.008750900890680438,171,-0.005768091718294547
3393,0.002679122546789927,0.0002904562320742122,154,-0.0023886663147157147
3394,-0.005313010014158805,-0.0030421828473758622,144,0.002270827166782943
3395,0.009225364151820665,0.0046740676072390686,141,-0.004551296544581597
3396,-0.002546517948151451,-0.0011343581461185348,133,0.001412159802032916
3397,-0.0022013441955238354,-0.0007299468928748008,120,0.0014713973026490347
3398,0.0007554343284626086,-0.0006895493504444561,100,-0.0014449836789070646
3399,-0.004297082849457185,-0.0016045241828222191,78,0.002692558666634966
3400,-0.0053240842976621855,-0.002968880765318049,77,0.0023552035323441364
3401,0.007222548124033948,0.005573881082213722,63,-0.0016486670418202256
3402,-0.00972868736666608,-0.007994400640532433,47,0.001734286726133646
3403,0.004624209252927295,0.0032313807627701277,38,-0.0013928284901571675
3404,-0.0004583727977771716,-0.0014222718060278613,36,-0.0009638990082506897
3405,0.010418649923890527,0.006946838237427621,37,-0.0034718116864629056
3406,-0.0025338280908268618,-0.004733731300484477,36,-0.0021999032096576155
3407,0.004293058084844027,0.003593882047973916,35,-0.0006991760368701113
3408,-0.005704043655303614,-0.004626697207608146,34,0.0010773464476954682
3409,0.005004696518169375,0.0008033090760613407,34,-0.004201387442108034
3410,-0.0007655005892496807,0.0006560789037071231,35,0.001421579492956804
3411,-0.0011765466845311935,-0.003869813795305719,37,-0.0026932671107745255
3412,-0.0018328255930179914,-0.0033412324665208436,38,-0.0015084068735028522
3413,0.010674706525883516,0.009848666399829667,36,-0.0008260401260538498
3414,-0.004772022496000818,-0.002916759794610098,32,0.0018552627013907197
3415,-0.0057550372767457775,-0.0020634314286592176,36,0.00369160584808656
3416,-0.004394937459415889,-0.0008897460219181633,47,0.0035051914374977255
3417,-0.004215514115200603,-0.0010964101155720525,52,0.00311910399962855
3418,0.00023724544168454495,-0.0022236392031669996,52,-0.0024608846448515445
3419,-0.013252194668318255,-0.00554169769776291,62,0.007710496970555345
3420,-0.0006689363736740672,-0.0004322068700635236,75,0.00023672950361054365
3421,0.0012973775596107065,0.0012704145659942214,87,-2.6962993616485046e-05
3422,0.0009606039358870933,0.00018377803007704697,102,-0.0007768259058100463
3423,0.0007926598579160513,5.007956518846215e-05,104,-0.0007425802927275891
3424,-0.008484514289489107,-0.0017882791644602436,120,0.006696235125028863
3425,-0.007424540840030255,-0.003812455260040367,131,0.003612085579989888
3426,0.0053989906146864166,0.0020661781695582295,137,-0.003332812445128187
3427,0.004662205727218283,0.0016282292315412132,140,-0.0030339764956770696
3428,-0.005382785149514504,-0.0017967022015938242,140,0.0035860829479206803
3429,-0.001730026116727589,-0.0008712262838358102,141,0.0008587998328917787
3430,-0.0012043988866605447,-0.000813823651747981,141,0.0003905752349125637
3431,-0.0016289147015948794,-0.0019404520293837873,139,-0.00031153732778890796
3432,-0.0004356598292602133,-0.0005221788575893767,138,-8.651902832916336e-05
3433,4.899431145552348e-05,0.0008655478566568433,138,0.0008165535452013198
3434,0.0010518630746790937,0.0010538260880201967,138,1.96301334110297e-06
3435,0.007678324982377906,0.003237291657937608,140,-0.004441033324440298
3436,0.0011145812849350611,-0.00035954649795292496,144,-0.0014741277828879862
3437,0.007216695110937393,0.005142489122093369,144,-0.002074205988844024
3438,0.002955196293587319,0.0010383085914649273,143,-0.0019168877021223918
3439,0.003187627484163646,0.0012416268609951459,144,-0.0019460006231685001
3440,0.009672837757182522,0.0049769860533852685,144,-0.004695851703797253
3441,0.004648958746542595,0.001399854180325593,145,-0.003249104566217002
3442,-0.001585429240728246,0.0001906903684291139,147,0.0017761196091573598
3443,-0.0003657596084370799,0.0006767070413935131,147,0.0010424666498305931
3444,0.00815224155773179,0.0019180147755612689,149,-0.006234226782170522
3445,0.0004507215464942693,-0.00012529531112938274,154,-0.000576016857623652
3446,-0.0018126523200904967,-0.0003113979270925891,155,0.0015012543929979077
3447,-0.0014405568199354478,-0.0006282396704974361,155,0.0008123171494380118
3448,0.0008903725210149315,0.0018701333512281197,155,0.0009797608302131882
3449,-0.0023959097008675314,-0.0014081690970835505,155,0.000987740603783981
3450,0.011579417910096847,0.00500386396300492,154,-0.006575553947091927
3451,0.001321693774241122,0.0012457343071423676,151,-7.595946709875443e-05
3452,0.0011564544323699848,0.001398534483417721,148,0.00024208005104773634
3453,0.0004152860321208785,-1.6658637010726176e-05,148,-0.0004319446691316047
3454,0.0005000407409240073,0.0005160380646296006,148,1.599732370559338e-05
3455,0.0045609601272636096,0.0015198435106748755,143,-0.003041116616588734
3456,0.0022343497615071673,0.0023953792347836977,130,0.0001610294732765304
3457,-0.0019014604375909166,-0.0006316908355081453,122,0.0012697696020827712
3458,0.01833291999774456,0.009253846242961305,121,-0.009079073754783255
3459,0.002844520944864666,0.0008311721493166237,112,-0.0020133487955480422
3460,0.00018641176722078662,-2.1711145943083366e-05,97,-0.00020812291316386997
3461,0.01140841668324119,0.005599202510232615,86,-0.005809214173008575
3462,0.0042386395704936955,0.0028590897109655165,71,-0.001379549859528179
3463,0.0034218601098288857,-0.0009993157945626168,69,-0.004421175904391502
3464,-0.0028269129804719038,-0.002062992413208155,53,0.000763920567263749
3465,-0.00011636242070141402,-0.0007646123069011663,41,-0.0006482498861997523
3466,-0.010742487888640007,-0.007746250269202275,34,0.0029962376194377326
3467,0.00609765783177808,0.003456823550765157,31,-0.002640834281012923
3468,-0.008954403472332239,-0.002830768223811263,31,0.006123635248520976
3469,-0.015373173980956974,-0.00862736252048556,30,0.006745811460471414
3470,-0.006464158501270038,-0.0025775336046196307,30,0.003886624896650407
3471,8.918525177026292e-06,-0.0012854228972660382,30,-0.0012943414224430645
3472,0.001130185656971642,-0.0024981976968491406,29,-0.0036283833538207824
3473,0.00856698359501914,0.007196295443157582,31,-0.0013706881518615582
3474,0.0006656684255514127,-0.0008963082027530587,34,-0.0015619766283044715
3475,0.003609488048181283,0.0020472735921032294,33,-0.0015622144560780535
3476,0.0008003450890817623,-0.000537232117981045,29,-0.0013375772070628074
3477,0.003578711409802084,0.007192018357416655,29,0.003613306947614571
3478,-0.004057873688603445,-0.002199746874387341,31,0.0018581268142161041
3479,-0.0021419286515062773,-0.0014259991029471654,32,0.0007159295485591119
3480,-0.010017519176061978,-0.005276550940081147,43,0.004740968235980831
3481,-0.0028477598194112685,-0.0014262380320180512,52,0.0014215217873932173
3482,0.002763453504727225,0.0021951883730719646,54,-0.0005682651316552606
3483,-0.0065358375117791166,-0.0012441275467245869,64,0.00529170996505453
3484,-0.004835891568179191,-0.0036926602401584113,71,0.00114323132802078
3485,0.00033436422937700255,-0.0001667815013411202,84,-0.0005011457307181228
3486,0.003209351169030777,0.0022905028597550487,98,-0.0009188483092757282
3487,-0.005991523341806361,-0.001309967750787394,99,0.004681555591018967
3488,0.0009583605917632175,-0.0007973910417569659,109,-0.0017557516335201834
3489,0.003370249761170674,0.0003103640235391994,130,-0.0030598857376314746
3490,0.0008413132779276826,-8.230306351825663e-05,144,-0.0009236163414459393
3491,-0.002343144592684355,-0.002287174901596967,147,5.5969691087387734e-05
3492,-0.0008930568130709962,-0.0006526596079835833,147,0.00024039720508741292
3493,-0.0006057485890669493,0.0005534462514954596,150,0.0011591948405624088
3494,0.00658122594673727,0.003392925129737103,150,-0.0031883008170001666
3495,0.006078412999112055,0.0033035546812060093,156,-0.002774858317906046
3496,0.00715742585639898,0.004234646201456893,161,-0.002922779654942087
3497,0.0025778383588473917,0.0027230056998841013,162,0.0001451673410367096
3498,0.0007654145000702462,0.0005666073493983762,164,-0.00019880715067187
3499,-0.0021784642135850214,-0.0023976303289432043,164,-0.00021916611535818288
3500,-0.004374478746671325,-0.0021159029318957422,164,0.0022585758147755826
3501,0.00307408173959747,0.0011198316742739498,161,-0.0019542500653235203
3502,0.0025866679674709735,0.00021715506388647368,161,-0.0023695129035845
3503,-0.0033835649500867176,-0.001466682784168729,161,0.0019168821659179885
3504,-0.0019936615966665633,-0.001321058858151459,165,0.0006726027385151043
3505,-0.004667476204422498,-0.0031250322326302838,167,0.0015424439717922145
3506,-0.00017547121863052044,0.00041797405592640684,167,0.0005934452745569273
3507,-0.005898922636123425,-0.0031327912985552415,170,0.0027661313375681833
3508,0.008044691097262226,0.005148527136878271,175,-0.002896163960383955
3509,-0.0018576956066607632,-0.0004921476363436842,177,0.001365547970317079
3510,-0.00464213557529362,-0.0014364513981967952,177,0.0032056841770968254
3511,-0.0035951514210198483,-0.0010040362972708154,177,0.002591115123749033
3512,0.008662644546129972,0.0044042959342360235,176,-0.004258348611893948
3513,-0.007467492157637284,-0.003686316651006515,174,0.0037811755066307694
3514,0.010595157165966906,0.005590682577516007,172,-0.005004474588450899
3515,0.007962051324638706,0.0028793077041963096,171,-0.005082743620442396
3516,-0.005024818081600169,-0.0025635784472704945,171,0.0024612396343296743
3517,0.004050023977875057,0.0019084212613606757,171,-0.002141602716514381
3518,0.0029522684152012042,0.0018770843415343815,169,-0.0010751840736668227
3519,-0.0027176747834068366,-0.0010863382941968046,168,0.001631336489210032
3520,0.008259129006557496,0.006572527773458573,157,-0.0016866012330989232
3521,-0.0007644048434510453,-0.0011450550281207803,147,-0.00038065018466973497
3522,-0.0006425504090458361,-0.0009031590179400351,143,-0.000260608608894199
3523,-0.004728615412963738,-0.0031319701352531325,133,0.0015966452777106056
3524,0.007662310317574887,0.00400535880122108,124,-0.0036569515163538072
3525,-0.0048755708036432015,-0.0038483681587643155,105,0.001027202644878886
3526,-0.003865104847671714,-0.0051663666037602834,90,-0.0013012617560885695
3527,-0.003952492160201323,-0.0018418643661150605,89,0.0021106277940862624
3528,-0.0004215950986834303,0.0003135300961134231,79,0.0007351251947968534
3529,-0.00986758524432943,-0.006452039679341951,60,0.0034155455649874785
3530,-0.0014898475448880376,0.0013569494666475224,48,0.0028467970115355597
3531,0.01228296734576381,0.007617186540512328,45,-0.004665780805251482
3532,-0.003704410918161656,-0.0007873784610189906,47,0.0029170324571426657
3533,-0.013628671937623911,-0.008484528678565285,44,0.005144143259058626
3534,-0.0062925579762580655,-0.0004683106923156988,45,0.005824247283942366
3535,0.0003784856036167045,-0.0014230844835375679,40,-0.0018015700871542722
3536,0.009476022789981364,0.0063456074608752785,35,-0.0031304153291060854
3537,-0.0024980295857970607,-0.0017459892515345645,34,0.0007520403342624962
3538,-7.397883974538246e-05,-0.003945051047007517,33,-0.0038710722072621342
3539,-0.00669953170118689,-0.005108876877191199,35,0.0015906548239956906
3540,0.0024722231152290142,-0.0001292826584785265,39,-0.002601505773707541
3541,-0.01121303534343479,-0.0010070403717462157,43,0.010205994971688575
3542,0.002490395229867693,0.0005239128948318423,46,-0.0019664823350358505
3543,-0.0001091828234044341,-0.0025784266259623353,47,-0.002469243802557901
3544,-0.008938041431345058,-0.0074990182411141,44,0.001439023190230958
3545,-0.0014275383060331514,-0.0009113908886469921,49,0.0005161474173861593
3546,-0.00425606385839289,-0.004036843551478629,55,0.0002192203069142605
3547,0.00884725812688183,0.003761842759817324,58,-0.005085415367064506
3548,-0.004288000187167539,-0.00037321282484711524,53,0.003914787362320424
3549,0.003776284852592834,0.0022650474099815588,55,-0.0015112374426112752
3550,0.0018926864392013777,-0.0024261780678706633,64,-0.004318864507072041
3551,-0.002988332310609562,-0.00035276806201881656,81,0.0026355642485907456
3552,-0.004016673570884946,0.0005870778845831843,85,0.004603751455468131
3553,0.002511299756742905,0.00025848356657838376,85,-0.002252816190164521
3554,0.0045012282191461556,0.0013187187899923888,88,-0.003182509429153767
3555,-0.006309913642387882,-0.0022997548233943464,95,0.004010158818993536
3556,-0.001558959373706595,-0.001715163022714341,101,-0.00015620364900774614
3557,-0.0003801573890952699,-0.0011346708372535104,102,-0.0007545134481582405
3558,0.007877041232799541,0.00379167205388485,106,-0.004085369178914691
3559,-0.00444118142565875,-0.0024759713314930877,118,0.0019652100941656625
3560,-0.004695384724454018,-0.0021398800190826663,132,0.0025555047053713517
3561,-0.006670036043269554,-0.0028146299935476577,144,0.003855406049721896
3562,-0.0013461554551221307,-0.0015334783318270552,144,-0.00018732287670492455
3563,0.0003484863090955422,0.0005678314275510628,150,0.0002193451184555206
3564,0.008444043961439232,0.004859776505139223,161,-0.0035842674563000094
3565,0.015069864106731808,0.004551003500886544,171,-0.010518860605845264
3566,-0.002785413082760015,-0.0007298670230371153,176,0.0020555460597228995
3567,0.007357480971491005,0.003985423743839139,177,-0.0033720572276518665
3568,0.006192030922376264,0.002203650729746957,178,-0.003988380192629307
3569,-0.0077488146325580655,-0.003591617236638575,183,0.00415719739591949
3570,-0.005453004299266448,-0.0030491200111534677,186,0.00240388428811298
3571,0.0038898015174461333,-0.001001458850087126,192,-0.004891260367533259
3572,0.0007602110961895305,-0.0007815198398495957,192,-0.0015417309360391263
3573,-0.00045161961610714366,-0.00026957840945562514,192,0.00018204120665151852
3574,-0.005461840170384702,-0.002842151918491227,192,0.002619688251893475
3575,0.009344821237501902,0.00520152604892527,193,-0.004143295188576632
3576,0.005091899314853407,0.0036336776091386086,197,-0.0014582217057147982
3577,-0.0021153413642753783,-0.0003799602486301659,197,0.0017353811156452124
3578,0.007106140564570463,0.0038065812049632906,196,-0.0032995593596071723
3579,0.004201920574079655,0.002110291327939608,194,-0.002091629246140047
3580,0.0017079497800287988,0.0021766747648837826,192,0.0004687249848549838
3581,-0.007335012896114369,-0.003733807688965023,190,0.0036012052071493455
3582,-0.003008020317536345,-0.0017270857758666831,186,0.0012809345416696619
3583,-0.0021371663416230474,-0.0034649208854935234,185,-0.001327754543870476
3584,-0.0002827197372005043,5.73412563773452e-05,187,0.00034006099357784955
3585,-0.004820931998453595,-0.0025650527000375296,182,0.002255879298416065
3586,0.0021379850551336006,0.0027700574050921935,176,0.0006320723499585929
3587,0.003408537239356369,0.0014849517706400763,170,-0.0019235854687162928
3588,0.000493284899487959,0.0003499753390861462,171,-0.00014330956040181284
3589,0.00227423771054716,0.0024214224191009505,167,0.00014718470855379058
3590,-0.005211338723461762,-0.0043488477605354405,158,0.0008624909629263216
3591,0.007358398020349597,0.003135944427662907,141,-0.004222453592686691
3592,0.00587604703497197,0.005646756738577264,138,-0.00022929029639470657
3593,-0.0006232335249070285,-7.045534737976894e-05,138,0.0005527781775272596
3594,-0.004842692355584859,-0.0024234888825200814,136,0.002419203473064778
3595,0.0011690640130749095,0.0002462311555712538,129,-0.0009228328575036557
3596,0.0006770920431258816,-0.0010317207782285806,123,-0.0017088128213544622
3597,0.00075437642436357,0.001488420284045042,122,0.0007340438596814719
3598,-0.0032504672991591275,-0.0022164936651646048,119,0.0010339736339945228
3599,0.0015714257585942191,0.0010047344752310726,108,-0.0005666912833631466
3600,-0.0069479517447032305,-0.0027646219027774935,96,0.004183329841925737
3601,0.0066617671314179025,0.0026675048821758686,84,-0.003994262249242033
3602,0.0010058610110534087,0.0003299653759099789,88,-0.0006758956351434297
3603,-0.0013497642472702334,0.0018207971645332983,85,0.003170561411803532
3604,0.0008447252997206624,0.0024496506349317307,85,0.0016049253352110682
3605,0.00010949649984899386,-0.001441631791477163,86,-0.001551128291326157
3606,0.0033652647904163606,0.002787304231119162,84,-0.0005779605592971986
3607,0.011320855784865408,0.004363349878290591,89,-0.006957505906574817
3608,0.000388069729930058,-0.00020414297265522306,106,-0.0005922127025852811
3609,0.00016014310552797822,-0.0013090079421199333,111,-0.0014691510476479116
3610,0.004118888781294937,0.001024964168803986,120,-0.003093924612490951
3611,0.005730909038497575,0.00379070449678744,116,-0.0019402045417101351
3612,-0.0024320527939666776,-0.00024647981376723174,131,0.002185572980199446
3613,-0.003102027328665394,-0.0024765125393761793,147,0.0006255147892892149
3614,-0.0002245548025900483,-0.0012093642669011079,155,-0.0009848094643110596
3615,0.002312430071231111,0.00010403323286876931,160,-0.002208396838362342
3616,0.008125121285226012,0.006312838868712006,157,-0.0018122824165140057
3617,0.00277191699209217,0.0022264799130303635,157,-0.0005454370790618063
3618,0.00408296226868831,0.0018552260255777068,158,-0.0022277362431106034
3619,0.0019994650119423787,0.0007964211215490618,157,-0.0012030438903933168
3620,-7.699191953137694e-05,-0.0012302380561303044,155,-0.0011532461365989274
3621,-0.006100909118294961,-0.003817204716040045,153,0.0022837044022549166
3622,-0.002210250751155988,-0.001853768814447134,154,0.000356481936708854
3623,0.004355951531330409,0.0019138722965179463,155,-0.0024420792348124627
3624,0.004380151605598441,0.0013519199856641293,153,-0.0030282316199343115
3625,0.015092561154308215,0.010791347517134557,153,-0.0043012136371736575
3626,0.004610520515441038,0.004675852498516855,157,6.5331983075817e-05
3627,0.00013014242178019524,-6.504835217820137e-06,160,-0.0001366472569980154
3628,0.0008657559034349472,0.0006172186673364266,163,-0.0002485372360985207
3629,-0.0015799714751760989,-0.0012983364520397411,164,0.00028163502313635776
3630,0.012238096447448811,0.008866012838850993,164,-0.0033720836085978177
3631,0.00038755599830563167,-0.0005300113130927008,168,-0.0009175673113983325
3632,-0.004452302134055735,-0.0021554778704996514,170,0.002296824263556084
3633,0.0007693324941599581,0.00036629353927008037,174,-0.00040303895488987777
3634,0.0031526305864306267,0.0019142351838648292,174,-0.0012383954025657975
3635,0.0031945920598944653,0.0020675040837984985,174,-0.0011270879760959668
3636,-0.0009611783143127094,-0.0014449051152632677,177,-0.00048372680095055834
3637,-0.0015022792195865814,-0.0011437920546492498,177,0.0003584871649373316
3638,0.005352663229531747,0.0030870425695961727,176,-0.002265620659935574
3639,0.011041080653480386,0.009125246649130432,174,-0.0019158340043499544
3640,0.0013754771009709054,0.0016924852554637906,171,0.0003170081544928852
3641,0.007704010534180463,0.008114224307167803,171,0.00041021377298734035
3642,-0.007871756641349509,-0.0054840475078354505,169,0.0023877091335140583
3643,-0.0013906227967448775,0.0005399958514048568,169,0.0019306186481497342
3644,-0.005737793303730692,-0.003204936971679427,159,0.0025328563320512654
3645,0.007838647616807406,0.007370731167400236,148,-0.00046791644940717
3646,-0.012140302432110475,-0.0076987718872886255,145,0.004441530544821849
3647,-7.493858066323893e-05,0.001828637767662213,139,0.001903576348325452
3648,-0.006644348609626947,-0.004961897225914131,122,0.0016824513837128156
3649,0.009927020092300613,0.006849660184600444,111,-0.0030773599077001694
3650,0.002222193628828412,0.0016268663402352324,97,-0.0005953272885931796
3651,0.005900805046460682,0.004917989751127966,97,-0.0009828152953327163
3652,0.002388039250841022,0.0020981962377212603,80,-0.0002898430131197615
3653,0.0006074897707982837,0.0010905538730933532,65,0.0004830641022950695
3654,-0.009543587231179467,-0.006058583420846613,55,0.003485003810332854
3655,-0.0032813912463461495,-0.001538998339401618,49,0.0017423929069445316
3656,-0.007421262986067245,-0.0057100304586571084,49,0.0017112325274101364
3657,0.005261641532796712,0.0021277688104204694,50,-0.003133872722376243
3658,-0.00814103511669949,-0.0041575255284514,48,0.00398350958824809
3659,0.003928025214139766,0.004064399359170932,48,0.00013637414503116663
3660,-0.0023080022516660365,-0.0022788540625886694,48,2.9148189077367152e-05
3661,0.00876562770515687,0.004281997289155177,50,-0.004483630416001693
3662,-0.004599372209854217,-0.003008428298613962,54,0.0015909439112402552
3663,-0.0024132511856617294,-0.0024222989953166935,56,-9.047809654964042e-06
3664,-0.021402225968345595,-0.015513004665655769,57,0.005889221302689826
3665,-0.0014207413238601751,0.0003324780187049551,60,0.0017532193425651302
3666,0.009340808105237769,0.004990881417513845,63,-0.004349926687723924
3667,-0.0082151325171456,-0.005301904122818514,74,0.002913228394327087
3668,0.003287588169683475,0.0001270050965965048,81,-0.0031605830730869703
3669,0.005298673188506387,0.0011577287225325718,82,-0.004140944465973816
3670,-0.0011472407502588365,-0.0009687657542936486,98,0.0001784749959651879
3671,0.0008585598896859527,0.0011315718219061502,112,0.0002730119322201975
3672,-0.008628912137753875,-0.003044591938108938,136,0.005584320199644937
3673,0.0010703841261128558,1.8414547769479515e-05,145,-0.0010519695783433763
3674,-0.001660062166331229,-0.0010260235231065427,146,0.0006340386432246864
3675,0.00014836256830818258,0.0006914403296751343,166,0.0005430777613669517
3676,0.0024165182480058497,0.0005946775784167346,182,-0.001821840669589115
3677,0.006969374299416342,0.0035301852365824493,202,-0.0034391890628338927
3678,-0.003423864748448135,-0.0018689074434842718,209,0.0015549573049638632
3679,0.005076428604501006,0.002691098389077235,209,-0.0023853302154237706
3680,-0.006187559028334734,-0.003676275326940754,210,0.0025112837013939802
3681,-0.00019675236044284334,0.0007100036424734954,210,0.0009067560029163387
3682,0.0006417618078903593,0.0008758170571343813,210,0.00023405524924402195
3683,0.0015375655477622842,0.001901446580284026,208,0.00036388103252174174
3684,0.009052989254452847,0.005234629187153305,207,-0.0038183600672995416
3685,0.004979190727594112,0.0023677744192269596,208,-0.0026114163083671526
3686,9.004450971910584e-05,0.00014439373010092363,212,5.434922038181779e-05
3687,0.001069596157279676,0.0005404392227609596,215,-0.0005291569345187163
3688,-0.0038075162323226307,-0.002216780478354736,216,0.0015907357539678949
3689,0.0006856573436153335,0.0002370215740127919,214,-0.00044863576960254154
3690,-0.00043728806327015217,-0.0004465764837710905,215,-9.288420500938306e-06
3691,0.0006801734758562526,0.0011520762079609826,214,0.00047190273210473
3692,0.0068144924382203004,0.003952427235363765,219,-0.002862065202856536
3693,0.0022023289012396926,0.0031336641100952714,221,0.0009313352088555788
3694,-0.0034241985418340956,-0.004277983389289523,221,-0.0008537848474554277
3695,-0.005350125955084328,-0.0018673967652348055,222,0.0034827291898495228
3696,0.0007008556845228652,0.0008515210929133853,224,0.0001506654083905201
3697,0.006744507163243309,0.004523200339900424,227,-0.0022213068233428853
3698,-0.00013717629615035264,0.001014661637412073,227,0.0011518379335624257
3699,-0.001406421953417797,-0.00040130784636098233,227,0.0010051141070568145
3700,-0.005908645471474008,-0.0037387476014040123,227,0.0021698978700699957
3701,0.003330003156743182,0.0010715626856031147,227,-0.0022584404711400675
3702,-0.007743147165231252,-0.005977721080381372,222,0.0017654260848498802
3703,0.0014306695153464403,0.001185825515615098,219,-0.0002448439997313422
3704,-0.008218360797936466,-0.005853285738778614,217,0.0023650750591578517
3705,9.459629650903403e-05,5.147787681614326e-05,212,-4.311841969289077e-05
3706,0.0007793927712819409,0.0008309229135308454,205,5.153014224890443e-05
3707,0.0028289666457233307,0.0021529840010700543,191,-0.0006759826446532764
3708,0.005537262345746823,0.004869966781530845,180,-0.0006672955642159778
3709,-0.005170494087090974,-0.003076240149837809,177,0.0020942539372531647
3710,-0.0023180030471005465,-0.001259195736898183,161,0.0010588073102023635
3711,0.00018243361991962835,0.00019327610409553692,144,1.084248417590857e-05
3712,-0.01629413322043107,-0.010974183698461506,117,0.005319949521969566
3713,-0.015076155368215898,-0.008751208505226465,105,0.006324946862989433
3714,0.007396204430353854,0.004493901506867832,104,-0.002902302923486022
3715,-0.013645086423086917,-0.00789090164162817,84,0.005754184781458747
3716,-0.008025357235953075,-0.005086839338092032,65,0.002938517897861043
3717,-0.007819308210715064,-0.004135867844877919,45,0.003683440365837145
3718,-0.0026641895798998074,-0.00018008499343199596,38,0.0024841045864678114
3719,0.002125593915369583,0.0018284059278886673,38,-0.0002971879874809156
3720,0.009795566930049267,0.004248569676701175,38,-0.005546997253348092
3721,-0.0001237412698346038,0.0022688133263053874,38,0.0023925545961399914
3722,0.012961055879383038,0.0073749017336224975,36,-0.00558615414576054
3723,0.01024062852873943,0.008389610632822139,36,-0.0018510178959172917
3724,-0.007472873582457254,-0.003585824583198122,37,0.0038870489992591318
3725,-0.0033579324264734712,5.176888622446627e-05,37,0.0034097013126979376
3726,-0.021828020725591642,-0.008346527494680527,33,0.013481493230911116
3727,0.014119676099798731,0.0066025511278110845,34,-0.007517124971987647
3728,0.0021962883891802655,0.001024527189657943,32,-0.0011717611995223226
3729,-0.0027588158627755597,3.447148107441592e-05,37,0.0027932873438499756
3730,0.004079928236313404,-0.0010183971789767849,39,-0.005098325415290188
3731,0.008334976735733668,0.0018302782367790903,50,-0.006504698498954577
3732,0.0047871506794012015,6.709800256283846e-05,51,-0.004720052676838363
3733,0.004635266384180105,0.0004782312600021203,53,-0.004157035124177985
3734,-0.0010519910372647498,-0.004015187811556851,66,-0.0029631967742921013
3735,0.008281845203957725,0.00020314082626127618,83,-0.00807870437769645
3736,0.009466420090497536,0.002650733159119426,100,-0.00681568693137811
3737,-0.010715176932061518,-0.0031917068205126434,113,0.007523470111548875
3738,-0.001677026515603866,-0.0015442726960240673,114,0.00013275381957979877
3739,-0.006265240914051039,-0.0028075539527480974,129,0.0034576869613029415
3740,-0.002144868104071482,-0.0011465108295044305,143,0.0009983572745670517
3741,-0.009397027458785855,-0.003754618166128252,157,0.005642409292657603
3742,-0.007064303935747729,-0.002389043014282052,161,0.004675260921465677
3743,0.003349226576506361,0.0006075458422869102,161,-0.002741680734219451
3744,-0.0010283006156701594,0.0002514284823762594,166,0.001279729098046419
3745,0.005371929653958797,0.0018380187906306392,168,-0.0035339108633281576
3746,-0.0009718150122802755,0.0004151302496609326,170,0.0013869452619412082
3747,-0.008134783930755283,-0.0028317439623425523,172,0.005303039968412731
3748,-0.0037297579140792183,-0.0008028889053103277,172,0.0029268690087688905
3749,0.009718688481244183,0.004588860524497408,174,-0.005129827956746775
3750,0.00644397253694439,0.0023499768173407794,176,-0.004093995719603611
3751,-0.0025873418518746723,-0.00019271829177696986,175,0.0023946235600977024
3752,-0.013235354675218901,-0.0058943722268583205,175,0.007340982448360581
3753,0.005176184544233545,0.002083119350461091,174,-0.0030930651937724537
3754,-0.004942938540345705,-0.001428890506530731,177,0.003514048033814974
3755,-0.0015703152041605273,-0.00014952540998624714,179,0.0014207897941742802
3756,0.0024454257088188354,0.0003149500195829208,181,-0.0021304756892359146
3757,-0.014879115459037731,-0.00517995630750624,180,0.009699159151531491
3758,-0.0007384559416739026,0.0011722682908318976,184,0.0019107242325058001
3759,-0.004229351520411403,-0.0001276104936281197,188,0.004101741026783284
3760,-0.004845150549236911,-0.0024136301086164704,190,0.0024315204406204403
3761,-0.0014166456752019085,0.00014456403815045965,190,0.001561209713352368
3762,0.009424586769213325,0.0033800270568465768,190,-0.006044559712366749
3763,-0.016045311868202815,-0.007796171763391896,190,0.008249140104810919
3764,0.0006347971722267976,0.0008003542567487453,190,0.0001655570845219477
3765,-0.00502779360385944,-0.0033736684628040995,189,0.0016541251410553404
3766,0.0009190605789938638,0.0007170148307757427,189,-0.00020204574821812112
3767,-0.007275980647373474,-0.002495372574285328,187,0.004780608073088145
3768,-0.002588644592743873,-0.0018029278279292943,189,0.0007857167648145785
3769,-0.006451316219774957,-0.0016415295212970174,184,0.00480978669847794
3770,0.012883129941680617,0.0037835937465128975,182,-0.00909953619516772
3771,0.0023796060128787487,0.001926513038565803,170,-0.00045309297431294564
3772,-0.0034400344591896223,0.00013569743376085482,164,0.003575731892950477
3773,0.007989448062090876,0.0021158522040737927,160,-0.005873595858017083
3774,0.0006352095829178136,0.0016205526574374087,147,0.000985343074519595
3775,0.012771219653177568,0.0015797483796511913,128,-0.011191471273526377
3776,-0.003342019311945751,-0.0009961952751587797,108,0.002345824036786971
3777,0.009372714461406747,0.0021044342056620075,91,-0.00726828025574474
3778,0.02234635977593916,0.0027517790250783983,90,-0.019594580750860763
3779,0.003909834421406301,0.00098673292006632,83,-0.0029231015013399817
3780,0.00833775490003846,0.002451184886411636,71,-0.005886570013626824
3781,-0.002591522760062585,0.00034357610794009925,55,0.002935098868002684
3782,0.001990366876331863,0.00039134661917251875,51,-0.0015990202571593442
3783,-0.005921316717229367,-0.003395285888619539,52,0.002526030828609828
3784,-4.85196918910249e-05,0.0011936473783139918,49,0.0012421670702050167
3785,-0.00014423376892802597,0.0031650279359213794,49,0.0033092617048494054
3786,0.0028765816526614514,0.0007982254946979702,49,-0.0020783561579634812
3787,0.005686301327177753,0.003614925360104246,47,-0.002071375967073507
3788,-0.004652457092403803,-0.001091928710706266,48,0.0035605283816975367
3789,-0.0047945507133018705,-0.0018223224096789931,46,0.002972228303622877
3790,0.005378839735938717,0.0039048330991401504,49,-0.0014740066367985665
3791,0.014441993584368042,0.006103050687478553,53,-0.008338942896889488
3792,0.004296057794230518,0.003786717044066702,54,-0.0005093407501638161
3793,-0.0036193018229091728,-0.003452768946193547,56,0.00016653287671562593
3794,-0.0059156938324826745,0.0003759190813611988,59,0.006291612913843873
3795,-0.0003883450112227349,-0.0023978685447200738,60,-0.002009523533497339
3796,0.0013214668569697715,-0.0018440566120948888,64,-0.0031655234690646603
3797,-0.0006541782710092725,-0.002958971734789662,66,-0.00230479346378039
3798,-0.00019491819937270742,-0.0013861947195380117,62,-0.0011912765201653043
3799,0.0017845214807211563,0.0011678970984639707,64,-0.0006166243822571856
3800,0.003053617107970084,0.0005881474045857519,68,-0.002465469703384332
3801,0.0032664109214822976,0.0032408885336655505,74,-2.5522387816747077e-05
3802,0.010082044607736186,0.0035421248567537662,89,-0.00653991975098242
3803,-0.00029565155640327086,-0.0010623511563302177,90,-0.0007666995999269468
3804,0.0023114860001661264,0.0023016617934346444,93,-9.82420673148205e-06
3805,0.0061129417850207275,0.003634286244989023,99,-0.0024786555400317044
3806,0.000286215304131295,-0.0016649544424059738,105,-0.0019511697465372688
3807,0.0032801620690889196,0.001167796541728661,109,-0.0021123655273602585
3808,0.005489318316059996,0.0051258948343198074,109,-0.0003634234817401884
3809,0.001909119328711669,0.0007759751251314323,117,-0.0011331442035802366
3810,0.004518951473254305,0.003791749800836802,124,-0.000727201672417503
3811,0.00016169732773748134,1.2268350108446813e-05,135,-0.00014942897762903454
3812,-0.00547717140134245,-0.002572104756429532,137,0.002905066644912918
3813,0.004151470250314208,0.0017805649188007847,144,-0.002370905331513423
3814,-0.004987658864899661,-0.0019196828435500972,157,0.003067976021349564
3815,0.0029758098128129626,0.0014894327408668988,165,-0.0014863770719460638
3816,-0.005058733165472277,-0.0025729845158159233,178,0.0024857486496563533
3817,-0.003546042272482062,-0.001138974627061138,178,0.002407067645420924
3818,-0.014692139141491346,-0.008075500166938763,178,0.006616638974552584
3819,0.0005984422877812033,-0.000813467135490991,172,-0.0014119094232721945
3820,0.00016980913179099997,-0.00086541014358494,173,-0.00103521927537594
3821,0.0055281158184709795,0.004104333554868201,175,-0.0014237822636027787
3822,-0.002394838297281119,-0.00046091698660440084,175,0.001933921310676718
3823,-0.004196788749012823,-0.002242339394360092,176,0.001954449354652731
3824,-0.004593661833026012,-0.0020176160808303245,179,0.002576045752195687
3825,0.0019346491621846638,0.0010034788059646446,181,-0.0009311703562200192
3826,0.003161531825131076,0.0009194680537069495,179,-0.0022420637714241263
3827,-0.0028699295267749984,-0.0017828010620133913,180,0.0010871284647616072
3828,-0.005572495311183605,-0.00342502705550016,180,0.002147468255683445
3829,0.005048883471119965,0.003993373598615135,180,-0.0010555098725048302
3830,-0.021133426874847223,-0.012712644196880386,177,0.008420782677966837
3831,0.004019282921334027,0.0030152031482682273,174,-0.0010040797730658
3832,-0.0002469142843834928,0.001198752988446376,173,0.0014456672728298688
3833,-0.003854883871717037,-0.004050187385724738,171,-0.00019530351400770096
3834,0.007593996612146313,0.004223375203071207,166,-0.003370621409075106
3835,-0.002013859688867142,-0.0011023171944530908,167,0.0009115424944140511
3836,-0.00040344603100593866,0.0005713733858411557,163,0.0009748194168470944
3837,0.0026302159974572886,0.0007666973230545618,161,-0.0018635186744027268
3838,0.0052494663156430555,0.0025183836245542554,161,-0.0027310826910888
3839,-0.0008641879686455617,-0.0030072468310891965,156,-0.0021430588624436345
3840,0.0032864000708988424,0.0015722018084682347,149,-0.0017141982624306077
3841,-0.0005637244782286095,-0.001214685261018048,143,-0.0006509607827894384
3842,-0.006394595601540001,-0.0029361528174269872,128,0.003458442784113014
3843,0.01229889552066965,0.007372033182127192,126,-0.0049268623385424586
3844,-0.004101041700955711,-0.0024375922328665816,122,0.001663449468089129
3845,-0.006586068740251093,-0.003589397770792539,116,0.0029966709694585537
3846,-0.002367923529696079,-0.0012064958682863614,110,0.0011614276614097178
3847,0.0010109041955401288,0.000549839743668252,105,-0.0004610644518718768
3848,-0.018959886654911745,-0.011309355189425288,103,0.007650531465486457
3849,-0.004001242846551709,-0.0016101029347301056,96,0.002391139911821604
3850,0.006295461483375977,0.0036941082749063245,90,-0.0026013532084696524
3851,0.01217232315935787,0.006566806647796991,79,-0.005605516511560878
3852,0.002146083037612978,-0.00026037550138378163,79,-0.0024064585389967593
3853,-0.004474450649646498,-0.0024019521891009443,75,0.0020724984605455534
3854,0.010171826000893405,0.0033566171698411642,65,-0.006815208831052241
3855,0.00023792220753161706,0.000658814530316003,62,0.00042089232278438594
3856,-0.011648985010279948,-0.0035843111107546006,49,0.008064673899525348
3857,-0.003862812466729858,-0.0019505824662855236,54,0.0019122300004443345
3858,0.0058895461143313,0.002392938760747632,62,-0.0034966073535836685
3859,0.008688402176970951,0.002514644476247877,65,-0.006173757700723074
3860,0.005201989724782909,0.0015805960029865345,83,-0.003621393721796374
3861,-0.0035207808890103244,-0.0012197796942447431,83,0.0023010011947655813
3862,-0.004633540926289499,-0.0007881148685036112,92,0.003845426057785888
3863,-0.0016907325172569286,0.0007371292853570743,98,0.002427861802614003
3864,-0.0014886462390396914,-0.0007209228965266723,104,0.0007677233425130191
3865,-0.006352076467507942,-0.002061529513444134,110,0.004290546954063808
3866,0.003859237763839199,0.0013597827449993907,110,-0.0024994550188398084
3867,0.0034883437664951435,0.001975608496916405,109,-0.0015127352695787385
3868,-0.008952496712663228,-0.0034043545279755782,108,0.0055481421846876496
3869,-0.01152942832146622,-0.002472315449196402,108,0.009057112872269818
3870,-0.004378903713581162,-0.001084067575890862,106,0.0032948361376903
3871,0.005831873832282427,0.0029576399949719093,105,-0.0028742338373105173
3872,-0.009682865133744493,-0.0015117156484926375,106,0.008171149485251855
3873,-0.010145577722474625,-0.003366168551747809,107,0.006779409170726816
3874,0.006638995878248601,0.0038513519347295098,108,-0.0027876439435190917
3875,0.0035125223833413523,0.0032202561134586755,106,-0.00029226626988267676
3876,-0.0030576998633397097,-0.0001399831730567257,105,0.002917716690282984
3877,-0.0014498558634602591,0.0013605313661264,106,0.002810387229586659
3878,-0.0047904928000260215,-0.0012686826090050126,109,0.003521810191021009
3879,0.00979130518900662,0.0031543913463715563,110,-0.006636913842635064
3880,0.011561481027206735,0.002607396861554754,110,-0.008954084165651981
3881,-0.00740099581827484,0.00042909595342992344,110,0.007830091771704763
3882,-0.010876708633864678,-0.004875651485614457,111,0.006001057148250222
3883,0.0027655246337808755,0.0019754027939828194,114,-0.0007901218397980561
3884,0.0006171228569021105,-0.0019024856568271497,115,-0.00251960851372926
3885,0.0002460600150746899,0.00021329969972456924,115,-3.276031535012067e-05
3886,0.0004447779895536523,0.00210945713286317,116,0.0016646791433095178
3887,0.010088316040402794,0.0028366779690017106,115,-0.007251638071401083
3888,-0.010650130567396318,-0.004536421976082256,116,0.006113708591314062
3889,0.0058392533880029865,0.004039080620617421,115,-0.0018001727673855657
3890,0.0024381038290861765,-0.0014071523884848368,113,-0.0038452562175710133
3891,0.0012062002202299865,0.0019161854873051038,113,0.0007099852670751172
3892,-0.004578731799499548,-0.002927067361072708,112,0.0016516644384268401
3893,-0.00417000095486537,-0.0013233478553331323,109,0.0028466530995322377
3894,-0.012566418303490083,-0.005503505464132374,106,0.007062912839357709
3895,0.004950001229581266,0.00041816102922348004,101,-0.0045318402003577864
3896,0.005825656300038047,0.0022900175476182802,101,-0.0035356387524197665
3897,0.015733517082265447,0.005865224550548641,97,-0.009868292531716807
3898,0.013292315844627782,0.005957875127691747,89,-0.007334440716936034
3899,-0.0021893305616611618,-0.0013959205212021862,85,0.0007934100404589756
3900,-0.005795847783449151,0.0008729787874661044,64,0.006668826570915255
3901,-0.00451982392205824,-0.0017869442151498512,62,0.0027328797069083883
3902,0.0018665750979363239,9.347738538210473e-05,53,-0.0017730977125542191
3903,-0.002487169763267801,-0.0034663731981664477,45,-0.0009792034348986467
3904,0.004642313884829604,0.0018629198205257832,35,-0.002779394064303821
3905,-0.0035238106520387768,0.000815886477171158,26,0.004339697129209934
3906,0.0006467899288720244,-0.00037973821795700413,26,-0.0010265281468290286
3907,0.006091221052566637,0.0025932636414023325,27,-0.0034979574111643043
3908,-0.0005105018893383094,0.003839152785314984,27,0.004349654674653293
3909,0.004852757649927764,0.0007188579455024486,27,-0.004133899704425315
3910,0.000629144568390813,0.0016631339027700519,27,0.0010339893343792388
3911,-0.005697361107399074,-0.0026727353412043914,28,0.0030246257661946823
3912,0.00274313608971167,0.0016045517698280011,27,-0.001138584319883669
3913,-0.0019946667528181194,0.0013659902909381174,29,0.003360657043756237
3914,-0.003304668279079962,-0.0041550349619977655,26,-0.0008503666829178034
3915,0.007187611605239408,0.006094155903368159,29,-0.0010934557018712487
3916,-0.006703693750340862,-0.0013190915197930715,38,0.00538460223054779
3917,0.008827840754766884,0.0011600265443740486,50,-0.007667814210392835
3918,0.0008980038054822346,-0.0002454311826195955,57,-0.00114343498810183
3919,0.007819803871040308,0.0018642746772713453,56,-0.005955529193768962
3920,0.0016195821864631481,-5.3103190566196425e-05,75,-0.0016726853770293445
3921,-0.012851232153126679,-0.006042948809222284,93,0.006808283343904395
3922,-0.0027574579025778385,-0.0010272483056681266,107,0.001730209596909712
3923,0.004828607025015536,0.0001099108589520324,122,-0.004718696166063504
3924,-0.0030806182976158315,-0.0019562458467319507,123,0.0011243724508838808
3925,0.001992217619180283,0.002389220923505987,139,0.0003970033043257039
3926,-0.0007041313036430413,-0.0007850557661674341,151,-8.092446252439282e-05
3927,-0.0058792140815906516,-0.0019532911490544543,167,0.003925922932536198
3928,0.003387198850152491,0.0016655157615584225,171,-0.0017216830885940686
3929,-0.0011850588208036886,-0.0008075318476378141,171,0.0003775269731658745
3930,-0.0016147690881732255,-0.0011822647035551464,172,0.00043250438461807914
3931,-0.007505993027450275,-0.004140291169655413,173,0.0033657018577948625
3932,0.010291069789957518,0.004044832212844012,172,-0.006246237577113505
3933,-0.0012014771239195257,-0.0009832178937259337,172,0.000218259230193592
3934,0.0040941471543938495,0.001866080919236303,173,-0.0022280662351575465
3935,0.0006126488854954164,0.00034378556560568446,173,-0.00026886331988973194
3936,-0.00382946613808775,-0.002480301316166515,175,0.001349164821921235
3937,-0.005451097330434454,-0.0018532190507700992,179,0.003597878279664355
3938,-0.000881156802038448,-0.0005445881795361527,179,0.00033656862250229535
3939,-0.011171090914281132,-0.005223120553297008,178,0.005947970360984123
3940,0.003010236256239459,0.0015650182144530385,179,-0.0014452180417864203
3941,0.0006511754016049145,-0.00014404870779930238,179,-0.0007952241094042169
3942,-0.0023485521870594867,-0.0005757852813663448,190,0.0017727669056931418
3943,-0.012823841434212344,-0.004438204298620819,192,0.008385637135591525
3944,-0.0016496697632629373,-0.0019193884911963045,192,-0.0002697187279333672
3945,0.0060341236387637725,-0.0002361613054971122,193,-0.006270284944260885
3946,-0.0010871106631255417,-0.0006989003740785998,197,0.0003882102890469419
3947,0.011109673840494537,0.006475071889315066,199,-0.0046346019511794715
3948,0.009971777860024152,0.0035753277425068985,200,-0.0063964501175172534
3949,0.010330357232905985,0.004995298807193866,201,-0.0053350584257121185
3950,-0.006714893615618914,-0.0038821962670511144,202,0.0028326973485677995
3951,0.001932093381956091,-0.0005306993206243652,201,-0.002462792702580456
3952,0.004961916587372617,0.00416913103368801,201,-0.0007927855536846067
3953,-0.003843613018226852,-0.0030830137601544553,198,0.0007605992580723966
3954,-0.005589515620717314,-0.0027964277204087376,198,0.0027930879003085765
3955,-0.002176325177545733,-0.0007350627258185183,193,0.0014412624517272147
3956,0.005429029316041971,0.002890678621653064,183,-0.0025383506943889075
3957,0.004695287313810541,0.002849346581051216,170,-0.0018459407327593253
3958,-0.008873301364188091,-0.005543424632186276,160,0.003329876732001815
3959,0.00415452383513798,0.0025996903829160604,159,-0.0015548334522219195
3960,-0.012180755586148784,-0.006046764897029143,142,0.0061339906891196404
3961,-0.006631446775094272,-0.001746003480982199,124,0.004885443294112073
3962,-0.00020415432017322863,-0.00034157615974479173,109,-0.0001374218395715631
3963,-0.004993770779626372,-0.0011686264485836109,92,0.003825144331042761
3964,0.0014988317818966455,-0.0003825386464337166,90,-0.0018813704283303621
3965,0.0021724584349055096,0.0027943536925681862,74,0.0006218952576626767
3966,-0.0004928680808685384,0.0013970600711033828,61,0.001889928151971921
3967,0.010135619007343652,0.00781931855984891,45,-0.0023163004474947412
3968,-0.011108827034432093,-0.009802845613402496,40,0.001305981421029596
3969,-0.002826657678166836,-0.0016840939557101419,40,0.001142563722456694
3970,-0.002540058752213961,-0.0020231286290709727,39,0.0005169301231429881
3971,0.014727977709186421,0.010395664035280229,38,-0.004332313673906192
3972,-0.007082131635563599,-0.007228694688848179,39,-0.0001465630532845796
3973,0.002214763813699512,0.0003688823390500977,39,-0.0018458814746494143
3974,0.0075585866600687,0.0034748159488022616,38,-0.0040837707112664386
3975,0.006072436492791632,0.003728921000165335,38,-0.002343515492626297
3976,-0.0015829753723702218,-0.0028060740477189195,37,-0.0012230986753486977
3977,0.004461917035133822,0.003633230968587191,32,-0.0008286860665466314
3978,0.013407275845092374,0.009578469936246031,32,-0.003828805908846343
3979,-0.0051022870612758954,-0.003249234235126043,33,0.0018530528261498525
3980,-0.0006904522222101658,-0.001107409221526617,33,-0.0004169569993164513
3981,0.00341665689116964,0.005434387340726321,41,0.002017730449556681
3982,-0.0008963068567552496,-8.338468986351377e-05,40,0.0008129221668917358
3983,-0.005604510700091525,-0.008327352048096131,40,-0.002722841348004606
3984,-0.011899256282320757,-0.0037329273007343593,51,0.008166328981586398
3985,-0.008486051225310542,-0.002691475011980121,63,0.005794576213330422
3986,0.005320898385068935,0.0018970557610137355,83,-0.0034238426240551997
3987,0.006760053130378018,0.002082708540681327,93,-0.004677344589696691
3988,0.003233895548686985,0.0015635140682138274,95,-0.0016703814804731574
3989,-0.007884157481332478,-0.004149046040061999,110,0.0037351114412704795
3990,0.00022864812883645656,0.00151656798375879,130,0.0012879198549223334
3991,0.004854305321371359,0.0024647048519484036,156,-0.0023896004694229553
3992,-0.004857722700870925,-0.003250163527533205,171,0.0016075591733377198
3993,-0.0006522337988018224,0.0002762103931801969,171,0.0009284441919820193
3994,-0.005064941275615711,-0.002495161873593292,179,0.0025697794020224187
3995,-0.00450881666263426,-0.003387708299659211,184,0.0011211083629750485
3996,-0.0011159914644693842,0.0016743066569652537,185,0.0027902981214346376
3997,-0.005868126908609417,-0.003469153235880599,186,0.0023989736727288184
3998,0.0009378882173091673,0.00024461854892914877,186,-0.0006932696683800185
3999,-0.0008025724369872053,-0.0005651707757031697,186,0.0002374016612840356
4000,-0.004295156914284734,-0.003293701418510452,185,0.0010014554957742824
4001,0.0024979863301041257,0.0028326930506557954,186,0.0003347067205516697
4002,0.012195226979255269,0.006325267726699863,189,-0.0058699592525554055
4003,-0.0053769836917856965,-0.001817224320856774,188,0.0035597593709289226
4004,-0.000987576292483308,-0.0008551173350524135,193,0.00013245895743089445
4005,-0.0019333435268449053,-0.002155103844734612,194,-0.00022176031788970663
4006,-0.003604822089432892,-0.0026772085547616597,194,0.0009276135346712321
4007,0.002419641403273072,0.0031533385813359333,194,0.0007336971780628611
4008,-0.0005024093514797635,-0.0006456664223025482,195,-0.00014325707082278474
4009,-0.0021805826588849908,-0.0020720920013885865,195,0.00010849065749640426
4010,0.005525871763722351,0.003575711020186918,203,-0.0019501607435354327
4011,-0.002018135876247676,-0.0017633440929825293,209,0.0002547917832651466
4012,0.0005668939696652204,0.001053137684137557,208,0.00048624371447233657
4013,-0.002219840809506137,-0.0017770465793721028,208,0.00044279423013403405
4014,0.0016983261857037289,0.00022095097334360483,210,-0.001477375212360124
4015,-0.007516472574910089,-0.0044816657352623876,211,0.0030348068396477013
4016,-0.0012312718705547172,-0.0006697497942694104,210,0.0005615220762853068
4017,0.00018767696923297546,0.001781767940406481,210,0.0015940909711735056
4018,0.004874566205131073,0.004087280381453695,211,-0.0007872858236773785
4019,0.00033051738835911104,8.959960333643689e-05,210,-0.00024091778502267414
4020,0.00278456491817849,0.00038718824518921003,211,-0.00239737667298928
4021,0.0035054438328084897,0.003239452854234222,204,-0.00026599097857426786
4022,0.003289287669029196,0.0022597837427804604,195,-0.0010295039262487355
4023,-0.004241813174649542,-0.0013681692228065317,193,0.00287364395184301
4024,-0.004620850813948337,-0.0030289371266346773,181,0.0015919136873136595
4025,0.0006987749261662097,-0.0012055286667521329,167,-0.0019043035929183424
4026,0.0035000335028655158,0.0017542641658915763,143,-0.0017457693369739395
4027,-0.014124218683931471,-0.008281793362636515,130,0.005842425321294956
4028,-0.0023705824276075453,-0.0009403953707448585,127,0.0014301870568626867
4029,0.00035070508769857137,0.0018315359526872934,112,0.001480830864988722
4030,0.000890414335649236,0.0009699349953417328,91,7.952065969249683e-05
4031,-0.0024975857353467796,-0.0006520218044903786,65,0.001845563930856401
4032,-0.011600180321056584,-0.004644136340011869,50,0.006956043981044715
4033,-0.003604945435296188,0.0002376601740771602,51,0.003842605609373348
4034,-0.0017372244679959028,-0.0026272165672396835,45,-0.0008899920992437808
4035,0.01583365108997803,0.00741305708634033,42,-0.0084205940036377
4036,-0.004972360402786982,-0.005601729382191026,44,-0.0006293689794040439
4037,0.005026530321312895,0.0015105997966500097,43,-0.0035159305246628856
4038,-0.010110449634137061,-0.007321122567484794,45,0.0027893270666522673
4039,-0.0005338628920097349,0.00039094609300437523,45,0.0009248089850141102
4040,0.004502913491444539,0.006902468722557928,44,0.002399555231113389
4041,-0.007665962192343895,-0.00601433771875138,45,0.001651624473592515
4042,-0.0036950312044500807,-0.004729898233177999,46,-0.0010348670287279186
4043,-0.0015264937353558154,-0.0004380165432318203,49,0.0010884771921239951
4044,-0.0014660002766864995,0.00022167393278702742,44,0.001687674209473527
4045,-0.005832796593684201,-0.0032627866343682903,44,0.002570009959315911
4046,-0.00793227263555503,-0.003312731129138116,48,0.004619541506416913
4047,-0.007839288360032693,-0.003487606478028406,51,0.004351681882004287
4048,0.00021185364632726194,0.001596733761944293,53,0.001384880115617031
4049,-0.004909113943602574,-0.003584753464677181,53,0.0013243604789253934
4050,-0.0018690707381690008,-0.003430721858895974,49,-0.0015616511207269734
4051,-0.003950412256533733,0.001471023839339778,50,0.0054214360958735105
4052,-0.00834532339588124,-0.0031029570729270064,57,0.005242366322954233
4053,0.002798850664972641,0.006563803984668316,61,0.0037649533196956746
4054,0.002877250869335202,0.0005617390090520197,61,-0.0023155118602831825
4055,-0.0005614381310947293,-0.0007703511655507843,66,-0.000208913034456055
4056,-0.0025128928790661073,-0.0020470248144986557,69,0.00046586806456745157
4057,-0.0059796157030378595,0.00027742307887959654,71,0.006257038781917456
4058,-0.0018458640152747131,0.0003560411155836274,77,0.0022019051308583403
4059,0.0025900136499884415,0.001095458417902026,80,-0.0014945552320864155
4060,0.0066368845568384694,0.002535904994827506,85,-0.004100979562010963
4061,-0.005745419346161431,-0.002877039014344938,93,0.002868380331816493
4062,-0.007185781148789044,-0.0022402549830807185,100,0.004945526165708326
4063,-0.008628106432771647,-0.0033196892852836025,100,0.005308417147488044
4064,-0.019887292973644544,-0.004358620646205304,105,0.01552867232743924
4065,0.003299123201694843,0.0007030078584494579,111,-0.0025961153432453848
4066,-0.0049090752218048355,-0.00026107378810316683,123,0.004648001433701669
4067,-0.025214792378915826,-0.005019994512133512,131,0.020194797866782313
4068,0.004396074376130707,0.0032375796338441746,133,-0.0011584947422865325
4069,-0.011988635400881336,-0.004840419198398584,134,0.007148216202482752
4070,-0.0031755304001107347,-0.00014225096973351716,136,0.0030332794303772176
4071,-0.01223709967632473,-0.0035906325286608706,141,0.00864646714766386
4072,-0.021980219994165533,-0.008562560665067165,143,0.013417659329098369
4073,-0.02440290610403426,-0.007216928568433874,142,0.017185977535600385
4074,-0.02154700094754617,-0.006933436872517021,140,0.014613564075029149
4075,-0.023810634011434993,-0.0064355195657259875,139,0.017375114445709005
4076,-0.019256550768128336,-0.006850410185780688,138,0.012406140582347649
4077,-0.029509344325502403,-0.010755884361982918,141,0.018753459963519487
4078,-0.009793440325098393,-0.010950565915118438,140,-0.0011571255900200451
4079,-0.06474921257697264,-0.017948932896726222,142,0.046800279680246415
4080,0.0853679117530701,0.020254407258981456,143,-0.06511350449408865
4081,0.020213028388102062,0.006750451967080951,145,-0.01346257642102111
4082,0.031991226172617154,0.005164965325373266,143,-0.026826260847243887
4083,0.020081255697516166,0.0083040385327784,140,-0.011777217164737766
4084,0.011489939663874588,0.006098112113897477,141,-0.005391827549977112
4085,0.0034683594288338424,0.001358122973868012,142,-0.0021102364549658303
4086,-0.01809645347262822,-0.008149388050349147,142,0.009947065422279073
4087,-0.024678730909114453,-0.0069257892687063565,142,0.017752941640408096
4088,0.01327802680454184,0.003173152312219746,139,-0.010104874492322093
4089,-0.028154596591020147,-0.012485495145733947,140,0.0156691014452862
4090,-0.021607306279174014,-0.007798572094899913,137,0.0138087341842741
4091,-0.011982408592184725,-0.0052025953569969354,131,0.006779813235187789
4092,0.031978593940228055,0.016655850826848024,126,-0.01532274311338003
4093,0.0050114643653727696,0.002555583163582593,123,-0.0024558812017901766
4094,0.021276691566757818,0.00669712377999699,125,-0.014579567786760828
4095,0.0268088540573923,0.005552538329413863,121,-0.021256315727978436
4096,-0.004268000521901821,-0.0009735469057262406,121,0.0032944536161755807
4097,0.0002700844633966791,0.0035409900278784824,119,0.0032709055644818035
4098,-0.01182028361914936,-0.001375242719495583,112,0.010445040899653776
4099,-0.018377343483437288,-0.004496769959217882,110,0.013880573524219406
4100,0.024326416276455855,0.00630490915098605,106,-0.018021507125469804
4101,0.017951572641551648,0.009109058501058894,101,-0.008842514140492754
4102,0.007208413666194539,0.0034194547210867022,93,-0.003788958945107837
4103,-0.0063627371749648875,-0.0029208528452752524,95,0.003441884329689635
4104,0.015692308924406623,0.007950191910347766,95,-0.007742117014058856
4105,0.008076979554002552,0.0053076747405884335,96,-0.0027693048134141184
4106,0.026672121932999553,0.015213431369362313,85,-0.01145869056363724
4107,0.022911225097387234,0.013124377877715305,80,-0.00978684721967193
4108,0.020191854936641603,0.011414973221870399,87,-0.008776881714771204
4109,-0.022880199839468745,-0.01379762825425081,104,0.009082571585217934
4110,-0.01028065842099596,-0.005742035753679206,110,0.004538622667316754
4111,0.0015564767736634176,0.001782296334080093,114,0.00022581956041667546
4112,-0.006570653366533594,-0.0023180044129794608,113,0.004252648953554134
4113,-0.005020505626491803,-0.0006382034569577305,127,0.004382302169534072
4114,0.009211651260555242,0.007262177948814388,149,-0.0019494733117408538
4115,0.0207319747224993,0.006314085918069497,181,-0.014417888804429804
4116,-0.0019248644565956893,0.0006633748935136904,204,0.00258823935010938
4117,-0.010630449832870106,-0.005576410453228443,205,0.005054039379641663
4118,-0.020029492787493577,-0.008976894553253914,217,0.011052598234239663
4119,-0.004463038774473076,-0.0005800792638701124,219,0.0038829595106029636
4120,0.013455724684820454,0.005232191836767966,220,-0.008223532848052488
4121,0.02761606939391184,0.010054157046657932,218,-0.01756191234725391
4122,-0.0023914675778958423,-0.0012320094486414192,216,0.001159458129254423
4123,0.013293004262873572,0.006578269603989674,217,-0.006714734658883899
4124,0.00898972308875793,0.005674502524008772,216,-0.003315220564749158
4125,0.004943025616240112,0.002096534769936888,215,-0.0028464908463032242
4126,0.013185610782906745,0.005256851664831964,213,-0.007928759118074781
4127,0.014320303711868798,0.004286442022182702,210,-0.010033861689686095
4128,-0.02163502957926341,-0.012618767208857387,212,0.009016262370406024
4129,-0.0030210396915228126,-0.0005601550506225089,213,0.0024608846409003037
4130,0.013318483134385337,0.009261801388028706,214,-0.0040566817463566305
4131,0.0023296436857231668,0.00040098078057795796,213,-0.0019286629051452088
4132,0.0144643747055894,0.009451971790142788,211,-0.005012402915446612
4133,0.006110343719831233,0.0025956867112171,210,-0.003514657008614133
4134,0.005147851258466433,-0.000239313103788023,209,-0.005387164362254456
4135,0.014758430241132998,0.009880903893962414,209,-0.004877526347170584
4136,-0.008396753173647879,-0.004176969581637747,207,0.004219783592010132
4137,-0.019330208752086502,-0.008896517549032163,209,0.010433691203054339
4138,-0.018192849091178808,-0.011235824121857809,211,0.006957024969320999
4139,0.015712649714904083,0.010415863315597221,210,-0.005296786399306861
4140,0.01589033615915783,0.009006666911200781,209,-0.006883669247957049
4141,0.0057603724420376015,0.0022867763813700656,205,-0.003473596060667536
4142,-0.010745821745120749,-0.005198696918092722,205,0.005547124827028027
4143,0.004369738072823629,0.0044796172470184335,203,0.00010987917419480464
4144,0.004472442758170386,0.004314163946328689,200,-0.0001582788118416967
4145,0.002092129053770661,0.0032802841289484653,193,0.0011881550751778043
4146,0.0021183116152721664,-0.00053000524089726,192,-0.0026483168561694265
4147,-0.0058453929607654,-0.0022861029633764103,189,0.0035592899973889897
4148,0.0058603730627330795,0.002711794940676507,180,-0.0031485781220565723
4149,-0.0007100591309538069,-0.00026684442800718375,163,0.00044321470294662315
4150,0.00818434762380102,0.003173707134593786,156,-0.005010640489207233
4151,0.001384759535937874,0.00066492413207216,147,-0.0007198354038657141
4152,-0.006080083754819899,-0.002448272228851491,146,0.003631811525968408
4153,-0.003738583876457971,-0.002274845237173429,134,0.001463738639284542
4154,-0.0040512388389130835,-0.0028108693576590956,114,0.001240369481253988
4155,-0.008895759093313442,-0.005786384029130106,85,0.003109375064183336
4156,0.007037122392741705,0.004532332757874694,63,-0.0025047896348670117
4157,-0.006374350571188643,-0.0009634505450883179,60,0.005410900026100326
4158,0.0029602125042039484,0.0036533019473514936,48,0.0006930894431475452
4159,-0.013723475499001495,-0.004838787250156851,47,0.008884688248844645
4160,0.0025750548711017604,0.002288669993776113,47,-0.00028638487732564723
4161,0.019701717134863756,0.009645465967024931,45,-0.010056251167838825
4162,0.0022198482189021477,0.0012636854083078054,46,-0.0009561628105943423
4163,-0.0020956121463473667,-0.004829738740865081,47,-0.0027341265945177145
4164,-0.007239671724967492,-0.004812052168364539,48,0.0024276195566029527
4165,0.012026115491334288,0.00737813793840284,47,-0.004647977552931448
4166,-0.0014287289529926913,0.0015042596264569735,51,0.0029329885794496646
4167,0.009991377905329446,0.002226359143313134,55,-0.007765018762016311
4168,-0.007483547919067968,-0.005608715703795445,60,0.0018748322152725228
4169,0.0015601931911822322,0.0009123698228008038,63,-0.0006478233683814284
4170,-0.006144597857325731,-0.0023562478019399976,62,0.0037883500553857336
4171,0.013590024990224055,0.008329205657553213,70,-0.005260819332670842
4172,-0.00471627217138406,-0.0009695779725041117,85,0.0037466941988799486
4173,-0.019576963737296955,-0.007203808248141482,106,0.012373155489155473
4174,0.005804953837202218,0.002563075672969917,112,-0.003241878164232301
4175,0.0011483014469685214,0.0011667157516803879,114,1.8414304711866433e-05
4176,0.007726088368495052,0.0032645791997794964,124,-0.004461509168715556
4177,-0.00798865860042113,-0.0034898848275283544,141,0.004498773772892776
4178,0.010110543983008062,0.0010684406772103036,153,-0.009042103305797758
4179,0.00549872964704456,0.002935767101916944,177,-0.0025629625451276165
4180,-0.0002675745313379151,0.0003474460477761195,180,0.0006150205791140346
4181,-0.010130969457911828,-0.0033953812955088997,185,0.006735588162402929
4182,0.0037477555845690184,0.0004968479232972141,188,-0.003250907661271804
4183,-0.0009903433718738686,-0.0008897214200650606,189,0.00010062195180880794
4184,0.002107974064404809,0.001998675568587187,187,-0.00010929849581762206
4185,-0.007162125093020201,-0.004790022978428271,187,0.0023721021145919298
4186,0.010237029721787526,0.005657153739745627,187,-0.004579875982041899
4187,-0.007043323568202671,-0.003399825295911253,188,0.0036434982722914184
4188,-0.011207755841679198,-0.006599738885548457,188,0.004608016956130742
4189,0.00254374641196374,0.0016332552237481922,186,-0.0009104911882155478
4190,-0.0013733457211158695,-0.0012385778075328017,185,0.00013476791358306775
4191,-0.01369192513831894,-0.00897990087451011,185,0.004712024263808831
4192,-0.004191831461102375,-0.0022638673548564018,189,0.0019279641062459733
4193,0.005682742064657275,0.0045354260615137285,188,-0.0011473160031435468
4194,-0.005868868887350387,-0.004633475129829544,188,0.0012353937575208425
4195,0.005819290562747746,0.0047745860502760445,185,-0.0010447045124717018
4196,-0.006335652331551277,-0.0032028217367065814,183,0.0031328305948446953
4197,-0.0021176973305889776,-0.002241668237154492,185,-0.00012397090656551422
4198,0.0020731148462624616,0.001847003380412305,186,-0.0002261114658501566
4199,0.0068824574137074275,0.004773743467471134,183,-0.0021087139462362932
4200,-0.0018282822000685744,0.00010856908991934181,181,0.0019368512899879163
4201,0.010677520534553304,0.007967566581414303,181,-0.002709953953139001
4202,-0.009321394040242641,-0.006000910853147754,181,0.0033204831870948873
4203,0.011799046390048565,0.006600511246902786,180,-0.005198535143145779
4204,-0.0031626411619591873,-0.001886852445323726,179,0.0012757887166354612
4205,0.00810963129900631,0.005435202053060209,179,-0.002674429245946101
4206,0.0008625939189550644,-0.000249234217427718,173,-0.0011118281363827825
4207,0.013900822545314431,0.0075254880195527625,170,-0.0063753345257616684
4208,-0.013347082323762057,-0.00947812444534591,163,0.0038689578784161464
4209,0.0018388536651006992,0.00012694240373611816,158,-0.001711911261364581
4210,-0.00648198428344459,-0.0034190062806284025,156,0.003062978002816188
4211,-0.007834628536397277,-0.004918087543356094,149,0.0029165409930411827
4212,-0.0005616837805052914,0.0006392195910653283,135,0.0012009033715706197
4213,0.00625305902392837,0.005327454102119503,114,-0.0009256049218088671
4214,0.006400930828091756,0.0013928354841357274,105,-0.005008095343956028
4215,-0.00912836755506699,-0.005669615181450334,102,0.0034587523736166565
4216,0.009070987917921792,0.007473997079946457,91,-0.0015969908379753345
4217,0.008735658076190655,0.005371743599847327,72,-0.0033639144763433276
4218,0.001371106796892215,-0.0007701755112905921,60,-0.002141282308182807
4219,0.004312231277191729,0.0003247600890430487,36,-0.003987471188148681
4220,0.006406197992439882,0.004378741934418666,31,-0.002027456058021216
4221,0.0070170358207506224,0.008557996944979808,27,0.0015409611242291855
4222,0.002450428866055168,0.00017066921836155212,25,-0.002279759647693616
4223,-0.018331938688891887,-0.009119883509561602,25,0.009212055179330285
4224,0.011816456422338773,0.006252404691164033,25,-0.00556405173117474
4225,-0.0004274786006151114,0.0011511496418301753,26,0.0015786282424452868
4226,0.013375217265525763,0.006183516421849346,26,-0.007191700843676417
4227,-0.005898917417272265,-0.0006531697443797067,27,0.005245747672892559
4228,0.007986276940746677,0.001865369573753839,30,-0.006120907366992838
4229,-0.006990165355133272,-0.005342088716914367,31,0.0016480766382189049
4230,-0.005037784842710287,-0.0022848260619188453,32,0.0027529587807914417
4231,0.011279200775028702,0.006818783691872527,35,-0.004460417083156175
4232,0.014465942014459979,0.008442212021852365,34,-0.006023729992607614
4233,-0.008744603685081573,-0.0028646350499097473,36,0.005879968635171826
4234,-0.004584143758551259,-0.004481764548001229,34,0.0001023792105500302
4235,0.007970848115678124,0.004456818528822686,41,-0.0035140295868554385
4236,-0.004832566018507378,0.00015877351994714628,50,0.004991339538454524
4237,-0.005440904651834294,-0.0023509665561418387,60,0.0030899380956924552
4238,0.008470235940733137,0.0035436106749180962,64,-0.004926625265815041
4239,0.003895554305050218,-0.0017066236898613156,67,-0.005602177994911533
4240,-0.022977594326738852,-0.006737309208140258,76,0.016240285118598593
4241,0.014857279871950183,0.006893274778487802,78,-0.007964005093462382
4242,-0.0012307130968235039,-0.0031304102619204043,95,-0.0018996971650969004
4243,-0.008150277519722554,-0.0009600748646732135,118,0.007190202655049341
4244,0.012116822684724157,0.008288351187934044,125,-0.0038284714967901125
4245,0.0038910105248983716,-0.0031404686798806895,132,-0.007031479204779061
4246,-0.00425840320207104,-0.0010033583185615584,135,0.003255044883509481
4247,0.005938788356009417,0.005587045335906809,135,-0.0003517430201026078
4248,0.008532861849233114,0.007657605484312154,136,-0.0008752563649209594
4249,0.013731188038487758,0.007968577283904429,137,-0.0057626107545833295
4250,0.0045763789685421144,0.003341505638938006,138,-0.0012348733296041084
4251,0.0067392651231632066,0.00461133271589385,137,-0.002127932407269356
4252,0.012632786987659404,0.007938480478409494,139,-0.00469430650924991
4253,0.012923422841504505,0.010533478672211685,141,-0.002389944169292821
4254,-0.0013316133000241287,0.0015455135682930332,141,0.002877126868317162
4255,0.0031417975775703978,0.0008129106927960136,143,-0.002328886884774384
4256,0.005053375262810417,0.0027998952601507405,143,-0.0022534800026596767
4257,-0.005438569699465338,-0.005718500417160569,143,-0.0002799307176952308
4258,-0.0038744729583775526,-0.0006606880403652229,141,0.0032137849180123297
4259,-0.003312437862943534,-0.001808311234932157,141,0.001504126628011377
4260,0.01114337090800691,0.008873344424481967,143,-0.0022700264835249437
4261,0.013486954589824582,0.011332633387130373,149,-0.0021543212026942093
4262,0.004669338752941247,-0.0002902360075109852,151,-0.004959574760452232
4263,0.0036724405438339673,0.0025094628670610532,150,-0.0011629776767729141
4264,-0.00306925012725247,-0.004323629372448513,154,-0.0012543792451960426
4265,0.014975146510566006,0.010238125082505255,153,-0.004737021428060751
4266,-0.006493810510408219,-0.005122049581077851,153,0.0013717609293303684
4267,0.0023808234585979706,-0.0008411432686332725,151,-0.003221966727231243
4268,0.00844528141242738,0.006176858559900997,148,-0.002268422852526383
4269,-0.001481948792534564,-0.002036987730469952,147,-0.0005550389379353879
4270,0.011358074095433976,0.008710452938694392,146,-0.002647621156739584
4271,0.006869657647666327,0.004198470420950191,144,-0.0026711872267161365
4272,0.00869391498114721,0.006348731337037982,141,-0.0023451836441092284
4273,0.013459282917925705,0.009691434624924746,138,-0.0037678482930009593
4274,0.004620336316258271,0.0038769489085999434,138,-0.000743387407658328
4275,-0.009073008162860932,-0.0064171249740030715,131,0.0026558831888578603
4276,-0.018967029077165656,-0.012166032173810917,121,0.006800996903354738
4277,-0.019319857515647916,-0.014969000771804075,108,0.004350856743843841
4278,0.011729154132364009,0.009509305210972999,102,-0.0022198489213910103
4279,-0.011959042273342772,-0.008365107578393965,99,0.003593934694948807
4280,0.005130284304184615,0.005577101262968821,90,0.0004468169587842066
4281,0.014359058007599082,0.011637182139673815,89,-0.0027218758679252667
4282,0.013606855316998416,0.010782463366823213,71,-0.002824391950175203
4283,0.019531356953972626,0.018226207396411096,47,-0.0013051495575615302
4284,-0.0015593583365740096,0.0029230515824299843,42,0.004482409919003994
4285,0.01781497792436578,0.009936682336502389,38,-0.007878295587863392
4286,0.028173663787200275,0.018496208991756666,38,-0.009677454795443609
4287,-0.001659821573239036,-0.004396692533886042,42,-0.002736870960647006
4288,0.03355822858125707,0.024205848283274642,45,-0.00935238029798243
4289,-0.008994814607462992,-0.00864976672355955,46,0.00034504788390344113
4290,0.0281296157081342,0.021874635607387498,45,-0.006254980100746703
4291,-0.007855270773602863,-0.013482209595033991,45,-0.005626938821431128
4292,-0.00093301345689984,-0.0025463102507546614,45,-0.0016132967938548215
4293,0.02463265123761462,0.019055010503614744,44,-0.0055776407339998765
4294,-0.000775592484274173,-0.00042849464582043144,44,0.0003470978384537416
4295,-0.008173758281427504,-0.008693340428672858,41,-0.0005195821472453541
4296,0.014633564126414504,0.003971366796554172,42,-0.010662197329860332
4297,-0.009435672817666578,-0.004167570763174115,42,0.005268102054492463
4298,0.001231263205411473,0.0034947688946804327,49,0.0022635056892689595
4299,-0.0020456246634527712,-0.004796606316026042,54,-0.002750981652573271
4300,-0.0008724115721884083,-0.0019197538756146634,53,-0.0010473423034262552
4301,0.004679038634243901,0.0010959535420241528,50,-0.0035830850922197485
4302,0.007065388084504493,0.004159781964456181,53,-0.0029056061200483123
4303,0.007060010445637707,0.00065746237865279,63,-0.006402548066984917
4304,0.0229711280768034,0.01661881213391936,68,-0.006352315942884042
4305,0.00537004912037574,0.0034252905672205163,69,-0.0019447585531552234
4306,-0.008563432843446765,-0.01094508813168041,75,-0.002381655288233645
4307,-0.00035130965402103455,-0.0009626603822011276,83,-0.000611350728180093
4308,-0.0027287020206182124,-0.0024214600317727978,93,0.0003072419888454146
4309,-0.00433621072463766,-0.0003067263775323274,96,0.004029484347105332
4310,-0.0032219708986509603,-0.0039766176856499,97,-0.0007546467869989394
4311,-0.010471846967887917,-0.007053826767905235,97,0.0034180201999826822
4312,0.024535057700906734,0.014735328628406003,98,-0.009799729072500731
4313,-0.007816191533940016,-0.0032905876014520073,102,0.004525603932488008
4314,-0.012586142934033342,-0.009145242558391971,106,0.0034409003756413706
4315,0.008857678709469534,0.006506887655204856,110,-0.0023507910542646783
4316,-0.017127407160242174,-0.012151709073040631,121,0.0049756980872015435
4317,0.013329248097680775,0.00804928288099981,127,-0.005279965216680966
4318,0.011312483803115135,0.006708745284913801,146,-0.004603738518201334
4319,-0.003945071010121187,-0.0022331493967110774,151,0.00171192161341011
4320,-0.007445130388288758,-0.0038747604700882002,156,0.003570369918200558
4321,-0.025073272098624307,-0.016169565636687498,158,0.008903706461936809
4322,-0.005422460998215553,-0.0007414291954412593,163,0.004681031802774294
4323,-0.0014803749306317301,0.002175503625715697,166,0.0036558785563474273
4324,0.010129397907236846,0.0033457559777436683,164,-0.006783641929493179
4325,0.009508997597024043,0.006466729221489363,165,-0.0030422683755346796
4326,0.022735207910437587,0.011314284834416755,168,-0.011420923076020831
4327,0.003053272425670912,0.0031201078095919607,168,6.683538392104893e-05
4328,0.0027660017582609824,-0.0004544532364428007,168,-0.003220454994703783
4329,-0.019006749776880574,-0.011173200025477012,167,0.007833549751403561
4330,0.008192757193056713,0.0050988047818794026,170,-0.0030939524111773106
4331,-0.021469997955059935,-0.01264067864061432,174,0.008829319314445616
4332,0.019993110666375682,0.010918172507309755,174,-0.009074938159065927
4333,-0.013841492059698849,-0.011390099026300568,174,0.0024513930333982803
4334,-0.03246087940329411,-0.02152905098904222,174,0.01093182841425189
4335,-0.026022762831493063,-0.013542570440573753,175,0.01248019239091931
4336,0.01871102186353497,0.013626863412867883,174,-0.005084158450667087
4337,-0.004796034253649511,0.00046816831447182784,178,0.005264202568121339
4338,-0.02932182197591758,-0.017348718444191936,171,0.011973103531725645
4339,0.021617656845512655,0.012413861137434493,166,-0.009203795708078163
4340,0.016576747894867006,0.006417719179644645,166,-0.010159028715222361
4341,0.007253393070833855,0.004817204970072438,166,-0.002436188100761417
4342,-0.007539389545056735,-0.006025333078871134,160,0.0015140564661856003
4343,0.0018167897030031068,0.0017895744346245607,152,-2.7215268378546088e-05
4344,-0.015808625072067352,-0.007291831151746214,142,0.008516793920321137
4345,0.006479610222420008,0.0028175979709568785,142,-0.0036620122514631295
4346,-0.011527455194635857,-0.007370535121591774,137,0.004156920073044083
4347,-0.01717558541137012,-0.002343681081727288,129,0.01483190432964283
4348,-0.003268081550596955,-0.004461361863460011,119,-0.0011932803128630555
4349,0.008034790747065474,0.007943561766085907,117,-9.122898097956716e-05
4350,-0.017036873177833794,-0.007183956657798177,118,0.009852916520035617
4351,-0.006800956783314237,-0.0032360813762906627,117,0.003564875407023574
4352,-0.009689774639542058,-0.0018439143194085173,117,0.00784586032013354
4353,-0.01835327904642551,-0.011570034422877608,114,0.006783244623547902
4354,0.022143549390554105,0.011075674758048016,110,-0.01106787463250609
4355,0.007743579964333812,0.003229812145909464,108,-0.0045137678184243475
4356,0.007239147593201379,0.005219381756150628,101,-0.0020197658370507514
4357,0.017708988232382206,0.008233790611525271,96,-0.009475197620856935
4358,0.0012770360525259045,0.004846043625748071,78,0.0035690075732221667
4359,0.012843576359258198,0.003443367036153,80,-0.009400209323105198
4360,-0.013580828502676575,-0.005886404790208395,79,0.0076944237124681805
4361,-0.00024032233231160204,-0.0029000887686707185,81,-0.0026597664363591164
4362,0.01843400283578796,0.00208117320724443,79,-0.016352829628543532
4363,-0.011712789408879412,7.494643166622864e-05,78,0.01178773584054564
4364,0.014568272669398944,0.002483804073569771,85,-0.012084468595829173
4365,-0.0186715888966453,-0.006837387837698183,91,0.011834201058947117
4366,0.016224653576163223,0.00968037940551766,96,-0.006544274170645563
4367,-0.023952909957971627,-0.006558120505795941,107,0.017394789452175687
4368,0.010993438870185496,0.002427600187100854,106,-0.008565838683084642
4369,-0.01441404834434483,-0.008329931606243485,115,0.0060841167381013445
4370,-0.005462563189434703,0.001910832863775345,120,0.007373396053210048
4371,0.011183204764372201,0.003855113000673461,120,-0.00732809176369874
4372,0.013596539941569763,0.005924498610153086,130,-0.007672041331416676
4373,0.010474299885656518,0.002011497175973305,130,-0.008462802709683213
4374,-0.01306455538085748,-0.007878114531784546,130,0.005186440849072934
4375,0.002970005883665791,-0.001764088500800065,130,-0.004734094384465856
4376,0.007998786268342398,0.005123553541063421,130,-0.0028752327272789768
4377,-0.004473364869162358,-0.005251403967005706,126,-0.0007780390978433483
4378,-0.00940661499695867,-0.008912115919256442,126,0.000494499077702229
4379,0.021190050618323887,0.013129097420113338,126,-0.00806095319821055
4380,0.017014743999372924,0.010635938426449776,130,-0.006378805572923148
4381,-0.004650621865944818,-0.002040369695027736,129,0.002610252170917082
4382,0.01815832215736227,0.011798408853821442,131,-0.006359913303540828
4383,0.010169359644877597,0.011398879197359888,130,0.001229519552482291
4384,-0.006736355714318961,-0.00467880153759382,130,0.002057554176725141
4385,-0.005580826704167019,-0.0045430469231736385,131,0.0010377797809933802
4386,0.015754143757233698,0.01004100672362573,135,-0.005713137033607967
4387,0.01096821661749576,0.00686505302676745,136,-0.004103163590728311
4388,-0.008928838992768393,-0.008687549018080519,139,0.00024128997468787425
4389,-0.012752536355158373,-0.010830525829245714,138,0.001922010525912659
4390,0.010928060939350085,0.008810660017754782,138,-0.0021174009215953037
4391,-0.0076763651367221,-0.0054387291616355225,138,0.0022376359750865774
4392,-0.0068942855091603805,-0.003805854357827307,137,0.0030884311513330737
4393,0.005417362695066617,0.003279217587365511,136,-0.0021381451077011064
4394,-0.006111929051284646,-0.006814553039538719,136,-0.0007026239882540726
4395,0.0053222680843000286,0.003392293755078323,134,-0.0019299743292217056
4396,0.00508139961186656,0.003884342505331113,131,-0.0011970571065354472
4397,0.005246111699103289,0.004454513871884082,130,-0.000791597827219207
4398,0.012533043349737297,0.00943574979424297,131,-0.003097293555494327
4399,0.0063762485128952195,0.005241656190681406,124,-0.0011345923222138132
4400,-0.004413665484038403,-0.003325526541467118,120,0.0010881389425712847
4401,-0.012412735566901735,-0.009864640353697008,117,0.0025480952132047267
4402,-0.005372828325240292,-0.003573231135028296,114,0.001799597190211996
4403,0.00466030752751779,0.0032661021937471046,112,-0.001394205333770685
4404,0.0005769189148331217,-9.297569785174561e-05,105,-0.0006698946126848673
4405,-0.021019510223966514,-0.01662234713717726,96,0.004397163086789252
4406,-0.013843193941109042,-0.010193381745654291,85,0.00364981219545475
4407,-0.02371467445821669,-0.01843167492580844,69,0.0052829995324082495
4408,0.0013286716384507949,0.001390427234580787,67,6.175559612999208e-05
4409,0.012191473187773307,0.006936949728759218,57,-0.0052545234590140886
4410,-0.0031383383313471013,-0.0036218074129547115,50,-0.00048346908160761025
4411,-0.008319954565780557,-0.0021195138544062462,47,0.006200440711374311
4412,-0.026849879970784685,-0.019314578660644257,35,0.007535301310140428
4413,-0.006660626544777278,-0.0041971755708081265,35,0.0024634509739691517
4414,-0.009410041325997374,-0.00481293045129309,35,0.0045971108747042844
4415,0.0011400742183583909,0.004315143608208028,34,0.003175069389849637
4416,0.01457295042148243,0.00899572452376458,34,-0.00557722589771785
4417,0.01423041514400416,0.008998351263909025,35,-0.005232063880095136
4418,-0.01630206519636487,-0.00848469111092144,38,0.00781737408544343
4419,0.0012293583160362677,0.0006734829902519597,43,-0.000555875325784308
4420,0.0007660189853207656,0.00045932338182218534,40,-0.0003066956034985802
4421,-0.00894666640997911,-0.0019719005304703265,39,0.006974765879508784
4422,0.008221708457452698,0.0056379765951076,40,-0.0025837318623450987
4423,0.005685812205707794,0.005311506808070296,48,-0.0003743053976374977
4424,-0.003858684540454904,-0.002509843740630887,60,0.0013488407998240174
4425,0.0026317309687530857,0.0019377966950784391,67,-0.0006939342736746465
4426,-0.0025702418315113533,-8.288886268117924e-05,65,0.002487352968830174
4427,-0.006442519215491919,-0.0011134741385792546,72,0.005329045076912665
4428,0.008357012078589849,0.0006502373721402635,90,-0.007706774706449585
4429,-0.0010640755649150768,-0.0018326977226513375,117,-0.0007686221577362607
4430,-0.0007955712305026581,0.00030810021108401193,143,0.00110367144158667
4431,0.0019143265185236767,0.0016170224587876028,148,-0.0002973040597360739
4432,0.002696401873410106,0.0036974514114607488,151,0.0010010495380506426
4433,-0.0017091313083894028,-0.0014472775625198274,160,0.00026185374586957535
4434,-0.011699234817655276,-0.005014839304659746,173,0.00668439551299553
4435,-0.018952945567543237,-0.009553324825303194,179,0.009399620742240043
4436,-0.010323853167436978,-0.0061290819325255,179,0.004194771234911478
4437,0.007842841829329797,0.0005264765830091777,180,-0.007316365246320619
4438,-0.019174603812557044,-0.009402349562231543,179,0.009772254250325501
4439,0.013274590921151807,0.006688094044588183,181,-0.006586496876563624
4440,0.016763068351882512,0.007857066046936985,181,-0.008906002304945527
4441,0.015036741820691249,0.007421174313746624,179,-0.0076155675069446245
4442,0.005168625885550395,0.002497358281230155,181,-0.00267126760432024
4443,-0.002903073283222062,-0.0011993050063598674,183,0.0017037682768621947
4444,0.01941255039543651,0.011278068695154634,187,-0.008134481700281877
4445,-0.005742070759137914,-0.004599745344664257,188,0.0011423254144736572
4446,0.007284958518767076,0.003835875287590897,188,-0.0034490832311761793
4447,0.006527312774798126,0.00341639983927822,188,-0.0031109129355199063
4448,0.008081685437874433,0.004381271513772933,189,-0.0037004139241015
4449,-0.0013323144085880282,-0.002638268541044119,194,-0.0013059541324560906
4450,0.00026324784238667076,0.0013345405697979128,195,0.001071292727411242
4451,-0.016023714421382104,-0.008781462181223686,194,0.0072422522401584186
4452,0.008174171762492117,0.004866439226049683,194,-0.0033077325364424346
4453,-0.0019218092992270167,-0.0016242264321103493,196,0.0002975828671166673
4454,-0.004169125542325398,-0.0011784660120653804,197,0.002990659530260018
4455,-0.006579202825632902,-0.0037104543312556208,197,0.002868748494377281
4456,0.0020845250157467653,0.001759861438787909,198,-0.00032466357695885633
4457,0.006314781892957585,0.0037483574444488817,197,-0.002566424448508703
4458,0.01808797400425889,0.008609673311015597,194,-0.009478300693243295
4459,-0.013132201116451055,-0.007582727302472033,189,0.005549473813979022
4460,0.00783054325462482,0.0040060886395227365,187,-0.0038244546151020836
4461,0.010201290284438912,0.00654245670836555,185,-0.003658833576073362
4462,0.009804390243165014,0.006513579511769533,183,-0.0032908107313954806
4463,-0.01063835138135042,-0.005775965236616983,175,0.004862386144733438
4464,0.009691634722533999,0.005631696588263576,165,-0.004059938134270423
4465,-0.014776610732610393,-0.008938315505119187,156,0.005838295227491207
4466,-0.011622840613032849,-0.00758240657048038,155,0.004040434042552469
4467,0.008693737747519028,0.0029855279062623342,147,-0.005708209841256693
4468,-0.0005121379771235059,0.001193518163128393,127,0.001705656140251899
4469,-0.01292797052924834,-0.00661148400160287,100,0.00631648652764547
4470,-0.0008889662184409909,-0.0016059612178444414,72,-0.0007169949994034505
4471,-0.0038629354173438644,0.0006552136544639476,67,0.004518149071807812
4472,0.014665303256663723,0.00813634431340672,65,-0.006528958943257003
4473,-0.008761750097747989,-0.007286268146199421,60,0.001475481951548568
4474,-0.0016078368955215845,-0.0014333493142732834,47,0.0001744875812483011
4475,0.009415597201838943,0.007724476861689408,41,-0.0016911203401495344
4476,0.009197039787164282,0.007783636786385402,43,-0.0014134030007788801
4477,-0.002313010089886396,-0.003012953631942704,43,-0.000699943542056308
4478,-0.005631882561887344,-0.006017707573402869,42,-0.0003858250115155249
4479,0.008193441134175257,0.007148901918357027,43,-0.0010445392158182302
4480,-0.008649457808414925,-0.004491044656300311,44,0.004158413152114613
4481,-0.008631999021454468,-0.008138866520726566,44,0.0004931325007279021
4482,0.00737443028103244,0.0068889819343413376,44,-0.00048544834669110234
4483,-0.007974435733744758,-0.00963248317017134,45,-0.0016580474364265817
4484,0.005972124083036124,0.006005492333097692,44,3.336825006156844e-05
4485,-0.015872187600525306,-0.01501830634071575,42,0.0008538812598095566
4486,-0.010507041113573453,-0.009084353913263387,46,0.001422687200310066
4487,0.015627145181082016,0.01451671920735247,54,-0.0011104259737295466
4488,0.007769651097526776,0.00162021607290298,72,-0.006149435024623796
4489,0.019574550270325224,0.010507409993185227,77,-0.009067140277139996
4490,-0.0007084697611084126,-0.00029592594576800373,81,0.0004125438153404089
4491,0.013177658709762018,0.009358805251195104,97,-0.003818853458566914
4492,-0.004332570024527356,-0.0017599159550295267,128,0.002572654069497829
4493,0.006484727665490504,0.0015195098340618578,157,-0.004965217831428646
4494,0.0014436879769298735,0.0005590573727849157,192,-0.0008846306041449578
4495,0.0034580825970946475,0.0022693311209386704,201,-0.001188751476155977
4496,-0.012423174055890388,-0.0054592648782068025,214,0.006963909177683586
4497,0.009949390693769001,0.006031758619515312,231,-0.003917632074253689
4498,0.002354992355733476,0.0004906600755239156,244,-0.0018643322802095602
4499,-0.005735804675684931,-0.0033137875280612188,248,0.0024220171476237126
4500,0.003061949486313867,0.0024132171980915016,251,-0.0006487322882223652
4501,-0.010705480750662572,-0.005437017430613383,255,0.005268463320049189
4502,-0.014073003365380093,-0.007892367304766133,255,0.00618063606061396
4503,-0.006256994749530458,-0.003015156312909779,260,0.0032418384366206788
4504,-0.008538680370592881,-0.004117768846857175,259,0.004420911523735706
4505,-0.007641924332198874,-0.004186026880230597,260,0.0034558974519682765
4506,0.0011475286142976185,-0.0006460351659244494,264,-0.001793563780222068
4507,-0.009989139248710721,-0.007036332710293668,267,0.0029528065384170537
4508,-0.01487257000280119,-0.008853986645596635,266,0.006018583357204555
4509,0.0028554826324594927,0.0021176584267020185,266,-0.0007378242057574742
4510,-0.019621256642930608,-0.010156285419759272,267,0.009464971223171336
4511,0.010705732662558197,0.0069062006775409655,271,-0.003799531985017231
4512,-0.01838716506834332,-0.010467745763560342,274,0.007919419304782979
4513,0.004618028834266172,0.0012967543420626532,273,-0.003321274492203519
4514,0.01733310192699648,0.010304819289946891,273,-0.007028282637049589
4515,0.005513195844695502,0.003126330792091713,275,-0.002386865052603789
4516,-0.015817776691129555,-0.007945170329278663,279,0.007872606361850892
4517,-0.015574608592925681,-0.008601155298027652,279,0.006973453294898029
4518,-0.013182846803682336,-0.008270770689345645,283,0.004912076114336691
4519,-0.005456330122246757,-0.003116071136991916,280,0.002340258985254841
4520,0.0038709158441357664,0.0028497826230182623,279,-0.001021133221117504
4521,-0.020398788767201505,-0.01216449036704437,280,0.008234298400157134
4522,0.02795545259073041,0.01491226359175013,279,-0.013043188998980281
4523,-0.002249323052276879,-0.0006937844401344458,277,0.0015555386121424333
4524,0.012220883765126981,0.005295795434407081,274,-0.0069250883307199
4525,0.001011018445828418,0.0015684077755691841,277,0.0005573893297407661
4526,0.00581070436965095,0.0023724066735748115,273,-0.003438297696076139
4527,-0.005275446646148859,-0.0012744036061136145,265,0.004001043040035244
4528,-0.011139934035649205,-0.005755578134464643,245,0.005384355901184561
4529,-0.0032622323556337437,-0.0011473589073403337,235,0.00211487344829341
4530,0.007333815247322933,0.0016581186174930713,229,-0.005675696629829861
4531,-0.0026217833483689465,-0.0004425718550113409,213,0.0021792114933576055
4532,0.006104638805436799,0.0006709698323594779,182,-0.005433668973077321
4533,-0.013616072736012721,-0.0045695085268378744,151,0.009046564209174848
4534,-0.028191223202299446,-0.012539846353441174,115,0.01565137684885827
4535,-0.0031850605027810416,-0.0013072196444050995,106,0.0018778408583759421
4536,-0.012429212022220143,-0.006226709282662867,94,0.006202502739557276
4537,-0.008290947816070827,0.0006446691391322021,80,0.00893561695520303
4538,0.007019039317254807,0.0008653203439215079,82,-0.006153718973333299
4539,-0.0132576326151653,-0.0034295797930405884,83,0.009828052822124712
4540,-0.011589705764313075,-0.0053667640067896465,80,0.006222941757523429
4541,-0.005112764925790284,-0.0016703280890060191,77,0.0034424368367842652
4542,-0.015748978576773497,-0.005480228534161419,76,0.010268750042612077
4543,-0.007893921873562835,-0.0008630473545362503,71,0.007030874519026584
4544,-0.013829103018986214,-0.0050846571243405095,70,0.008744445894645705
4545,-0.0022303062652457304,0.0009528453696952745,69,0.0031831516349410047
4546,0.027282611765284966,0.009890172853633456,64,-0.017392438911651507
4547,-0.00608254810224457,-0.0030787345248701986,61,0.003003813577374371
4548,-0.01336402754375734,-0.006794328326492908,66,0.006569699217264432
4549,-0.020120987822409737,-0.009827920407325564,69,0.010293067415084173
4550,0.0011331044374062568,0.00034532610339022305,72,-0.0007877783340160338
4551,0.022658530104661605,0.009434635614768195,72,-0.01322389448989341
4552,0.0041954501139063825,0.0018977117936114327,69,-0.00229773832029495
4553,-0.018078807785590508,-0.008525690954911663,69,0.009553116830678846
4554,-0.0014365142807206243,0.0008476346697941554,70,0.0022841489505147795
4555,0.003813145570565641,0.0026473765535519373,79,-0.001165769017013704
4556,0.009961483066910057,0.007356010871195158,80,-0.0026054721957148993
4557,0.016257970711225995,0.007030570558726779,81,-0.009227400152499215
4558,0.0098670272034589,0.0019057203796796066,87,-0.007961306823779293
4559,-0.0014886905589566518,-0.000995529230710309,95,0.0004931613282463429
4560,0.0027044972807030556,-0.00020337563734771253,105,-0.002907872918050768
4561,-0.002140645894500886,-0.0005042317368502328,110,0.0016364141576506535
4562,0.017071513297964434,0.006070877699664693,111,-0.011000635598299741
4563,0.0017839873056599495,0.001265728527578084,115,-0.0005182587780818656
4564,-0.006277638048008462,-0.0020147048439795663,121,0.004262933204028896
4565,-0.007285196336726124,-0.0024024164986381066,125,0.004882779838088018
4566,-0.00872065289979045,-0.004888886048074337,133,0.003831766851716112
4567,0.0015635135039768007,0.002417919266254287,136,0.0008544057622774863
4568,0.021746511257387857,0.006657033446931549,148,-0.015089477810456308
4569,-0.0008858403713715591,-0.002773426303497814,179,-0.0018875859321262549
4570,0.01072828029147445,0.006333019602574073,197,-0.0043952606889003775
4571,-0.0016437975936209144,-0.0023562057484980336,200,-0.0007124081548771193
4572,0.0005676259203270925,0.000104414944529739,218,-0.00046321097579735354
4573,-0.0151719782850538,-0.008441001894918672,228,0.006730976390135127
4574,-0.015530704088191323,-0.008488291913642445,234,0.0070424121745488785
4575,-0.0009913826414140595,-0.0024162089557094734,238,-0.0014248263142954138
4576,0.01456476982305198,0.007804984333157078,239,-0.006759785489894902
4577,0.012298139382205756,0.006188357954479132,240,-0.006109781427726624
4578,-0.0006580390583232605,0.0003451003108921019,231,0.0010031393692153624
4579,-0.012677418775324528,-0.008558111802454681,234,0.004119306972869847
4580,-0.02751217493086775,-0.01702260904967302,238,0.010489565881194731
4581,-0.0014831098057981212,-0.0021656289381665824,237,-0.0006825191323684612
4582,0.0245796537855269,0.015724818858851998,237,-0.008854834926674902
4583,0.019551393603703292,0.014382725360905494,242,-0.005168668242797799
4584,0.007974662391028578,0.00632643972011963,245,-0.0016482226709089477
4585,-0.01034269095090538,-0.006806969798701252,246,0.003535721152204128
4586,0.008145004416312175,0.005414199266419812,245,-0.0027308051498923626
4587,-0.0019176771162425826,-0.0006132525823122378,247,0.0013044245339303448
4588,-0.003109680118729914,-0.0014901671814209596,245,0.0016195129373089544
4589,-0.016075433844055548,-0.01000526960815901,244,0.006070164235896538
4590,-0.004154911918510688,-0.0041291909530948205,241,2.5720965415867818e-05
4591,0.019852577800710987,0.012187005104014437,237,-0.00766557269669655
4592,-0.014661144340765157,-0.009630355017689612,242,0.0050307893230755445
4593,0.003898904441548695,0.003451531263799434,240,-0.0004473731777492611
4594,0.010291388601550473,0.008913737848112644,240,-0.0013776507534378288
4595,0.004750489595034226,0.002831329133124863,232,-0.0019191604619093628
4596,-0.019310122158392694,-0.013533572055191664,224,0.005776550103201029
4597,-0.010263682792711613,-0.0054367996318039225,222,0.0048268831609076905
4598,-0.0067652125980454825,-0.0041794323572170704,212,0.002585780240828412
4599,-0.011808670457554895,-0.008411450939573722,206,0.0033972195179811735
4600,0.003975735110323469,0.001509819656468532,198,-0.002465915453854937
4601,0.004124529249829779,0.004408952261339097,193,0.0002844230115093176
4602,0.016555077300778563,0.010698799597066178,191,-0.005856277703712385
4603,-0.006084316992707429,-0.00390825379666463,186,0.002176063196042799
4604,-0.020855010976384782,-0.013652139725934563,180,0.007202871250450219
4605,0.008566994579601037,0.005398911027178709,173,-0.003168083552422328
4606,-0.005819713325436426,-0.0036711868741340433,166,0.0021485264513023826
4607,-0.02569015009151157,-0.019648656839167257,169,0.006041493252344314
4608,0.0012396217213414143,-6.443330389156398e-05,158,-0.0013040550252329784
4609,0.009857452327144644,0.006497566429048601,128,-0.003359885898096043
4610,-0.017698269425712586,-0.006904029915923249,110,0.010794239509789336
4611,-0.0034203973210971427,-0.0012973251423388193,111,0.0021230721787583234
4612,-0.0058343273615528496,-0.0021668020943827106,98,0.003667525267170139
4613,0.006585032781407068,0.0033402007186237466,101,-0.003244832062783321
4614,0.011763770129776533,0.004831153532920328,106,-0.006932616596856205
4615,0.0031387095546200673,5.134184186373978e-05,103,-0.0030873677127563276
4616,-0.0009271196418140819,7.617648345626967e-05,118,0.0010032961252703517
4617,-0.009246482830748878,-0.004597728637161926,128,0.004648754193586952
4618,-0.01793445044069538,-0.009212410219523539,146,0.008722040221171842
4619,-0.022516520268378668,-0.012390353323464632,152,0.010126166944914037
4620,-0.009277650163100434,-0.004473936324105738,151,0.004803713838994696
4621,-0.01950375407235631,-0.006318344753948294,177,0.013185409318408017
4622,0.02289084849739327,0.007246405997760011,189,-0.01564444249963326
4623,0.0304711842364369,0.010065684218626293,203,-0.020405500017810607
4624,-0.00311950260240797,0.0010123836022563003,213,0.00413188620466427
4625,0.016566638259601873,0.006883860991563703,215,-0.00968277726803817
4626,0.002493809662116376,0.0037773681417258846,219,0.0012835584796095085
4627,0.012400798862625476,0.006205830600696954,219,-0.006194968261928522
4628,-0.0031212410538669923,-0.0004683596801871741,219,0.002652881373679818
4629,-0.013176405535500244,-0.007617402479978069,219,0.005559003055522174
4630,-0.023083352966658005,-0.012425812940333424,218,0.010657540026324581
4631,0.01432928150467192,0.006415549556558677,220,-0.007913731948113243
4632,0.008233611947776607,0.00470329407942052,220,-0.0035303178683560874
4633,0.010563545823264088,0.004735534574591678,229,-0.00582801124867241
4634,-0.008853416084022353,-0.006362213218481408,234,0.002491202865540945
4635,-0.002593679705073296,-0.0013461200819478228,231,0.0012475596231254732
4636,0.017600275784436972,0.01101822797139091,233,-0.006582047813046062
4637,0.008818168997569042,0.005781118893896386,243,-0.0030370501036726567
4638,-0.005506785667704692,-0.006574589628466072,246,-0.0010678039607613802
4639,0.007156748464074195,0.0013605181887996211,244,-0.005796230275274573
4640,0.0033903108364124602,0.0033980196241400838,244,7.708787727623515e-06
4641,-0.003826497395077268,-0.0022777853528430907,243,0.0015487120422341774
4642,-0.010152626065345966,-0.004729312588014832,245,0.005423313477331134
4643,-0.02240729519887435,-0.015612539506790698,245,0.006794755692083654
4644,0.005366094572238718,0.003589348874374825,245,-0.0017767456978638931
4645,0.009296272617476065,0.00643107299398955,247,-0.0028651996234865147
4646,-0.01800620744784449,-0.010332031322489582,246,0.007674176125354908
4647,0.02944833368488914,0.01673086284771054,240,-0.012717470837178599
4648,-0.007372065993730627,-0.004451412145076655,239,0.0029206538486539722
4649,0.0015016321813961582,-0.0008006610908384701,238,-0.0023022932722346285
4650,0.015129562685529861,0.0069243344057344025,239,-0.00820522827979546
4651,-0.007771498640772501,-0.0060715993739282,237,0.0016998992668443014
4652,0.003561751924795752,0.002241334201556393,235,-0.001320417723239359
4653,-0.008742033239613868,-0.004744267411862235,221,0.003997765827751633
4654,-0.015745634208102807,-0.010113794493990047,210,0.00563183971411276
4655,-0.0003999014071371852,0.0009269582740211961,210,0.0013268596811583813
4656,0.002875253377783779,0.0014471228568142802,195,-0.0014281305209694988
4657,0.03025375586946344,0.017937896457542,182,-0.01231585941192144
4658,-0.006327437652966902,-0.001954137451663036,158,0.004373300201303866
4659,0.020775150616547302,0.015250067427569958,144,-0.005525083188977344
4660,0.003721806703834061,0.0023731484118740672,141,-0.001348658291959994
4661,-0.016929984774881453,-0.013307974671157895,118,0.0036220101037235577
4662,0.007236368649654106,0.004575335676468467,106,-0.0026610329731856387
4663,0.010004519712662308,0.004133135832649526,87,-0.005871383880012781
4664,-0.009723794664927626,-0.006763522838539628,74,0.0029602718263879984
4665,0.00454079109357622,0.0019288191143161124,71,-0.002611971979260108
4666,0.01331435418679067,0.008900701839862636,68,-0.004413652346928034
4667,0.004017137395229312,0.0011882325237860712,66,-0.0028289048714432406
4668,0.018790200357350108,0.012237450139846385,64,-0.006552750217503723
4669,-0.005954135425232437,-0.0037900552770066542,62,0.002164080148225783
4670,-0.015490919385541096,-0.009782561789738225,63,0.005708357595802871
4671,-0.003398258826196639,-0.0025947766611098895,66,0.0008034821650867493
4672,-0.010373435648822931,-0.004572113058400619,61,0.005801322590422313
4673,0.002341920815408302,0.0009927137594017007,55,-0.0013492070560066013
4674,0.005350862333396277,0.00015761065877978526,54,-0.005193251674616492
4675,0.0004727887868837031,-0.0009419150758909285,66,-0.0014147038627746315
4676,0.008605764863043368,0.00778962300846329,71,-0.000816141854580078
4677,0.007996267184464983,0.0005278364187936111,62,-0.007468430765671372
4678,0.0030835041086188916,-0.0023820205948538787,76,-0.005465524703472771
4679,0.0069507771651329394,0.00047602542117854645,94,-0.006474751743954393
4680,0.015697042147233053,0.00575268664686435,121,-0.009944355500368703
4681,0.010516907215933869,0.0031816238430810123,166,-0.007335283372852856
4682,-0.015002835048638861,-0.007800743451402538,169,0.007202091597236323
4683,0.014832926515719661,0.008946656059681547,183,-0.005886270456038114
4684,-0.009571125965493432,-0.0073323985918247615,207,0.00223872737366867
4685,0.012786154592581806,0.007752160496327167,215,-0.005033994096254639
4686,-0.0014125267106495556,-0.0005537345316388536,223,0.000858792179010702
4687,-0.008630866779453048,-0.00708680877655031,226,0.001544058002902738
4688,-0.018242806554822306,-0.013127508934196268,232,0.005115297620626038
4689,-0.0024820856422755415,-9.198192262478796e-05,232,0.0023901037196507537
4690,-0.01923450532183965,-0.012819814255676402,232,0.006414691066163249
4691,-0.004309725256348285,-0.002973020797881192,232,0.001336704458467093
4692,0.010586791163534197,0.009739753232285514,229,-0.0008470379312486825
4693,0.016149006642564752,0.011987855452467971,230,-0.00416115119009678
4694,-0.00069791099972391,-0.0015588435555159883,230,-0.0008609325557920783
4695,-0.005687285547838821,-0.005222202371343196,234,0.00046508317649562435
4696,-0.003796763417826426,-0.0024452262610545512,231,0.0013515371567718749
4697,-0.004419090582996922,-0.003955134375101569,230,0.00046395620789535345
4698,0.0102470555836443,0.00784063803518359,231,-0.00240641754846071
4699,-0.011150494746907475,-0.009203305983476824,233,0.001947188763430651
4700,0.0011799106340841204,0.0008643491529354874,234,-0.000315561481148633
4701,-0.00864857519181681,-0.0067163860120590625,233,0.0019321891797577468
4702,0.014049166896999438,0.011327632751737137,233,-0.0027215341452623016
4703,0.009076600376378067,0.00687616286390391,234,-0.0022004375124741564
4704,0.006417032719521211,0.004163052058980164,237,-0.0022539806605410473
4705,0.006722323796191232,0.003610197656998451,239,-0.003112126139192781
4706,-0.0016292222117030297,-0.0007381796103095073,238,0.0008910426013935224
4707,0.008437374984679535,0.007301911835612588,239,-0.001135463149066947
4708,0.003612489677829433,0.004524208208479415,239,0.000911718530649982
4709,-0.020816121635301204,-0.015653637367208074,239,0.0051624842680931295
4710,-0.004236256590843772,-0.003678971432335094,239,0.0005572851585086782
4711,-0.005246121523250697,-0.004583903645027102,234,0.0006622178782235951
4712,-0.0010482969512029784,-0.001077368967226923,233,-2.9072016023944536e-05
4713,-0.02263990862241324,-0.01770057402244249,229,0.00493933459997075
4714,-0.010273069428785312,-0.008476019436431226,224,0.0017970499923540863
4715,-0.006951680733844789,-0.005240940807729593,212,0.001710739926115196
4716,0.020785575927151606,0.01691326873206644,205,-0.003872307195085165
4717,0.022141314381049108,0.014830631627648066,204,-0.007310682753401042
4718,-0.015472531508534152,-0.012465206701655369,187,0.003007324806878783
4719,0.010566221775321561,0.007554573734291067,170,-0.0030116480410304937
4720,-0.0005358143523801563,0.00043683994967109606,141,0.0009726543020512524
4721,0.021638654647996587,0.011453188937453188,97,-0.0101854657105434
4722,-0.005528030352044229,-0.004040491040529269,92,0.0014875393115149592
4723,0.004945882670724325,0.004112423566788938,78,-0.0008334591039353863
4724,-0.014465981739532537,-0.008327079421151197,55,0.00613890231838134
4725,-0.01734149262891021,-0.013876981387067383,47,0.0034645112418428253
4726,-0.005380138007040835,-0.0002954522186215662,39,0.005084685788419269
4727,-0.0067519270000752285,-0.0011490248347871396,39,0.005602902165288089
4728,-0.01736183647142281,-0.013502507886029,33,0.0038593285853938085
4729,-0.008680494511330988,-0.0038920249503831567,33,0.004788469560947832
4730,0.016770749848486838,0.011945660072758262,32,-0.004825089775728576
4731,0.011763074954401893,0.008072759605345686,31,-0.003690315349056207
4732,-0.012302682941974953,-0.004561948181267919,31,0.007740734760707035
4733,0.007194593647218708,0.006845440657172654,32,-0.00034915299004605396
4734,-0.010919923030536124,-0.009344910425442395,36,0.0015750126050937292
4735,-0.005477915985867151,-0.0018500426942401145,33,0.003627873291627036
4736,0.024531344508307712,0.016900717790991792,33,-0.00763062671731592
4737,0.006074848773413051,0.0027716982038571802,41,-0.003303150569555871
4738,0.0011892710885277962,-1.9128460220713332e-05,54,-0.0012083995487485095
4739,-0.00575343446802886,-0.0039988755868292925,68,0.0017545588811995671
4740,0.009956338347484193,0.0036429104950028504,80,-0.006313427852481342
4741,0.008195307129107147,0.003394580738254905,79,-0.004800726390852243
4742,-0.002694443696535108,-0.0007462012251310934,90,0.0019482424714040148
4743,0.013228393621824024,0.0059564624503195525,102,-0.007271931171504472
4744,-0.0053117719971158914,-0.0038250241525992464,136,0.001486747844516645
4745,0.0013351165539155524,-0.001907526989312134,160,-0.0032426435432276867
4746,-0.000664247027100766,0.00011344150137803668,164,0.0007776885284788027
4747,-0.006583720473346339,-0.004963662894717036,181,0.0016200575786293027
4748,0.017372030552782816,0.001639061073242436,199,-0.01573296947954038
4749,0.010746742536458943,0.004338925569976366,228,-0.006407816966482577
4750,-0.007846552293107724,-0.005120723905613178,236,0.0027258283874945456
4751,0.011881748122819223,0.00842532447322608,238,-0.0034564236495931433
4752,-0.015045895506611225,-0.012312053910684552,244,0.0027338415959266733
4753,-0.0053062279513278465,-0.005308820486502776,244,-2.5925351749295916e-06
4754,-0.00796584616015175,-0.0076949002829899416,247,0.00027094587716180833
4755,-0.004304750571246581,-0.003353572606792482,250,0.0009511779644540987
4756,-0.0017985176029942877,-0.0016730510503610793,250,0.00012546655263320837
4757,0.002605850231252932,0.0017830250568281992,255,-0.0008228251744247328
4758,0.0025572721223125878,0.00264017592774345,255,8.290380543086225e-05
4759,-0.003004900748895614,-0.0034607910663707136,254,-0.0004558903174750996
4760,0.0034905017717989824,0.0037702120599773536,254,0.0002797102881783712
4761,0.005796275283824334,0.004269676203222709,255,-0.0015265990806016252
4762,0.004590425831617009,0.0036950000734720725,259,-0.0008954257581449366
4763,0.008152176562576477,0.00723883417268332,263,-0.000913342389893157
4764,-0.00872660342971055,-0.007095873134892413,264,0.0016307302948181364
4765,-0.00391610272677899,-0.0027711218599100144,262,0.0011449808668689753
4766,-0.002019409425875776,-0.0018167811775006548,265,0.0002026282483751211
4767,0.005696017991911663,0.003582971204261244,264,-0.002113046787650419
4768,-0.008543320958735947,-0.007346374738597345,267,0.0011969462201386017
4769,-0.0030871028232297925,-0.0023340581498074928,271,0.0007530446734222997
4770,0.004218610836511748,0.002847436675566687,273,-0.0013711741609450613
4771,0.0049151642878954155,0.0033618943692453056,273,-0.00155326991865011
4772,-0.005205456417261514,-0.004151447746210238,274,0.0010540086710512766
4773,0.010396372747996365,0.0073980448491219744,273,-0.002998327898874391
4774,-0.011881981256295377,-0.007797604719827658,269,0.004084376536467719
4775,0.0050904308664840485,0.0035564664446433867,267,-0.0015339644218406619
4776,0.0013516677276193718,0.0008833398929311225,267,-0.00046832783468824934
4777,-0.002300383486111814,-0.0015390544297798326,259,0.0007613290563319814
4778,-0.008795853259004524,-0.005642265591845799,246,0.0031535876671587243
4779,-0.012078362708710703,-0.008784965685093307,230,0.0032933970236173962
4780,0.0005222443842302845,0.0005045349432986114,217,-1.7709440931673094e-05
4781,0.017897687378403165,0.014795346833261015,216,-0.0031023405451421505
4782,0.005026622145597336,0.0038262883300461373,206,-0.0012003338155511987
4783,-0.0021349861477400994,-0.00047152228592854266,192,0.0016634638618115568
4784,0.012744236998510778,0.012259608258465018,155,-0.0004846287400457599
4785,-0.00818686444903007,-0.005009410100370221,129,0.003177454348659849
4786,-0.005253681098004085,-0.004970688152660264,127,0.0002829929453438216
4787,0.009501611826824862,0.004407149411969489,110,-0.005094462414855373
4788,0.00575531372837367,0.005070445435331183,102,-0.0006848682930424869
4789,0.0036434682118946207,0.0020958224452155456,76,-0.001547645766679075
4790,0.007356117172750304,0.0026465672199863658,67,-0.004709549952763938
4791,0.004180243544562033,0.0035902155483939994,65,-0.0005900279961680334
4792,0.0070998117927941525,0.00587207734868909,59,-0.001227734444105063
4793,-0.002460086880990845,-0.0029452022352860763,60,-0.0004851153542952311
4794,-0.012247939648286,-0.005769233932166304,58,0.006478705716119697
4795,0.008709708231816915,0.007068907246972493,55,-0.0016408009848444217
4796,0.018349873423156932,0.009225399537864389,57,-0.009124473885292543
4797,-0.013773055569909246,-0.011617194463029605,52,0.002155861106879641
4798,0.0017757281594958396,0.0023192310893341197,52,0.0005435029298382801
4799,-0.004866954229064334,0.0008961762563012724,56,0.005763130485365606
4800,0.013209226396531378,0.009779074801810207,61,-0.003430151594721171
4801,-0.007417469089114132,-0.005727271502185764,63,0.001690197586928368
4802,0.011746035069106495,0.005856988719207708,61,-0.005889046349898787
4803,0.008872795979363319,0.007475972409829474,62,-0.0013968235695338447
4804,0.012475361880060376,0.00780498764133625,71,-0.004670374238724126
4805,-0.0023435775798187944,-0.00012855562043177603,85,0.0022150219593870184
4806,-0.008153809965923459,-0.005565069935727433,85,0.002588740030196026
4807,-0.004124238157568884,-0.0005064167929262673,84,0.0036178213646426167
4808,-0.008233528781196101,-0.004956589277128028,86,0.0032769395040680733
4809,-0.009607262549241812,-0.0046932247044329314,90,0.00491403784480888
4810,-0.011073937693014993,-0.005987137081626083,99,0.005086800611388911
4811,0.005780405870006094,0.0036154599504623687,102,-0.002164945919543725
4812,0.006062622930492136,0.00460236622469851,102,-0.0014602567057936259
4813,0.017339244800343278,0.00731184952667397,107,-0.010027395273669307
4814,-0.0015268942805439598,-0.0004962352455810187,117,0.0010306590349629411
4815,-0.004869035516165638,-0.0040976638166685736,132,0.0007713716994970643
4816,-0.013620960891053696,-0.004590264273512362,143,0.009030696617541334
4817,0.0022887372104107473,0.00111734726335263,144,-0.0011713899470581174
4818,-0.0025070223385408544,-0.0006970047122763512,153,0.0018100176262645033
4819,-0.002346827771379253,-0.001113761682962873,176,0.0012330660884163802
4820,-0.0011459439956156426,-0.0003161228940298279,191,0.0008298211015858147
4821,0.0056506377239504,0.004326196289847496,193,-0.0013244414341029038
4822,0.006206785822008952,0.0036777162426572503,211,-0.0025290695793517013
4823,0.0010175497661062836,0.0015951910897143793,232,0.0005776413236080957
4824,0.0025106992710378345,0.0013993676756431182,241,-0.0011113315953947163
4825,-0.018963708244448194,-0.009827865674954589,245,0.009135842569493605
4826,0.00907254845652725,0.004585624601159209,244,-0.004486923855368041
4827,-0.0006678101322783592,0.00021910964189022684,249,0.000886919774168586
4828,-0.012331979898266654,-0.006676191725356061,242,0.005655788172910592
4829,-0.01851187717631717,-0.009899153169609317,242,0.008612724006707852
4830,-0.012131072305409888,-0.008574482908921469,243,0.003556589396488419
4831,0.0038815939158322256,0.003850144449061883,244,-3.1449466770342663e-05
4832,-0.0071990970648671635,-0.00438218971986655,246,0.0028169073450006136
4833,-0.000787893576500095,0.00045363743694841734,246,0.0012415310134485124
4834,-0.008085674342344206,-0.0024191747275843665,253,0.00566649961475984
4835,-0.004252496416814916,-0.0009700656334387909,255,0.0032824307833761246
4836,0.012926933770967684,0.0054898277193396626,253,-0.007437106051628021
4837,-0.0072353254580162655,-0.0006542941218308291,253,0.0065810313361854365
4838,-0.0015763783911950247,0.00014805789328132485,255,0.0017244362844763496
4839,-0.0034279643073148393,-0.0014656791611620534,252,0.001962285146152786
4840,0.008098189402012661,0.004798077061578776,247,-0.003300112340433885
4841,0.0011694002175138038,0.0026203658692949554,243,0.0014509656517811516
4842,0.0002609553496565404,-0.0009353995567230373,245,-0.0011963549063795777
4843,-0.003055515479937977,-0.002393919294601042,243,0.000661596185336935
4844,0.011908173445192936,0.001846145690117882,234,-0.010062027755075054
4845,-0.0028738188487101987,-0.0013054323558854815,220,0.0015683864928247172
4846,-0.010163669853916861,-0.004794194154187674,218,0.005369475699729187
4847,-0.014913283698662707,-0.007345015062596066,217,0.007568268636066641
4848,-0.001329913425633681,-0.0016869923158661045,212,-0.0003570788902324236
4849,0.008735476555957395,0.004755173713952209,204,-0.003980302842005187
4850,0.00953494777470142,0.005401184430454095,193,-0.004133763344247325
4851,-0.007466858701021319,-0.002386959713294721,191,0.005079898987726598
4852,0.0015476500922545163,-0.0006233374750813734,191,-0.0021709875673358897
4853,-0.01059319745797132,-0.0028080447808365118,185,0.0077851526771348075
4854,0.0073663557405207695,0.0020899382697067356,176,-0.005276417470814034
4855,-0.001464701371867829,-0.0003019191417797776,163,0.0011627822300880513
4856,0.0026464263177615787,0.00210144341706655,152,-0.0005449829006950288
4857,-0.005010646732320243,8.045085938385155e-05,152,0.005091097591704095
4858,0.00474468099044812,0.001971541405440975,145,-0.0027731395850071447
4859,-0.009103129482452217,-0.004247875567061831,122,0.004855253915390386
4860,-0.014315315989162584,-0.005109241450092526,107,0.009206074539070058
4861,-0.004812893440034344,-0.0038282757715769377,109,0.0009846176684574067
4862,-0.013764768809160778,-0.006595101274130537,97,0.007169667535030242
4863,-0.0026378823159050823,-0.0011234425229180896,83,0.0015144397929869927
4864,0.0027450829753265698,0.0027222851968817514,86,-2.2797778444818336e-05
4865,-0.007054212770805111,0.0003508930638597696,84,0.007405105834664881
4866,0.005665404612332397,0.002797158436633836,89,-0.0028682461756985612
4867,-0.012325368938495286,-0.0045470812267956046,105,0.007778287711699682
4868,0.008186779696669186,0.0005886835779284061,128,-0.00759809611874078
4869,-0.0020978581215395833,0.0010629108378142561,152,0.0031607689593538394
4870,0.00427750825319999,0.0010294133578760563,154,-0.0032480948953239335
4871,0.003565021273376665,0.0012417754634978502,175,-0.002323245809878815
4872,-0.00854752579442391,-0.0024541770250141866,200,0.006093348769409724
4873,-0.006372591400151874,-0.0030508700601968326,206,0.0033217213399550412
4874,0.014181249485766139,0.004280972488501546,200,-0.009900276997264593
4875,-0.010554940711123367,-0.005039053239791459,199,0.005515887471331908
4876,0.00885963972023521,0.002100641721928655,201,-0.006758997998306556
4877,0.0003548509489337886,-0.00047837073375257654,202,-0.0008332216826863652
4878,-0.0046131572329708,-0.003968963348473117,204,0.0006441938844976829
4879,0.015468659338147834,0.00856429716738979,204,-0.006904362170758044
4880,0.0017569603970231757,0.0008223821349127956,205,-0.0009345782621103801
4881,-0.005864540750498104,-0.002415812548213221,205,0.003448728202284883
4882,-0.020496319199132574,-0.011638315146534411,201,0.008858004052598163
4883,-0.0017004670652315192,-0.00030234371928583906,204,0.0013981233459456801
4884,-0.0002164453606516658,0.0023355794062016664,205,0.002552024766853332
4885,0.0006736045177167183,0.0013906901351658017,205,0.0007170856174490834
4886,0.004643097509090462,0.004732104179129687,204,8.90066700392246e-05
4887,0.016721557318412742,0.00804984419609062,209,-0.008671713122322122
4888,-0.0031141102267752342,-0.0021884370322220194,213,0.0009256731945532148
4889,0.02144015352782739,0.011942830161615868,213,-0.009497323366211521
4890,0.010577824931521396,0.004369959285448732,217,-0.006207865646072664
4891,-0.0023425744695938816,0.001735550845648587,218,0.004078125315242469
4892,-0.009872085642729582,-0.006259238179449458,218,0.003612847463280124
4893,0.0012660446288009282,0.00035510963873393113,219,-0.0009109349900669971
4894,0.00810922601402934,0.003559926516686369,218,-0.004549299497342972
4895,-0.010622966332501907,-0.0047503246636948614,217,0.005872641668807046
4896,-0.003770591358320749,-0.0016237890201731598,217,0.0021468023381475895
4897,-0.0015784725441210002,-0.0001287946989820547,215,0.0014496778451389455
4898,0.004916861863944964,0.0024752389851506696,212,-0.0024416228787942943
4899,-0.0009658686319968178,-0.001435208051934469,212,-0.0004693394199376512
4900,-0.008689559569312806,-0.00502882062079907,213,0.0036607389485137365
4901,-0.008369774908124955,-0.005367692057690041,209,0.003002082850434914
4902,-0.0007459525519159529,-0.00016781949683230125,205,0.0005781330550836516
4903,0.008668992456596237,0.006233174474447007,198,-0.00243581798214923
4904,0.011956047519647883,0.007064443965972962,186,-0.004891603553674921
4905,-0.0033318677693923017,-0.003591518625584958,185,-0.00025965085619265643
4906,-0.006174881818843835,-0.003001807979354294,181,0.003173073839489541
4907,0.0038663163373490322,0.004163100585231839,159,0.00029678424788280675
4908,-0.008617351224807012,-0.0037032254681712007,132,0.004914125756635811
4909,-0.01306804093466045,-0.008926667738802047,106,0.004141373195858403
4910,0.01287455866820836,0.008451768095406835,104,-0.004422790572801524
4911,0.022376070364905673,0.01672694614116396,83,-0.0056491242237417146
4912,0.006553785057271712,0.0021177355508038087,56,-0.004436049506467903
4913,-0.0031352041040254796,-0.0005125769159664917,50,0.002622627188058988
4914,0.0008205919750975127,0.00377516201802312,49,0.0029545700429256076
4915,-0.014599810172867413,-0.0113059910495327,48,0.003293819123334712
4916,0.0047835750630280715,0.003018632978873822,47,-0.0017649420841542494
4917,0.003256724713935537,0.000877834951892893,46,-0.0023788897620426437
4918,-0.0009998708367486531,-0.00018164879647285603,43,0.0008182220402757971
4919,-0.017326782167782124,-0.010566399478763134,45,0.00676038268901899
4920,-0.006464183726372311,-0.0030404650625472755,45,0.003423718663825036
4921,-0.0026306849691806666,-0.00011277587149106446,49,0.002517909097689602
4922,-0.0035186527338033173,0.00017616306873980992,49,0.003694815802543127
4923,0.016043615279566808,0.008138681163407976,46,-0.007904934116158831
4924,-0.009610955402432338,-0.0067250647815121425,51,0.002885890620920196
4925,0.0038272372223024857,0.002572218978155867,62,-0.0012550182441466188
4926,0.009147425293529514,0.0026356186053607886,69,-0.006511806688168725
4927,-0.0014289568293677556,-0.002028049369166627,67,-0.0005990925397988715
4928,-0.00215402017752708,-0.00368768212936457,70,-0.0015336619518374903
4929,-0.002797947536937336,-0.0025283652323065293,79,0.00026958230463080667
4930,-0.006955068199573764,-0.0024657759189577167,105,0.004489292280616047
4931,-0.011420666041240661,-0.0017806291126492377,125,0.009640036928591424
4932,0.004511474083579246,0.0007631861467086791,126,-0.0037482879368705667
4933,-0.009475402706477808,-0.00436239043978704,139,0.005113012266690768
4934,-0.0031309703554139325,0.002203488793487199,156,0.005334459148901132
4935,0.0032396880610131864,-0.0001855376243346342,169,-0.0034252256853478207
4936,-0.004130313306391381,-0.002242859571512964,174,0.001887453734878417
4937,0.0004899828056020976,-0.0036688121085998804,175,-0.004158794914201978
4938,-0.01204603176342025,-0.005494271093497196,176,0.006551760669923053
4939,-0.0124825197069305,-0.0055349108150389926,177,0.006947608891891507
4940,0.0020282212654602586,0.0023754334261889246,177,0.000347212160728666
4941,-0.0027797998521730686,0.00033164727757438456,177,0.003111447129747453
4942,0.0008973637227916303,-8.278939179713176e-05,176,-0.0009801531145887622
4943,0.0031142184801691212,0.003540466129348529,177,0.00042624764917940797
4944,-0.008471139436940172,-0.0033307237102110313,178,0.005140415726729141
4945,-0.0013614515148600533,-0.001674540385011278,180,-0.0003130888701512247
4946,0.0025264318787898664,0.000993403161111539,181,-0.0015330287176783274
4947,0.0038674928721448994,0.0019520515968489056,181,-0.0019154412752959938
4948,0.005859729832531733,0.00432658451886481,181,-0.0015331453136669228
4949,0.0005834205961356131,-0.0007748210396212873,180,-0.0013582416357569003
4950,0.005214716350257635,0.0041203097450475835,183,-0.0010944066052100514
4951,-0.013625662989702884,-0.0070748834817324704,186,0.006550779507970414
4952,-0.0009570733759766142,-0.00019219073900849105,187,0.0007648826369681231
4953,-0.00883932039482487,-0.0030945933476092687,188,0.005744727047215601
4954,-0.0060534584496971765,-0.003340234375646607,190,0.0027132240740505697
4955,0.0002064243607042323,-0.0023832132443871233,192,-0.0025896376050913556
4956,-0.0032978834107488136,-0.0009981214279579937,191,0.00229976198279082
4957,-0.013892499009901508,-0.00772270497342457,192,0.006169794036476938
4958,0.0040345606426206325,0.0008107552697042985,191,-0.003223805372916334
4959,0.002576942942735922,0.002703308164397962,188,0.0001263652216620401
4960,-0.010325852453558394,-0.0022850471561363626,187,0.008040805297422031
4961,0.0005921471253758075,-4.538933249911791e-05,183,-0.0006375364578749254
4962,0.0008359016694329755,0.0019964450749257743,183,0.0011605434054927986
4963,-0.0032637002918511127,-0.0018407634922473258,180,0.001422936799603787
4964,-0.0006988083139566647,0.00018289620437747641,172,0.0008817045183341411
4965,-0.00030651343738221016,0.0014498720354808377,161,0.0017563854728630478
4966,0.0009165511652799816,-0.00045329004374802914,154,-0.0013698412090280107
4967,0.013398763555894571,0.00639411381934893,151,-0.007004649736545641
4968,0.00418633660972106,0.0009703985827592634,145,-0.0032159380269617963
4969,0.0017313797239635331,0.0018528945540665423,137,0.0001215148301030092
4970,-0.013638246350405536,-0.005788908365599523,107,0.007849337984806012
4971,-0.013677587934646594,-0.009526823758576409,84,0.004150764176070186
4972,0.003068899281017467,0.0028882762150445555,82,-0.00018062306597291158
4973,-0.007116904947648613,-0.002817505408512826,68,0.004299399539135787
4974,0.00237645502789563,0.0041410069678976535,51,0.0017645519400020238
4975,-0.0002953034489429374,0.001137522521755249,37,0.0014328259706981863
4976,0.008874607600007058,0.0034638085028654703,32,-0.005410799097141587
4977,0.00265043473977627,0.004072307396996442,31,0.0014218726572201718
4978,-0.018244238150502478,-0.011626614850727576,30,0.006617623299774902
4979,-0.009265135540224168,-0.00969086739114802,29,-0.0004257318509238526
4980,0.010704984963079712,0.006807546395294955,29,-0.003897438567784757
4981,0.01574857050817535,0.011238923697647448,29,-0.004509646810527901
4982,-0.0044650402088911925,-0.004525025071554121,29,-5.9984862662928844e-05
4983,-0.005949019482315524,-0.0039051654424146123,29,0.002043854039900912
4984,-0.008639362065937618,-0.006085220670225714,30,0.0025541413957119036
4985,-0.005704023653074059,-0.002037370957830252,29,0.0036666526952438072
4986,0.0070239115680408816,0.003626560259654944,26,-0.0033973513083859377
4987,0.0018516926527908997,-0.0053713409140971925,32,-0.007223033566888092
4988,0.01174683127527367,0.005988692046859619,34,-0.0057581392284140505
4989,-0.00269259255445631,-0.0017938597610285152,48,0.0008987327934277948
4990,-0.0027445323675587972,0.00011224302669511658,55,0.002856775394253914
4991,0.005942736303194328,0.0011270877855616205,53,-0.004815648517632707
4992,-0.00045170415388155576,0.0012115644950378337,64,0.0016632686489193894
4993,0.0018705849630226555,0.0006507418381524184,73,-0.0012198431248702372
4994,0.015125601184311556,0.00383990270338654,97,-0.011285698480925015
4995,-0.012312844361144182,-0.006900035556674599,134,0.005412808804469583
4996,-0.0012051480531487116,-0.0023951963888898726,136,-0.001190048335741161
4997,-0.01239973599741254,-0.006293586706469559,157,0.006106149290942981
4998,-0.011154263826959276,-0.004265115820138854,173,0.006889148006820422
4999,-0.007374729634790387,-0.0031119428018327746,190,0.004262786832957612
5000,-7.889058947268414e-05,0.0019562623962844166,194,0.0020351529857571007
5001,0.03232347680438115,0.015229634942459786,194,-0.017093841861921363
5002,0.0037503832403818424,0.0012469203176525012,198,-0.0025034629227293414
5003,-0.013634540491870233,-0.007262714095120653,201,0.00637182639674958
5004,0.014020073144394213,0.008299085198420696,202,-0.005720987945973517
5005,0.0031495567644302834,0.0027755527127295934,204,-0.00037400405170069
5006,-0.010622775240340705,-0.006614779961820263,204,0.004007995278520442
5007,0.005340480940425713,0.003983521458225151,209,-0.001356959482200562
5008,0.006934688177321923,0.0047649849560650655,208,-0.0021697032212568577
5009,0.0014891303712165234,0.002345306492922467,207,0.0008561761217059434
5010,-0.004658433385561491,-0.005201203606865613,207,-0.0005427702213041223
5011,0.0068726135067260895,0.004292744018256542,207,-0.002579869488469547
5012,-0.004977555017409315,-0.002585904199101593,212,0.0023916508183077223
5013,0.023972963103753107,0.013892740471101951,214,-0.010080222632651155
5014,0.02075678579908711,0.016940236210785106,221,-0.0038165495883020033
5015,-0.014348683444767881,-0.009864414164642397,222,0.004484269280125484
5016,0.0033611815051967685,0.0018740744787805992,223,-0.0014871070264161693
5017,-0.002541690460444456,-0.0026130433111966637,226,-7.135285075220762e-05
5018,0.003983286367658891,0.00238299954400944,227,-0.001600286823649451
5019,-0.0015716131019129032,-0.000771619199940726,227,0.0007999939019721772
5020,-0.0039518947642892465,-0.0027253572000049396,226,0.001226537564284307
5021,0.01899301112768805,0.012927521548604602,227,-0.00606548957908345
5022,0.017652039674563275,0.012323284561985288,228,-0.005328755112577986
5023,-0.003515033392693112,-0.002399596903110988,228,0.001115436489582124
5024,-0.007614108093738866,-0.004939821088129976,226,0.00267428700560889
5025,0.015348675369515856,0.010567858158305252,224,-0.004780817211210604
5026,-0.01195124328018361,-0.008377042045284677,224,0.0035742012348989327
5027,0.014381410267063788,0.011364784332649926,219,-0.0030166259344138625
5028,0.003712098720571228,0.0025680600753018954,217,-0.0011440386452693328
5029,0.007683958612218368,0.005696407228436966,203,-0.0019875513837814022
5030,0.0005126074702680906,-8.311754179980296e-05,192,-0.0005957250120678936
5031,-0.001596995749671489,-0.0019577213202160567,190,-0.00036072557054456765
5032,-0.013598036782317224,-0.009511937691085224,178,0.004086099091232
5033,-0.00485736628526432,-0.004753424836568917,167,0.0001039414486954035
5034,-0.025148136839239315,-0.017802068627051377,140,0.007346068212187938
5035,0.003090311709357964,-2.566600266032695e-05,101,-0.003115977712018291
5036,-0.0002091041412832537,-0.0005631870058869265,99,-0.0003540828646036728
5037,0.011656284760362342,0.0066762785376112835,79,-0.004980006222751058
5038,0.0011942916658501698,-5.2436353226671766e-05,75,-0.0012467280190768416
5039,-0.0076286182513709815,-0.004795777477298026,60,0.0028328407740729556
5040,-0.013454058618607987,-0.008427083658579564,59,0.005026974960028423
5041,-0.004347728829492619,-0.004324641210562893,59,2.3087618929725807e-05
5042,-0.010685388842281015,-0.007193185693785747,55,0.0034922031484952674
5043,-0.002495487009706598,-0.002906614545076729,52,-0.0004111275353701309
5044,-0.0048433877767816765,-0.0037442548108488076,53,0.001099132965932869
5045,-0.003555688785063219,0.0011520089079737701,52,0.004707697693036989
5046,0.02534269548013914,0.01727926369458206,56,-0.008063431785557077
5047,-0.0027515609663321793,-0.001720749715209522,51,0.0010308112511226574
5048,-0.014106694103216182,-0.010248983689772014,51,0.003857710413444168
5049,0.0010154536309508466,0.0018835863438701216,52,0.000868132712919275
5050,-0.0008911870036378167,-0.0017889583319311967,55,-0.00089777132829338
5051,0.020947230861445985,0.013385803905823926,58,-0.0075614269556220585
5052,-0.011740656604908473,-0.006827064415597084,56,0.004913592189311388
5053,-0.00853389550516154,-0.00206452912297849,57,0.006469366382183051
5054,0.007143091058652589,0.007025609407217027,53,-0.00011748165143556175
5055,-0.014070008908466606,-0.007752832878293866,59,0.00631717603017274
5056,-0.0053169967305936715,-0.0016158914353479532,62,0.003701105295245718
5057,0.0074662484090934214,0.005456461272524879,63,-0.002009787136568543
5058,-0.009377394381460806,-0.004486360113720195,68,0.004891034267740612
5059,0.015263348680451143,0.008665427640784963,78,-0.00659792103966618
5060,0.00909962613505984,0.004968886924195337,88,-0.0041307392108645025
5061,0.017806709210780466,0.007406755071180862,90,-0.010399954139599606
5062,-0.020249656893722535,-0.008815386515652057,88,0.011434270378070478
5063,0.018388165509308173,0.009543663773870283,92,-0.00884450173543789
5064,0.006137274752105868,0.004886529157120374,106,-0.0012507455949854942
5065,-0.00536491795323994,-0.0027750009991276063,126,0.002589916954112334
5066,-0.009567754923979951,-0.004939571200913312,132,0.004628183723066639
5067,-0.006020597513442558,-0.0027272647281521203,133,0.003293332785290438
5068,-0.005782069652608545,-0.0014686978837655244,139,0.00431337176884302
5069,-0.0027748865738092985,-0.0010284153518885,150,0.0017464712219207985
5070,0.014409574452651785,0.009010639519200895,162,-0.005398934933450891
5071,0.01670563185811023,0.010473374181409726,167,-0.006232257676700504
5072,-0.005047038921556526,-0.0015138122419023957,187,0.0035332266796541303
5073,-0.001847550329665251,0.001208213913368134,208,0.003055764243033385
5074,0.0034568779307972107,0.004042155629049841,229,0.0005852776982526306
5075,-0.0037610040339565256,-0.0012321154871751917,240,0.0025288885467813337
5076,-0.0068248033514352316,-0.0033785710342372367,241,0.003446232317197995
5077,0.004351913265803178,0.0033001363242151235,244,-0.0010517769415880544
5078,-0.004701227326723703,-0.0025034920531753946,236,0.0021977352735483087
5079,0.000253642007713956,0.00022940146091931146,241,-2.4240546794644527e-05
5080,-0.008650145417839298,-0.005893951973289112,243,0.0027561934445501854
5081,-0.006429092853267068,-0.003377951008473766,243,0.003051141844793302
5082,0.004829331488166956,0.003166058975281215,248,-0.0016632725128857407
5083,-0.019217496624900302,-0.011271056215278368,251,0.007946440409621934
5084,0.012652006578916847,0.007643643537337318,252,-0.005008363041579529
5085,-0.010582205257427943,-0.0046981537848075836,253,0.005884051472620359
5086,0.0006699520208031909,-0.000452863233646919,249,-0.00112281525445011
5087,0.011574153694364831,0.007596768383568899,250,-0.003977385310795932
5088,0.0036237985615982164,0.0024491026207685215,250,-0.0011746959408296949
5089,-0.007453056813112078,-0.003700542091681966,252,0.003752514721430112
5090,0.0041447915729226955,0.0038161569039267445,250,-0.00032863466899595104
5091,-0.0017263776334835053,-0.001611303025984007,247,0.00011507460749949835
5092,0.006552087809924833,0.0037086975258941914,245,-0.0028433902840306413
5093,0.0044592192782465356,0.0025637905336769024,244,-0.0018954287445696332
5094,-0.007716976746595404,-0.004226770413498555,244,0.0034902063330968488
5095,-0.013101140569689914,-0.009384062196217433,237,0.0037170783734724808
5096,0.003717809722092972,0.002055400757542689,234,-0.0016624089645502832
5097,-0.0034547465245734496,-0.0026149414653167946,231,0.000839805059256655
5098,-0.004534396761590324,-0.0018603016394993584,228,0.002674095122090966
5099,0.0022041504842750304,0.0005605944127274275,218,-0.001643556071547603
5100,0.002737438223134991,-0.00027133671078696743,208,-0.0030087749339219585
5101,-0.013266881523914687,-0.006761126330890545,205,0.006505755193024142
5102,-0.00029210851482305156,0.0012875500387887241,205,0.0015796585536117756
5103,-0.013616547188062636,-0.007387007802491002,201,0.006229539385571635
5104,-0.005959215976215,-0.0037480755309448627,188,0.002211140445270137
5105,-0.002619152719611959,-0.002479623765404654,168,0.00013952895420730506
5106,-0.0074118139605196115,-0.0037949198882646896,162,0.003616894072254922
5107,0.0004273663067020117,-0.00041707024453530787,161,-0.0008444365512373195
5108,0.0037975352310576785,0.0019176164881810538,157,-0.0018799187428766248
5109,0.0006440720436344336,-0.0012972036376843311,147,-0.0019412756813187648
5110,0.009009965595920068,0.0073317365672290035,135,-0.001678229028691065
5111,-0.008198947777307869,-0.004348273403971166,132,0.003850674373336703
5112,0.0008708410918623222,-0.0011449909988418656,114,-0.0020158320907041876
5113,0.010689763888259625,0.007220055459251333,98,-0.0034697084290082926
5114,0.005319708109542238,0.0015913697597794028,85,-0.0037283383497628353
5115,0.0007043209789875278,8.254492793191422e-05,75,-0.0006217760510556136
5116,0.01295654399596804,0.006407405263451736,80,-0.006549138732516304
5117,0.005692427026724865,-0.0001582343804623703,93,-0.005850661407187235
5118,0.0017763703207963322,-0.0007660468517745669,112,-0.0025424171725708994
5119,0.0001284015467508846,-0.00018874041593745599,120,-0.00031714196268834056
5120,-0.002300008708744565,-0.001197949538043776,116,0.0011020591707007889
5121,-0.0030325349739756275,-0.003276591582911121,131,-0.00024405660893549348
5122,0.0053671878014641536,-0.0009206783835138705,149,-0.006287866184978024
5123,-0.007425031632318609,-0.003221775645023331,170,0.004203255987295278
5124,0.00910083281479742,0.0048143547905090305,178,-0.00428647802428839
5125,0.008317002581933795,0.0041403975913546645,178,-0.0041766049905791304
5126,-0.006186147839722621,-0.00478477750724017,182,0.0014013703324824512
5127,-0.0029752149306261446,-0.00250526519283049,184,0.00046994973779565475
5128,-0.0007568353645102776,-0.0003667324099646337,185,0.00039010295454564394
5129,0.005272859173990637,0.003545884443018735,182,-0.0017269747309719024
5130,-0.006911366912934639,-0.004409243491588104,181,0.002502123421346535
5131,-0.00034818040074365025,0.0002094768580990225,182,0.0005576572588426728
5132,-0.011502690407182858,-0.0074829384040450255,183,0.004019752003137833
5133,0.005870694427365677,0.0047653500796187055,183,-0.0011053443477469713
5134,-0.0019453860940735958,-0.003480950127315807,181,-0.001535564033242211
5135,-0.009505276543377477,-0.008518520881774997,181,0.00098675566160248
5136,0.014991936255080052,0.010964714793310867,182,-0.004027221461769185
5137,-0.006263066195744677,-0.004507291534048816,189,0.0017557746616958612
5138,-0.003045159600638506,1.1568220864384702e-05,189,0.0030567278215028904
5139,-0.011828323806072,-0.008285676435705668,189,0.0035426473703663326
5140,0.01081448448504289,0.006472080786274566,189,-0.004342403698768324
5141,-0.007940938443601562,-0.005989263418363462,193,0.0019516750252380997
5142,-0.01209426377427722,-0.0081301696417166,194,0.00396409413256062
5143,0.0010569352830169174,0.002147847510906776,194,0.0010909122278898588
5144,-0.006046657930013077,-0.003435653566982242,193,0.0026110043630308355
5145,0.004716862239033215,0.0038279904216784516,193,-0.0008888718173547631
5146,-0.014161067598443926,-0.010793907784430418,195,0.0033671598140135074
5147,-0.01897416251580006,-0.0135415146313734,196,0.005432647884426661
5148,-0.006513769550093122,-0.003977227756575537,195,0.0025365417935175848
5149,-0.0020352797650352262,-0.0008798054740677277,194,0.0011554742909674984
5150,-0.0030259243684674433,-0.0025157693176799893,196,0.0005101550507874541
5151,0.004283055709830073,0.002848927233280847,194,-0.001434128476549226
5152,0.004859669617737918,0.0035031432221979755,192,-0.0013565263955399422
5153,-0.0024247206128372657,-0.0004784954337139538,188,0.0019462251791233119
5154,-0.00556168751445478,-0.0038719066359772197,180,0.0016897808784775603
5155,0.005305574398839536,0.005272612609058043,184,-3.2961789781492563e-05
5156,0.009842598660423259,0.005130450676422926,180,-0.0047121479840003325
5157,-0.01404809709123347,-0.009425093163683876,162,0.004623003927549593
5158,-0.007895962933866928,-0.003695397332389563,139,0.004200565601477364
5159,-0.0005199009727349217,-0.0013921716461928089,125,-0.0008722706734578872
5160,-0.007541414813609989,-0.003204385208018449,124,0.00433702960559154
5161,0.01467072077076353,0.010116657440516605,109,-0.004554063330246924
5162,-0.009816891728201216,-0.008070146578612217,88,0.0017467451495889984
5163,-0.01254378924394428,-0.010518755998132583,64,0.0020250332458116964
5164,0.03531849559307174,0.018949925112594402,57,-0.01636857048047734
5165,0.00485354421846917,0.003958079450896952,56,-0.0008954647675722179
5166,0.00772119867967317,0.007008356061026641,52,-0.000712842618646529
5167,0.01734393153828375,0.004484815806165196,49,-0.012859115732118554
5168,-0.003604438493695595,-0.005617466099075382,51,-0.0020130276053797872
5169,-0.006124246599125476,-0.0018309998356427037,50,0.004293246763482772
5170,0.0004802054654885893,-0.0015631146642482538,51,-0.002043320129736843
5171,-0.0036897719369701877,-0.005369564292420654,50,-0.0016797923554504662
5172,0.009514219219319567,0.005294504994047151,48,-0.004219714225272416
5173,-0.007132090654931943,-0.0068599677291885305,49,0.0002721229257434121
5174,0.01266290753255717,0.006080606664437184,52,-0.006582300868119986
5175,0.0015334278379646638,-0.0006101773754760766,73,-0.0021436052134407406
5176,-0.00642481591499006,-0.003163402259142714,81,0.003261413655847346
5177,0.007476294119124668,0.0029574424723240035,74,-0.004518851646800664
5178,-0.00940840797939154,-0.004459714432104997,83,0.004948693547286544
5179,-0.01748285127400626,-0.007301484898118145,92,0.010181366375888113
5180,-0.011403220798400901,-0.006261623363940954,115,0.0051415974344599475
5181,0.004751250085339204,0.0005268334637792218,124,-0.004224416621559982
5182,-0.0003949024319053178,-0.0013233644591828608,124,-0.000928462027277543
5183,-0.0107533275499229,-0.0031751948797135126,139,0.0075781326702093876
5184,-0.00041210015975559107,0.00039363020456811425,162,0.0008057303643237053
5185,-0.008316118129835527,-0.0013765669973943068,198,0.00693955113244122
5186,-0.008841153851269542,-0.0019932239138717683,221,0.006847929937397773
5187,0.0058339000397856465,0.0016051836462841439,219,-0.004228716393501503
5188,-0.009149958584039362,-0.00470611625994185,218,0.004443842324097512
5189,0.008482117518977091,0.0022196394167663287,221,-0.0062624781022107626
5190,0.003104375566480949,0.001393557117738834,222,-0.0017108184487421149
5191,0.005833998118050151,0.0012636274035633987,223,-0.0045703707144867526
5192,-0.009137640554342075,-0.005371980403965151,223,0.0037656601503769233
5193,0.008597955415994627,0.005139445837090624,223,-0.003458509578904003
5194,-0.0030508663938043,-0.0010904075308562158,224,0.0019604588629480845
5195,0.01819513953738987,0.008567641009986889,220,-0.009627498527402982
5196,0.002788764084031062,0.0015339001328680535,220,-0.0012548639511630085
5197,-0.007136166990908127,-0.003127885931333688,220,0.004008281059574438
5198,-0.007632454932148064,-0.005272152234241989,221,0.002360302697906075
5199,0.00893911144118867,0.004475625908683465,224,-0.004463485532505205
5200,-0.0046177904641609025,-0.0035429777832237754,229,0.001074812680937127
5201,-0.010502694425221695,-0.0047935926342006704,230,0.005709101791021024
5202,0.0033644677971116244,0.0020140535354909866,229,-0.0013504142616206378
5203,-0.0004923910072369005,-0.0008376378451693414,231,-0.0003452468379324409
5204,-0.003445717031495841,-0.0011694940133636117,228,0.002276223018132229
5205,-0.0039396702629588155,0.0001693461403303289,231,0.004109016403289144
5206,-0.006049792752775986,-0.0026985820778260157,231,0.00335121067494997
5207,0.001154401429230939,-0.0001543948430024174,234,-0.0013087962722333564
5208,0.006980290876736447,0.004907815948339539,231,-0.0020724749283969075
5209,0.01647415025439693,0.009818041007182475,233,-0.006656109247214456
5210,0.0020408829930481463,0.001816006319062821,233,-0.00022487667398532517
5211,0.006036383292477114,0.003924835399407533,233,-0.002111547893069581
5212,0.002256762665022584,0.0022034299211269523,234,-5.3332743895631845e-05
5213,0.0031580421616523072,-0.00018100945027085897,231,-0.003339051611923166
5214,0.0013447243482582944,0.0003083015868955035,228,-0.001036422761362791
5215,-0.007184081053486402,-0.005202918317041517,207,0.001981162736444885
5216,0.004705270296935969,0.0018512046765232176,197,-0.0028540656204127514
5217,-0.008740257866724516,-0.0045362479821892164,196,0.0042040098845353
5218,0.0036387712541949106,0.0007308218843398898,184,-0.0029079493698550207
5219,0.004986745584432639,0.0031667747376342126,177,-0.0018199708467984267
5220,-0.0018775803024119677,-0.001364591257398258,154,0.0005129890450137097
5221,-0.006372338339576106,-0.0051799060150557515,141,0.0011924323245203544
5222,0.0006328283498969547,-0.0008640912865632434,141,-0.0014969196364601981
5223,-0.0051740020382522066,-0.003850439809602473,125,0.0013235622286497336
5224,0.013928490045791091,0.011670445371788568,102,-0.002258044674002523
5225,-0.002424642554751375,-0.002835299438048218,67,-0.0004106568832968429
5226,-0.003643397752838824,-0.0024925691592666012,43,0.0011508285935722226
5227,-0.00023900566134382997,-0.0017886332997785219,43,-0.0015496276384346919
5228,0.0015157038640166017,0.00339570856946712,45,0.0018800047054505183
5229,0.007195562647167321,0.004537842917157616,42,-0.0026577197300097057
5230,-0.0040069924772245195,-0.0009304000233501475,40,0.003076592453874372
5231,0.008285811261758572,0.006498336945903527,39,-0.001787474315855045
5232,0.008802749487230805,0.0056974114546249925,40,-0.003105338032605812
5233,-0.004049086870004313,-0.003927898000589651,42,0.00012118886941466216
5234,0.0008901205509659441,0.0023658793827320587,43,0.0014757588317661145
5235,-0.016555605544035307,-0.008203781139757331,43,0.008351824404277976
5236,-0.010838018378273506,-0.006072857652364585,43,0.004765160725908921
5237,-0.0020099285120488467,-0.002819747430944908,45,-0.0008098189188960611
5238,-0.0014616920784428352,0.0008084337602935183,51,0.0022701258387363534
5239,-0.006302744836712725,-0.002587381522590255,59,0.00371536331412247
5240,0.006154223138810659,0.0014836346563987595,59,-0.004670588482411899
5241,-0.002566657188562725,-0.001424814576153647,60,0.0011418426124090778
5242,0.0003561006125303973,0.0015107799928598706,71,0.0011546793803294732
5243,-0.00332248499072312,6.729493256117884e-05,86,0.0033897799232842987
5244,-8.722072237788795e-06,-0.0005018093482728414,120,-0.0004930872760350526
5245,0.005105625324863291,-0.001681336526038387,129,-0.0067869618509016775
5246,0.01004557456260606,0.0047671162014166855,133,-0.005278458361189375
5247,0.014487098835875444,0.0037798880770715587,145,-0.010707210758803886
5248,-0.006168133231761453,-0.002368486659862781,166,0.003799646571898672
5249,0.003178845491818089,0.0014523554409769791,202,-0.0017264900508411098
5250,0.00989180281264939,0.004518580120169239,231,-0.005373222692480152
5251,-0.013408354445156354,-0.00413957232056923,231,0.009268782124587123
5252,-0.007898464554022402,-0.005251111292713718,235,0.0026473532613086838
5253,-0.00962121613924767,-0.00470715543629921,242,0.004914060702948461
5254,-0.003207674004982692,0.00034912352525733135,243,0.0035567975302400233
5255,-0.0008526233721762903,-0.0010346611674986238,243,-0.0001820377953223335
5256,0.005407057657958911,0.0044927821065810745,244,-0.0009142755513778366
5257,0.006606996038334694,0.00447367787510717,245,-0.0021333181632275247
5258,0.01524060478779326,0.01011327145011468,247,-0.005127333337678581
5259,0.015719187584145772,0.008760092380222888,248,-0.006959095203922884
5260,0.011851264116336586,0.0035442642095856757,253,-0.008306999906750911
5261,-0.01369818139898622,-0.008172981282883868,254,0.005525200116102351
5262,0.00444619489503293,0.003516007811741967,255,-0.0009301870832909634
5263,-0.0011822495215883088,2.3425311323829225e-05,256,0.001205674832912138
5264,-0.0014480122392526561,-0.0022475811659546574,256,-0.0007995689267020012
5265,-0.004320340774927417,-0.0011682970727825617,255,0.0031520437021448555
5266,-0.00040643149458696433,-0.00030458723987168874,256,0.00010184425471527559
5267,-0.014079226756819404,-0.009129973150734763,259,0.0049492536060846415
5268,0.0030175816025115212,0.0033035632678753766,262,0.0002859816653638554
5269,-0.0014731641145742727,-0.006008832337150455,268,-0.004535668222576182
5270,-0.004129510825248941,-0.0007984587841172295,267,0.003331052041131711
5271,-0.0006620718244958211,0.0003446787765274104,272,0.0010067506010232314
5272,-0.005698342901162439,-0.0022115218419231277,271,0.0034868210592393116
5273,-0.0019458518561537308,-0.0015914122713923747,270,0.0003544395847613561
5274,0.005809603576838622,0.005167715067910904,270,-0.0006418885089277179
5275,-0.007150240911006644,-0.006231322006546118,270,0.0009189189044605259
5276,-0.016312611044751343,-0.010225703261591291,270,0.0060869077831600515
5277,-0.002345755499479544,0.000502303326694476,269,0.00284805882617402
5278,0.0032568408234366335,0.0037403290830397284,263,0.0004834882596030949
5279,-0.008796239904736195,-0.005506081014287673,252,0.003290158890448522
5280,0.0004229391449087915,0.001946187342322032,247,0.0015232481974132405
5281,0.011163470244900563,0.006561915143923207,245,-0.004601555100977356
5282,-0.008244489224272388,-0.005268982184070796,234,0.0029755070402015917
5283,0.0007953693942300459,8.326373452912194e-05,217,-0.000712105659700924
5284,0.00244324291626758,-0.0009342680043712988,182,-0.0033775109206388787
5285,0.005741758649537557,0.0044753431928978874,169,-0.0012664154566396696
5286,0.00978629793839109,0.008209030808699922,165,-0.0015772671296911678
5287,-0.0014740431467632619,-0.00209239620024557,152,-0.0006183530534823081
5288,-0.007736616052268722,-0.0038921890547856815,132,0.003844426997483041
5289,-0.008156257318481987,-0.005505160864772458,95,0.0026510964537095295
5290,-0.0007193169549335246,9.501045020613138e-05,66,0.000814327405139656
5291,-0.006803767328712026,-0.006541413337853543,72,0.00026235399085848283
5292,-0.0002709539946533134,0.0020564941172494943,74,0.0023274481119028075
5293,0.0039029059881856925,0.0033013105859021016,68,-0.0006015954022835909
5294,0.009415100341020818,0.00396533970472582,66,-0.005449760636294998
5295,-0.003068364972964782,-0.0004449393907279063,68,0.002623425582236876
5296,0.012053104888352097,0.0064615146289424925,67,-0.0055915902594096045
5297,-0.0034843959449897778,-0.0006865218362551585,67,0.002797874108734619
5298,0.005259602160324208,0.0018429409877756449,65,-0.0034166611725485636
5299,0.0003209449792233546,-0.0008326679316523391,67,-0.0011536129108756937
5300,-0.012036910125617284,-0.012089306893140252,65,-5.2396767522968485e-05
5301,0.001480068579226647,0.003375724865968242,65,0.001895656286741595
5302,0.0041156310724336,0.004445071762717013,66,0.0003294406902834132
5303,0.007588235036689012,0.0035870693440893434,68,-0.004001165692599668
5304,-0.006490379379178876,-0.004608205881585721,76,0.001882173497593155
5305,-0.012372977509328567,-0.0046887984958063145,79,0.007684179013522253
5306,0.010559690717505702,0.0065295817407669526,78,-0.00403010897673875
5307,0.006484200489414788,0.005281358295546077,77,-0.001202842193868711
5308,-0.008381088628490886,-0.004870268371723196,80,0.00351082025676769
5309,-0.00599202009093477,-0.0013617780506554513,83,0.004630242040279319
5310,0.0048527845053170345,0.003140423471207195,97,-0.0017123610341098394
5311,-0.008442255923827597,-0.002793255933979065,95,0.005648999989848532
5312,-0.00011632946227718119,0.0019096370917064693,94,0.0020259665539836503
5313,6.810217866335423e-05,0.001351906502912235,96,0.0012838043242488807
5314,-0.0022920250761874874,-0.0021026351261341073,105,0.00018938995005338003
5315,0.004354637231972603,0.003660638641845244,113,-0.0006939985901273592
5316,-0.0078896332919122,-0.004247009213898128,113,0.0036426240780140715
5317,-0.011397415236576527,-0.005946052129984878,121,0.005451363106591649
5318,-0.018863246963100638,-0.010823901555448294,132,0.008039345407652344
5319,-0.005915803351770184,-0.0036142741863831067,136,0.0023015291653870774
5320,-0.0027837915428662926,0.00029729560316032577,137,0.0030810871460266185
5321,0.006631397179933236,0.004935006318368829,144,-0.0016963908615644065
5322,-0.007072441103235903,-0.002391724276620084,159,0.004680716826615819
5323,-0.007376705485393979,-0.002470252751540226,169,0.004906452733853753
5324,-0.01638287866801969,-0.006859646567436255,177,0.009523232100583437
5325,0.006391403016784163,0.0010120730722023353,179,-0.005379329944581828
5326,0.004646149351378282,0.0010365061238115439,182,-0.003609643227566738
5327,-0.008765841818904723,-0.0017638363997860575,186,0.0070020054191186655
5328,-0.0011069202967397087,0.00031892408087559355,191,0.0014258443776153022
5329,-0.011196722134131545,-0.0035912277984433616,195,0.007605494335688184
5330,0.015123956255655316,0.002831817272475644,194,-0.01229213898317967
5331,-0.0013815943376705503,0.0010095660014050154,193,0.0023911603390755656
5332,-0.011730503904446892,-0.004865565562659486,189,0.006864938341787406
5333,0.008831964832917644,0.003767012525727854,191,-0.00506495230718979
5334,0.005788487675737289,0.0030657739576005075,197,-0.0027227137181367817
5335,-0.0037605180469447936,-0.00202670485646615,195,0.0017338131904786436
5336,0.00935490333308892,0.0031736329990972225,195,-0.006181270333991698
5337,-0.004611913027603536,-0.001982016863607404,195,0.0026298961639961323
5338,-0.000387271245044499,0.0008362181895339248,199,0.0012234894345784237
5339,0.013250177430576786,0.0050505215517323825,196,-0.008199655878844404
5340,-0.007683703699929771,-0.004248270924011075,194,0.003435432775918696
5341,-0.006474369091096085,-0.003468421474107686,193,0.0030059476169883993
5342,-0.010651854693105147,-0.003137344118063245,192,0.0075145105750419015
5343,-0.010413860611655472,-0.00404087367069384,191,0.006372986940961631
5344,-0.016751571058928504,-0.005418970835380301,184,0.011332600223548202
5345,0.00023538372079423922,0.0007641037639751069,181,0.0005287200431808677
5346,0.00976470147886914,0.0043823599702312995,183,-0.00538234150863784
5347,-0.024035594496101056,-0.009027929824677473,182,0.015007664671423584
5348,0.008176342888305717,0.0020468002902530097,175,-0.006129542598052707
5349,-0.0033370546050179215,-0.0015582577949796628,168,0.0017787968100382587
5350,-0.015368304207083159,-0.006200916735863343,154,0.009167387471219816
5351,-0.0009807158023352703,-0.0006286014063597951,151,0.0003521143959754752
5352,0.002283523366842645,0.004101944085033983,155,0.0018184207181913378
5353,-0.00380877918549655,-0.0013328073058923202,154,0.0024759718796042297
5354,0.0004671021637211634,-0.0011286921920472808,143,-0.0015957943557684442
5355,0.00253512894440665,0.0009342533989368331,134,-0.0016008755454698168
5356,0.0088818767617553,0.003319422530444659,132,-0.0055624542313106404
5357,0.006192126744510455,0.0036380429412438066,123,-0.0025540838032666485
5358,-0.004743506256048328,-0.0012850581488840446,112,0.0034584481071642838
5359,0.003422628963607577,0.0015208832582772748,107,-0.0019017457053303022
5360,0.006849795256318433,0.004051328109102635,107,-0.0027984671472157984
5361,0.012351677630700107,0.003367575664636982,103,-0.008984101966063125
5362,-0.005694064399852674,-0.004369491414600158,95,0.0013245729852525163
5363,-0.0037737747489592927,-0.0036621788450218176,89,0.00011159590393747514
5364,-0.0033869848127938917,-0.002561720669783827,81,0.0008252641430100648
5365,-0.003416433578620453,-0.0018539135851943043,86,0.001562519993426149
5366,0.001023468211861333,0.003972174748241557,87,0.002948706536380224
5367,0.009910972419862952,0.0018982889193437894,95,-0.008012683500519162
5368,-0.0037186019409463393,-0.0006150342152153286,103,0.0031035677257310107
5369,-0.000566636732957535,0.0022499359778069983,99,0.0028165727107645334
5370,0.001009014684089013,-6.687168483965716e-05,116,-0.0010758863689286702
5371,0.01905632761164841,0.010416582128936171,139,-0.008639745482712239
5372,0.005974407389527897,0.0014049192893101537,182,-0.004569488100217744
5373,0.004571747275105248,0.0015505081279564793,204,-0.003021239147148768
5374,0.004622061855815145,0.004351285757213841,202,-0.0002707760986013037
5375,-0.0072514903320066585,-0.00302961605749077,211,0.004221874274515888
5376,0.00043524434029972015,-0.0021114279055730813,214,-0.0025466722458728015
5377,0.008661188689421681,0.006363074543189497,221,-0.0022981141462321848
5378,-0.004761480299670209,-0.005177353654232889,218,-0.0004158733545626802
5379,0.004478787034083198,0.0037925235424207163,216,-0.0006862634916624815
5380,-0.012453283349839495,-0.010047176259030111,216,0.0024061070908093837
5381,0.0013773561489801127,0.00013174351022305052,217,-0.0012456126387570621
5382,0.006259973176608609,0.005994483781538882,218,-0.00026548939506972676
5383,0.0075235086434708425,0.006347622890203821,216,-0.0011758857532670215
5384,-0.0005228499103759005,-0.0002769339847767215,215,0.00024591592559917893
5385,-0.009239578049823583,-0.007919044579349718,217,0.0013205334704738652
5386,-0.002124323613940087,-0.0015552776957877639,217,0.0005690459181523233
5387,-0.0039039392243926455,-0.001632262797530054,217,0.0022716764268625915
5388,0.01246231893914492,0.008203519191277943,216,-0.004258799747866977
5389,0.004009392777730081,0.002642130323399988,219,-0.0013672624543300932
5390,0.0043974219913622695,0.003981339670097206,221,-0.0004160823212650631
5391,0.011297675951415018,0.008849433311109739,223,-0.002448242640305279
5392,0.007762033766141986,0.005824739465237961,222,-0.0019372943009040248
5393,-0.008154355602135595,-0.005375043792749923,219,0.002779311809385672
5394,0.004728778346235612,0.004693053359694088,220,-3.572498654152382e-05
5395,-0.010728894126724054,-0.00951952383191072,222,0.0012093702948133347
5396,-0.010934649096699889,-0.008718912772910283,223,0.0022157363237896056
5397,0.01231581769934198,0.008586086937899227,223,-0.003729730761442753
5398,-0.01052176198291959,-0.008786197183652636,222,0.001735564799266955
5399,0.0022359728809162034,0.0021205684601415613,222,-0.00011540442077464207
5400,0.0007110209383682435,0.0006730066000688082,221,-3.801433829943529e-05
5401,-0.0029407813544788746,-0.0023184635519777536,218,0.000622317802501121
5402,0.011342093905407634,0.010077929528665729,211,-0.001264164376741905
5403,-0.013576533593234389,-0.011288844918189397,206,0.0022876886750449917
5404,0.012120415563080902,0.011116816508389835,206,-0.0010035990546910668
5405,-0.0037483826505155886,-0.003284046367312996,200,0.00046433628320259254
5406,0.0018276232672375678,0.0029118449588655133,197,0.0010842216916279455
5407,-0.0012224186735575358,-0.0029338917574171833,185,-0.0017114730838596476
5408,0.011665083242037605,0.00783470463708866,171,-0.0038303786049489457
5409,0.006194236289080479,0.005423505901272192,171,-0.0007707303878082871
5410,-0.0041812188122348996,-0.0019026014854070373,154,0.0022786173268278622
5411,0.0009874952403239612,-0.00043056346048910807,127,-0.0014180587008130693
5412,-0.002223939255425526,-0.0013755055473767353,82,0.0008484337080487908
5413,-0.004881960152604385,0.0016076769965641434,57,0.006489637149168529
5414,-0.020189411683150894,-0.009225395636475519,56,0.010964016046675375
5415,0.004622463058035422,0.004830913791991558,50,0.0002084507339561361
5416,-0.00641598962374959,-0.005510759635856008,46,0.0009052299878935816
5417,0.00189239265990459,0.0014423596769532023,38,-0.00045003298295138777
5418,0.007836571436138334,0.007216632935976462,37,-0.0006199385001618724
5419,-0.0011759517736380104,0.004316378684055298,41,0.005492330457693308
5420,-0.0027730075127292446,-0.0035808196220829007,40,-0.0008078121093536561
5421,0.010897537286290124,0.005395917972936109,40,-0.005501619313354015
5422,0.003979911702795646,0.0028049074257955635,40,-0.001175004277000083
5423,-0.021080148110057484,-0.007022383671714147,48,0.014057764438343338
5424,-0.008024943376748871,0.00035080427134629816,54,0.008375747648095169
5425,0.005175331969543248,0.0006586809595051276,57,-0.0045166510100381205
5426,-0.005297376077654708,-0.005401144446300617,54,-0.00010376836864590955
5427,-0.007182700486254585,-0.003289311780913084,65,0.0038933887053415016
5428,-0.0036206218973927617,0.0011076060032491845,81,0.004728227900641946
5429,-0.0054793479761116775,-0.0028911611000915047,95,0.0025881868760201728
5430,0.005161002915525914,-1.7563769901092292e-05,107,-0.005178566685427007
5431,0.0037637134132546585,0.0002725823672091151,109,-0.0034911310460455434
5432,-0.008374131706161353,-0.002653028038049714,126,0.005721103668111639
5433,-0.007644746079641895,-0.004716194004633029,154,0.0029285520750088655
5434,-0.010177581636912373,-0.004295215948822596,197,0.0058823656880897775
5435,0.0007529969322600441,0.0009845158828557638,219,0.00023151895059571965
5436,0.017492029896061658,0.007603784554060319,224,-0.009888245342001339
5437,0.019935001950164295,0.00756911502769784,232,-0.012365886922466455
5438,-0.012908477082837214,-0.004995342350087371,236,0.007913134732749842
5439,0.003604698121319719,-0.0005176325903363704,240,-0.0041223307116560895
5440,0.008656180082318188,0.004600442728633364,240,-0.004055737353684824
5441,-0.0066608544622005295,-0.0030682024684903805,240,0.003592651993710149
5442,-0.002194703964323541,-0.0008128136836353661,240,0.0013818902806881747
5443,0.007357290132537623,0.004013600554313361,240,-0.0033436895782242623
5444,0.018869391313652943,0.010444514789359016,240,-0.008424876524293927
5445,-0.004649115030165903,-0.0026605970797111407,241,0.0019885179504547626
5446,0.0032050583742431723,0.00170091222769485,240,-0.0015041461465483223
5447,0.0027921222079859646,0.000616175998454132,241,-0.0021759462095318326
5448,0.0013484699693082972,0.000708211208822052,245,-0.0006402587604862452
5449,0.001066662707443671,0.0007859191675698453,249,-0.00028074353987382573
5450,-3.9437012267357515e-05,0.0007311244965409279,252,0.0007705615088082854
5451,-0.007305539619101094,-0.003784963949901643,252,0.003520575669199451
5452,0.004162832909176365,0.00367748447492585,253,-0.00048534843425051535
5453,0.011707212036170476,0.008311753263614465,256,-0.003395458772556011
5454,0.0020715599535725887,0.00021808850364957684,258,-0.0018534714499230118
5455,-0.0047348650955957835,-0.003716488123747942,258,0.0010183769718478414
5456,-0.005173417678118849,-0.0015665351389233912,258,0.003606882539195458
5457,0.01178185441181134,0.0060108300520023295,261,-0.00577102435980901
5458,-0.013418331652598986,-0.008023009092115502,263,0.0053953225604834835
5459,0.0055323311590425505,0.004192582699184294,261,-0.0013397484598582565
5460,0.0030600142121214296,0.0008618801442659783,261,-0.0021981340678554513
5461,0.0016188949318066334,-0.00017824935586293185,260,-0.0017971442876695653
5462,0.017086618861118136,0.01162654839165577,257,-0.005460070469462366
5463,-0.010429596565003984,-0.006911270070805638,249,0.003518326494198346
5464,0.007380634919795904,0.005453812936772763,243,-0.0019268219830231408
5465,-0.003941733903624848,-0.0016180047332662552,238,0.0023237291703585928
5466,-0.003641041771917254,-0.0025561105481662367,238,0.0010849312237510172
5467,-0.005227084758778028,-0.0034039665495152354,226,0.0018231182092627927
5468,0.005724237933440832,0.005625223195154073,210,-9.901473828675868e-05
5469,-0.0017341580583362462,-0.000966634437603474,192,0.0007675236207327721
5470,-0.00824677863967385,-0.0034600214437351144,178,0.004786757195938736
5471,-0.003684396858305749,-0.001776369482026111,175,0.001908027376279638
5472,0.003931999584062502,0.001204050810426325,156,-0.002727948773636177
5473,0.0037463879063291934,0.002342238388820115,128,-0.0014041495175090785
5474,-0.0039048780422018033,-0.001632443404484937,84,0.0022724346377168666
5475,-0.004073414804276163,0.0013229125373405482,60,0.005396327341616712
5476,0.009069134208283248,0.002052921138776042,54,-0.007016213069507206
5477,0.0009482136213038882,0.002900017603169586,47,0.0019518039818656977
5478,-0.026180198807929964,-0.013849646957303056,45,0.012330551850626908
5479,0.012962922599063013,0.008554968435425667,42,-0.004407954163637345
5480,0.013989312993837452,0.0124782031641412,42,-0.001511109829696251
5481,-0.0007392360022760607,0.0003506517115708855,45,0.0010898877138469463
5482,-0.0121534215710063,-0.01349643776143223,45,-0.0013430161904259292
5483,-0.016930728816438936,-0.006641992352367111,46,0.010288736464071826
5484,0.0121809776634994,0.009525942800791306,47,-0.0026550348627080948
5485,-0.0032490209217841196,-0.005297000029413791,48,-0.002047979107629672
5486,-0.01218214731756755,-0.007505183065325945,50,0.004676964252241605
5487,0.013324311703323969,0.00778166877744122,56,-0.0055426429258827485
5488,0.008134440183637681,0.002651512234658665,60,-0.005482927948979016
5489,0.00030688457124529423,0.0033422442207971066,57,0.003035359649551812
5490,-0.008637928554761566,-0.004775948051030267,54,0.003861980503731299
5491,-0.012998547298999444,-0.0046911116332830575,60,0.008307435665716387
5492,-0.0020172612073643213,0.0009064623605268147,70,0.002923723567891136
5493,-0.004970281605856237,-0.002119292229214085,83,0.002850989376642152
5494,-0.0018005571627153908,-0.0008819135335738882,93,0.0009186436291415026
5495,-0.00611420376055588,-0.0010370494679990926,97,0.005077154292556787
5496,0.014096719844522567,0.004981520215872734,116,-0.009115199628649833
5497,-0.007889401161708514,0.0006933730966289356,141,0.00858277425833745
5498,0.006948770550464084,0.0009760864656612021,169,-0.0059726840848028815
5499,0.002049435216942712,-0.00045964932815296803,198,-0.0025090845450956804
5500,0.0001051620293784071,-0.0008796370920835945,201,-0.0009847991214620017
5501,-0.0026115689571776382,-0.0011167222152596494,212,0.0014948467419179888
5502,-0.014646093740883543,-0.006978291264830834,213,0.007667802476052709
5503,-0.002666171537694965,-0.001933588854803712,218,0.0007325826828912532
5504,-0.008033571459033337,-0.004444345909095498,221,0.003589225549937839
5505,0.011131932005859262,0.0037932619100588677,221,-0.007338670095800394
5506,-0.004885498271329766,-0.001762820010095865,221,0.003122678261233901
5507,-0.006119086857260129,-0.004001272355170008,222,0.002117814502090121
5508,0.02317841447648789,0.013971740946497042,227,-0.009206673529990847
5509,0.011664013808018864,0.00790042456346464,227,-0.0037635892445542253
5510,0.012892585998282786,0.00522344907265369,227,-0.007669136925629096
5511,0.002703508622955078,-1.5419846621101522e-05,232,-0.0027189284695761794
5512,0.0007173103531774225,-0.000870962328577097,233,-0.0015882726817545195
5513,-0.004379190245704436,-0.0029321395396685874,233,0.0014470507060358483
5514,-0.0022589225636289434,-0.0016940625698059174,233,0.0005648599938230261
5515,0.027663426111321686,0.006010132215890432,234,-0.021653293895431254
5516,0.009099205474201377,0.0062282924071663335,235,-0.0028709130670350434
5517,-0.003567956827869126,-0.0018830600641671583,237,0.0016848967637019675
5518,0.003810741270713893,0.003478031807000099,241,-0.00033270946371379397
5519,0.007585325125783265,0.0032353126627151377,240,-0.004350012463068128
5520,0.00567734191445491,0.0022144262576005444,241,-0.0034629156568543656
5521,0.005184205682970289,0.0037751735391894406,242,-0.001409032143780848
5522,-0.006437857338983957,-0.004537798450180536,244,0.001900058888803421
5523,-0.00895681243448877,-0.0055182621940937275,245,0.003438550240395042
5524,0.0016331944513328623,0.00041823262518872245,244,-0.0012149618261441397
5525,0.0014458189843838314,0.0012470335811092645,241,-0.00019878540327456689
5526,0.002311890250058129,0.002111782125564865,240,-0.00020010812449326428
5527,0.004836708506286345,0.004734117117412622,234,-0.00010259138887372312
5528,0.008166120351497351,0.003174805039478346,226,-0.004991315312019005
5529,-0.010842774718520765,-0.007579139853922889,224,0.0032636348645978756
5530,0.0037746668806277516,0.0033676746986222,224,-0.00040699218200555137
5531,-0.003828393186672295,-0.0015770469458287165,217,0.0022513462408435786
5532,-0.002717760859193306,-0.0020605961222109493,205,0.0006571647369823567
5533,-0.005459694592117461,-0.0030667413748523566,188,0.0023929532172651045
5534,-0.002339343532293205,-0.0010748729486222295,173,0.0012644705836709754
5535,0.0014568357798473031,0.0009740636207121354,167,-0.00048277215913516774
5536,0.007763619434687658,0.007440171009934189,148,-0.000323448424753469
5537,0.017415859894862464,0.013497895692598936,120,-0.003917964202263528
5538,0.004030534884661137,0.003651631960213032,90,-0.0003789029244481053
5539,0.0053115182514051566,-0.0005267306632632233,60,-0.00583824891466838
5540,-0.005728117509743379,-0.0047503399270191595,62,0.0009777775827242196
5541,0.0017510265231015386,0.004665674329448512,54,0.002914647806346973
5542,0.0008684648313038818,0.0008040697766540755,58,-6.439505464980635e-05
5543,0.004822097046781544,5.1514621283554884e-05,54,-0.004770582425497989
5544,0.0031326306530907776,0.002861828232036168,51,-0.0002708024210546097
5545,-0.006116342895231595,-0.003748230676379224,52,0.002368112218852371
5546,0.019354195644482,0.007706598012401819,52,-0.01164759763208018
5547,0.0010873254828631554,-0.0013881997353225681,51,-0.0024755252181857235
5548,0.009449655780781668,-0.0005989017801233098,48,-0.010048557560904978
5549,-0.02177686073835069,-0.010732287730506742,50,0.01104457300784395
5550,-0.016024129915913322,-0.005558070198777525,51,0.010466059717135798
5551,0.00021222210972178987,0.0033372142030854268,45,0.0031249920933636367
5552,-0.00812063830237243,-0.004668500010357287,43,0.0034521382920151434
5553,-0.006261245431126714,-0.005283856760798372,48,0.0009773886703283415
5554,-0.01477183390762952,-0.005750088690549697,56,0.009021745217079824
5555,0.009486864035656203,0.004037213283506296,58,-0.005449650752149907
5556,0.015032565944704092,0.007627898978002661,57,-0.007404666966701431
5557,-0.012228360048744486,-0.007905614244537437,58,0.004322745804207049
5558,-0.005385022822372184,-0.0007305448146631293,63,0.004654478007709055
5559,0.01640574864019597,0.0007568107188000806,75,-0.01564893792139589
5560,0.0048544003265763,0.0020581720377665746,82,-0.0027962282888097253
5561,-0.002840905283355882,-0.00030306420219443315,78,0.002537841081161449
5562,-0.0034940251760492203,-0.00017597220824612292,81,0.0033180529678030974
5563,-0.004573170051121666,-0.0009767252222929984,89,0.003596444828828667
5564,0.006781409115365817,0.0048197926680449005,102,-0.0019616164473209166
5565,-0.0031367394098593387,-0.0005201256836191268,105,0.002616613726240212
5566,-0.002606727201052256,-0.0010980329455277523,107,0.0015086942555245038
5567,-0.003750819486702031,-0.0007826902340717152,113,0.002968129252630316
5568,-0.004814551233609819,-0.0025386417415337635,121,0.0022759094920760557
5569,-0.009198429723621365,-0.0029893550284397783,130,0.006209074695181587
5570,0.011970932703053412,0.00642572508866327,132,-0.005545207614390143
5571,-0.0018403162844158009,-0.00032678707501295823,143,0.0015135292094028427
5572,0.004038960905677477,-0.000724474759326434,155,-0.004763435665003911
5573,-0.0050779168075517625,-0.0007596147988064249,181,0.004318302008745337
5574,0.00978880218320778,0.006628052813924021,192,-0.003160749369283759
5575,-0.01176004295199585,-0.005028502985238541,194,0.0067315399667573095
5576,0.00358933655254516,0.002253338776931304,197,-0.001335997775613856
5577,-0.004994112191202929,-0.0024358295437839138,202,0.002558282647419015
5578,-0.008734423056828762,-0.004458738598302864,208,0.004275684458525898
5579,0.0007884896324806362,0.00048287614201502027,212,-0.0003056134904656159
5580,-0.0019290674721103081,0.0015577607895021256,210,0.003486828261612434
5581,0.0029562917564149842,0.0022042119016358196,211,-0.0007520798547791647
5582,-0.008983633807299784,-0.005020050289133903,207,0.0039635835181658806
5583,0.0016134628959318365,-0.0005869797533344475,208,-0.002200442649266284
5584,-0.0010101308251770807,-0.0005050736611287025,211,0.0005050571640483781
5585,0.01117183486488115,0.005473761427735842,211,-0.0056980734371453075
5586,-0.00011315628746133097,0.0016268707931314536,213,0.0017400270805927845
5587,0.0069952473366456415,0.0038936038136703965,212,-0.003101643522975245
5588,-0.00787353753778737,-0.0027158594822784647,211,0.005157678055508905
5589,0.01841566977806514,0.009608995766416112,210,-0.008806674011649028
5590,0.0021627740415556787,0.0009678380808191406,209,-0.0011949359607365381
5591,0.006494162064705878,0.004210384609907574,209,-0.002283777454798304
5592,0.0024570917857081242,-0.00019421860780188607,212,-0.00265131039351001
5593,-0.012142017104435658,-0.0056765759550063515,208,0.006465441149429306
5594,-0.01226345769918804,-0.007539307711563178,201,0.004724149987624862
5595,0.00742460269230705,0.0036058016007583815,198,-0.0038188010915486685
5596,-0.0025626835984780745,-0.0019642731798592467,198,0.0005984104186188277
5597,0.0074825862650101235,0.00579663906823362,197,-0.0016859471967765032
5598,0.0024724447435429905,0.0008405984113712648,188,-0.0016318463321717256
5599,-0.0025253322777788593,-0.001230221213294256,177,0.0012951110644846033
5600,0.0012554376077459732,9.939234894738012e-05,169,-0.001156045258798593
5601,-0.002830016229297303,-0.001484889327030654,170,0.0013451269022666489
5602,-0.010081225923973423,-0.00559189967927701,166,0.004489326244696413
5603,0.015060754299564718,0.00992780938990506,156,-0.005132944909659657
5604,0.003942134108464602,0.0012026137313410038,143,-0.002739520377123598
5605,0.007759061676695451,0.0004905417834348391,140,-0.0072685198932606115
5606,0.013445778960952295,0.0062272370571310786,138,-0.007218541903821217
5607,0.008595553206276993,0.0031706415154749996,132,-0.005424911690801993
5608,0.00804125578138159,0.0036458358381206476,124,-0.004395419943260943
5609,-0.0034272788411833003,-0.0007250532294831987,115,0.0027022256117001015
5610,-0.00010874623397674971,-0.000826217443204981,115,-0.0007174712092282313
5611,-0.016329190895098513,-0.005551486922429746,107,0.010777703972668768
5612,-0.0011644231392870846,0.0006616842281812899,102,0.0018261073674683745
5613,-0.005448137512810029,0.0007151095451639153,80,0.006163247057973944
5614,-0.0012493398561665282,-0.0043805112195655655,70,-0.0031311713633990373
5615,-0.007320860147102151,-0.006742722552139062,75,0.0005781375949630886
5616,0.0007701911292424605,0.002930472963177577,86,0.0021602818339351167
5617,0.013062353079080474,0.004650697422324185,101,-0.008411655656756289
5618,-0.002464090976305056,-0.0021388543918334987,101,0.0003252365844715571
5619,0.007273071153835504,0.0048945006545124455,98,-0.0023785704993230586
5620,-0.005120805926338489,-0.004575012411461444,116,0.0005457935148770457
5621,-0.00870068628669886,-0.003753209451741834,140,0.004947476834957026
5622,0.005667506770252404,0.0038323553860575457,169,-0.001835151384194858
5623,-0.00026830814733373287,0.00042722271398939083,188,0.0006955308613231237
5624,-0.011363492230915727,-0.007846859360457294,188,0.003516632870458433
5625,-0.007267139052484197,-0.001800594396714597,199,0.0054665446557696
5626,-0.003430356679207038,2.738407289367908e-05,203,0.003457740752100717
5627,-0.006383410618541427,-0.0035389505740869628,210,0.0028444600444544645
5628,-0.00391975048655272,-0.0027460383000662914,210,0.0011737121864864282
5629,-0.006228460674332928,-0.0035693068129245414,211,0.0026591538614083865
5630,0.01353145184742415,0.005607355613133054,212,-0.007924096234291095
5631,0.006052342068977762,0.003511046381960804,215,-0.0025412956870169584
5632,0.008899880233238356,0.00850462529590151,214,-0.0003952549373368464
5633,0.010902049570083252,0.0062190932983595855,215,-0.004682956271723666
5634,0.0004233222898839674,-0.0009992107428484925,214,-0.0014225330327324599
5635,0.005223998368119571,0.003599694222307894,216,-0.001624304145811677
5636,-0.005615708475998688,-0.003369106693967247,222,0.002246601782031441
5637,0.004045872804521571,0.004071369472100869,225,2.5496667579298117e-05
5638,-0.001833632025576047,0.002248218211053668,223,0.0040818502366297155
5639,-0.005291243559066903,-0.002936224058633647,223,0.0023550195004332563
5640,0.012299394017438403,0.008226823374550007,223,-0.004072570642888396
5641,-0.011776916431963979,-0.01094795734676855,222,0.0008289590851954277
5642,0.0043169828830324775,0.0030817722589852625,221,-0.001235210624047215
5643,0.006263369121803753,0.0010627014420178872,221,-0.005200667679785866
5644,0.003210562189981883,-0.00031172802575471877,222,-0.0035222902157366017
5645,0.015862114500373854,0.011737564675328379,224,-0.004124549825045475
5646,0.0014470920016728156,-0.00044035583613558923,224,-0.001887447837808405
5647,-0.009437854645539579,-0.006202211287599776,223,0.0032356433579398035
5648,-0.006199640718053643,-0.004326003673900343,223,0.0018736370441533
5649,0.005890603583423053,0.003983217033782698,223,-0.0019073865496403554
5650,0.01514592584416959,0.009767668076866548,221,-0.005378257767303041
5651,0.0017471151106830305,0.002340433893468509,218,0.0005933187827854786
5652,0.005536111636574366,0.0019053617814793497,211,-0.0036307498550950165
5653,0.005549831913915865,0.00021935811693600237,207,-0.005330473796979862
5654,0.00679145887339792,0.0034825478593583517,206,-0.0033089110140395684
5655,0.022404065032296878,0.013443303563892782,199,-0.008960761468404096
5656,-0.007216457321487513,-0.0019911835328380936,185,0.005225273788649419
5657,-0.003290566136751857,-0.0013616319062995355,165,0.0019289342304523217
5658,-0.002229394663536558,-0.0028885531453358084,159,-0.0006591584817992502
5659,-0.014045825112873575,-0.01139824128553157,158,0.002647583827342004
5660,-0.004422208921596883,-0.0010411136281209933,137,0.00338109529347589
5661,-0.011088427937205145,-0.011037853842675787,110,5.057409452935771e-05
5662,-0.002995878760936735,0.0003934387220445479,80,0.0033893174829812828
5663,0.010786727508539434,0.008396838762327634,59,-0.0023898887462118004
5664,-0.013081724325434982,-0.010157920692604445,56,0.002923803632830537
5665,-0.0010375547400359327,0.0024590188746560823,44,0.003496573614692015
5666,0.009026588258224976,0.005621752128878151,38,-0.0034048361293468254
5667,-0.010914958485997944,-0.00460584492382532,31,0.006309113562172624
5668,0.00016220033684525662,-0.0017510341916174214,30,-0.0019132345284626781
5669,0.010391358098003754,0.0037607935191079594,27,-0.006630564578895794
5670,-0.0013191422151529208,0.0010924408831402,26,0.0024115830982931207
5671,-0.004222839393695446,-0.009125916738796615,23,-0.0049030773451011695
5672,-0.0006754315878788873,-0.003457741892507862,21,-0.002782310304628975
5673,-0.001154270733143956,-0.008501070911044484,19,-0.007346800177900528
5674,0.007525270448613818,0.00615859189336454,19,-0.0013666785552492776
5675,0.020479337411031043,0.02158948961618595,17,0.0011101522051549066
5676,0.0021460650690095858,-0.0002823810172047005,11,-0.0024284460862142865
